mass_GeV,photon_lifetime_index,photon_ctau_m,photon_N_events,su2_lifetime_index,su2_ctau_m,su2_N_events,D_TV
0.9,0,9.000000000000002,39.25782455572013,0,9.000000000000002,3023.1133507487743,0.6133830507228604
0.9,0,9.000000000000002,39.25782455572013,1,10.478624812597394,2256.4841921366356,0.6116947101431377
0.9,0,9.000000000000002,39.25782455572013,2,12.200175329242407,1682.9208087228392,0.6094332538599726
0.9,0,9.000000000000002,39.25782455572013,3,14.204562213670894,1252.7477657304228,0.6091097024195258
0.9,0,9.000000000000002,39.25782455572013,4,16.538253118250562,931.5676298060088,0.6076827655800361
0.9,0,9.000000000000002,39.25782455572013,5,19.255349942435167,691.1198418409863,0.607445211768247
0.9,0,9.000000000000002,39.25782455572013,6,22.418843075782977,513.1040367630078,0.6066353407617734
0.9,0,9.000000000000002,39.25782455572013,7,26.10207170262519,380.29200920295216,0.6061729229798779
0.9,0,9.000000000000002,39.25782455572013,8,30.390424022591617,281.4734672834599,0.6058528175304104
0.9,0,9.000000000000002,39.25782455572013,9,35.3833168031649,208.20262152988207,0.6055566411821786
0.9,0,9.000000000000002,39.25782455572013,10,41.196500156181976,154.51217729891562,0.6040861554281873
0.9,0,9.000000000000002,39.25782455572013,11,47.96474096986008,113.96917494776794,0.6051802489460036
0.9,0,9.000000000000002,39.25782455572013,12,55.844947206286946,84.43135317572603,0.6033690260210395
0.9,0,9.000000000000002,39.25782455572013,13,65.0198054948877,62.34764655197059,0.6044766788518123
0.9,0,9.000000000000002,39.25782455572013,14,75.70201635210961,46.12612801526528,0.6035274023906769
0.9,0,9.000000000000002,39.25782455572013,15,88.1392252123188,34.05301915071202,0.6034890475704315
0.9,0,9.000000000000002,39.25782455572013,16,102.61976358587921,25.161975712536425,0.6030138031558426
0.9,0,9.000000000000002,39.25782455572013,17,119.47933344154129,18.57422983270011,0.6033013105555198
0.9,0,9.000000000000002,39.25782455572013,18,139.10878977701455,13.716768501480493,0.6027599650324473
0.9,0,9.000000000000002,39.25782455572013,19,161.9632018008689,10.116245315680912,0.6028053681864636
0.9,1,9.359318126242535,36.58223315657648,0,9.000000000000002,3023.1133507487743,0.6147021621456722
0.9,1,9.359318126242535,36.58223315657648,1,10.478624812597394,2256.4841921366356,0.6130138215659493
0.9,1,9.359318126242535,36.58223315657648,2,12.200175329242407,1682.9208087228392,0.6107523652827843
0.9,1,9.359318126242535,36.58223315657648,3,14.204562213670894,1252.7477657304228,0.6104288138423374
0.9,1,9.359318126242535,36.58223315657648,4,16.538253118250562,931.5676298060088,0.6090018770028478
0.9,1,9.359318126242535,36.58223315657648,5,19.255349942435167,691.1198418409863,0.6087643231910586
0.9,1,9.359318126242535,36.58223315657648,6,22.418843075782977,513.1040367630078,0.6079544521845851
0.9,1,9.359318126242535,36.58223315657648,7,26.10207170262519,380.29200920295216,0.6074920344026896
0.9,1,9.359318126242535,36.58223315657648,8,30.390424022591617,281.4734672834599,0.6071719289532221
0.9,1,9.359318126242535,36.58223315657648,9,35.3833168031649,208.20262152988207,0.6068757526049902
0.9,1,9.359318126242535,36.58223315657648,10,41.196500156181976,154.51217729891562,0.605405266850999
0.9,1,9.359318126242535,36.58223315657648,11,47.96474096986008,113.96917494776794,0.6064993603688152
0.9,1,9.359318126242535,36.58223315657648,12,55.844947206286946,84.43135317572603,0.6046881374438512
0.9,1,9.359318126242535,36.58223315657648,13,65.0198054948877,62.34764655197059,0.605795790274624
0.9,1,9.359318126242535,36.58223315657648,14,75.70201635210961,46.12612801526528,0.6048465138134888
0.9,1,9.359318126242535,36.58223315657648,15,88.1392252123188,34.05301915071202,0.6048081589932431
0.9,1,9.359318126242535,36.58223315657648,16,102.61976358587921,25.161975712536425,0.6043329145786543
0.9,1,9.359318126242535,36.58223315657648,17,119.47933344154129,18.57422983270011,0.6046204219783314
0.9,1,9.359318126242535,36.58223315657648,18,139.10878977701455,13.716768501480493,0.6040790764552592
0.9,1,9.359318126242535,36.58223315657648,19,161.9632018008689,10.116245315680912,0.6041244796092752
0.9,2,9.732981754245785,34.13175365792613,0,9.000000000000002,3023.1133507487743,0.6161439021757835
0.9,2,9.732981754245785,34.13175365792613,1,10.478624812597394,2256.4841921366356,0.6144555615960609
0.9,2,9.732981754245785,34.13175365792613,2,12.200175329242407,1682.9208087228392,0.6121941053128958
0.9,2,9.732981754245785,34.13175365792613,3,14.204562213670894,1252.7477657304228,0.6118705538724488
0.9,2,9.732981754245785,34.13175365792613,4,16.538253118250562,931.5676298060088,0.6104436170329591
0.9,2,9.732981754245785,34.13175365792613,5,19.255349942435167,691.1198418409863,0.6102060632211701
0.9,2,9.732981754245785,34.13175365792613,6,22.418843075782977,513.1040367630078,0.6093961922146965
0.9,2,9.732981754245785,34.13175365792613,7,26.10207170262519,380.29200920295216,0.6089337744328013
0.9,2,9.732981754245785,34.13175365792613,8,30.390424022591617,281.4734672834599,0.6086136689833336
0.9,2,9.732981754245785,34.13175365792613,9,35.3833168031649,208.20262152988207,0.6083174926351016
0.9,2,9.732981754245785,34.13175365792613,10,41.196500156181976,154.51217729891562,0.6068470068811105
0.9,2,9.732981754245785,34.13175365792613,11,47.96474096986008,113.96917494776794,0.6079411003989268
0.9,2,9.732981754245785,34.13175365792613,12,55.844947206286946,84.43135317572603,0.6061298774739627
0.9,2,9.732981754245785,34.13175365792613,13,65.0198054948877,62.34764655197059,0.6072375303047355
0.9,2,9.732981754245785,34.13175365792613,14,75.70201635210961,46.12612801526528,0.6062882538436002
0.9,2,9.732981754245785,34.13175365792613,15,88.1392252123188,34.05301915071202,0.6062498990233547
0.9,2,9.732981754245785,34.13175365792613,16,102.61976358587921,25.161975712536425,0.6057746546087658
0.9,2,9.732981754245785,34.13175365792613,17,119.47933344154129,18.57422983270011,0.606062162008443
0.9,2,9.732981754245785,34.13175365792613,18,139.10878977701455,13.716768501480493,0.6055208164853707
0.9,2,9.732981754245785,34.13175365792613,19,161.9632018008689,10.116245315680912,0.6055662196393867
0.9,3,10.121563617211155,31.78146493797317,0,9.000000000000002,3023.1133507487743,0.6171926920977608
0.9,3,10.121563617211155,31.78146493797317,1,10.478624812597394,2256.4841921366356,0.6155043515180382
0.9,3,10.121563617211155,31.78146493797317,2,12.200175329242407,1682.9208087228392,0.613242895234873
0.9,3,10.121563617211155,31.78146493797317,3,14.204562213670894,1252.7477657304228,0.6129193437944261
0.9,3,10.121563617211155,31.78146493797317,4,16.538253118250562,931.5676298060088,0.6114924069549365
0.9,3,10.121563617211155,31.78146493797317,5,19.255349942435167,691.1198418409863,0.6112548531431475
0.9,3,10.121563617211155,31.78146493797317,6,22.418843075782977,513.1040367630078,0.6104449821366738
0.9,3,10.121563617211155,31.78146493797317,7,26.10207170262519,380.29200920295216,0.6099825643547784
0.9,3,10.121563617211155,31.78146493797317,8,30.390424022591617,281.4734672834599,0.6096624589053109
0.9,3,10.121563617211155,31.78146493797317,9,35.3833168031649,208.20262152988207,0.609366282557079
0.9,3,10.121563617211155,31.78146493797317,10,41.196500156181976,154.51217729891562,0.6078957968030878
0.9,3,10.121563617211155,31.78146493797317,11,47.96474096986008,113.96917494776794,0.6089898903209041
0.9,3,10.121563617211155,31.78146493797317,12,55.844947206286946,84.43135317572603,0.60717866739594
0.9,3,10.121563617211155,31.78146493797317,13,65.0198054948877,62.34764655197059,0.6082863202267128
0.9,3,10.121563617211155,31.78146493797317,14,75.70201635210961,46.12612801526528,0.6073370437655775
0.9,3,10.121563617211155,31.78146493797317,15,88.1392252123188,34.05301915071202,0.6072986889453319
0.9,3,10.121563617211155,31.78146493797317,16,102.61976358587921,25.161975712536425,0.6068234445307432
0.9,3,10.121563617211155,31.78146493797317,17,119.47933344154129,18.57422983270011,0.6071109519304204
0.9,3,10.121563617211155,31.78146493797317,18,139.10878977701455,13.716768501480493,0.6065696064073478
0.9,3,10.121563617211155,31.78146493797317,19,161.9632018008689,10.116245315680912,0.606615009561364
0.9,4,10.525659314275703,29.601942808266962,0,9.000000000000002,3023.1133507487743,0.6180159330274065
0.9,4,10.525659314275703,29.601942808266962,1,10.478624812597394,2256.4841921366356,0.6163275924476838
0.9,4,10.525659314275703,29.601942808266962,2,12.200175329242407,1682.9208087228392,0.6140661361645186
0.9,4,10.525659314275703,29.601942808266962,3,14.204562213670894,1252.7477657304228,0.6137425847240716
0.9,4,10.525659314275703,29.601942808266962,4,16.538253118250562,931.5676298060088,0.612315647884582
0.9,4,10.525659314275703,29.601942808266962,5,19.255349942435167,691.1198418409863,0.6120780940727929
0.9,4,10.525659314275703,29.601942808266962,6,22.418843075782977,513.1040367630078,0.6112682230663193
0.9,4,10.525659314275703,29.601942808266962,7,26.10207170262519,380.29200920295216,0.6108058052844239
0.9,4,10.525659314275703,29.601942808266962,8,30.390424022591617,281.4734672834599,0.6104856998349565
0.9,4,10.525659314275703,29.601942808266962,9,35.3833168031649,208.20262152988207,0.6101895234867244
0.9,4,10.525659314275703,29.601942808266962,10,41.196500156181976,154.51217729891562,0.6087190377327334
0.9,4,10.525659314275703,29.601942808266962,11,47.96474096986008,113.96917494776794,0.6098131312505497
0.9,4,10.525659314275703,29.601942808266962,12,55.844947206286946,84.43135317572603,0.6080019083255855
0.9,4,10.525659314275703,29.601942808266962,13,65.0198054948877,62.34764655197059,0.6091095611563584
0.9,4,10.525659314275703,29.601942808266962,14,75.70201635210961,46.12612801526528,0.608160284695223
0.9,4,10.525659314275703,29.601942808266962,15,88.1392252123188,34.05301915071202,0.6081219298749776
0.9,4,10.525659314275703,29.601942808266962,16,102.61976358587921,25.161975712536425,0.6076466854603887
0.9,4,10.525659314275703,29.601942808266962,17,119.47933344154129,18.57422983270011,0.607934192860066
0.9,4,10.525659314275703,29.601942808266962,18,139.10878977701455,13.716768501480493,0.6073928473369934
0.9,4,10.525659314275703,29.601942808266962,19,161.9632018008689,10.116245315680912,0.6074382504910095
0.9,5,10.945888223417125,27.61234571264365,0,9.000000000000002,3023.1133507487743,0.6194596435478456
0.9,5,10.945888223417125,27.61234571264365,1,10.478624812597394,2256.4841921366356,0.617771302968123
0.9,5,10.945888223417125,27.61234571264365,2,12.200175329242407,1682.9208087228392,0.6155098466849579
0.9,5,10.945888223417125,27.61234571264365,3,14.204562213670894,1252.7477657304228,0.6151862952445109
0.9,5,10.945888223417125,27.61234571264365,4,16.538253118250562,931.5676298060088,0.6137593584050213
0.9,5,10.945888223417125,27.61234571264365,5,19.255349942435167,691.1198418409863,0.6135218045932321
0.9,5,10.945888223417125,27.61234571264365,6,22.418843075782977,513.1040367630078,0.6127119335867586
0.9,5,10.945888223417125,27.61234571264365,7,26.10207170262519,380.29200920295216,0.6122495158048632
0.9,5,10.945888223417125,27.61234571264365,8,30.390424022591617,281.4734672834599,0.6119294103553957
0.9,5,10.945888223417125,27.61234571264365,9,35.3833168031649,208.20262152988207,0.6116332340071637
0.9,5,10.945888223417125,27.61234571264365,10,41.196500156181976,154.51217729891562,0.6101627482531726
0.9,5,10.945888223417125,27.61234571264365,11,47.96474096986008,113.96917494776794,0.6112568417709888
0.9,5,10.945888223417125,27.61234571264365,12,55.844947206286946,84.43135317572603,0.6094456188460247
0.9,5,10.945888223417125,27.61234571264365,13,65.0198054948877,62.34764655197059,0.6105532716767976
0.9,5,10.945888223417125,27.61234571264365,14,75.70201635210961,46.12612801526528,0.6096039952156622
0.9,5,10.945888223417125,27.61234571264365,15,88.1392252123188,34.05301915071202,0.6095656403954167
0.9,5,10.945888223417125,27.61234571264365,16,102.61976358587921,25.161975712536425,0.6090903959808279
0.9,5,10.945888223417125,27.61234571264365,17,119.47933344154129,18.57422983270011,0.609377903380505
0.9,5,10.945888223417125,27.61234571264365,18,139.10878977701455,13.716768501480493,0.6088365578574325
0.9,5,10.945888223417125,27.61234571264365,19,161.9632018008689,10.116245315680912,0.6088819610114489
0.9,6,11.382894450805844,25.750810963348847,0,9.000000000000002,3023.1133507487743,0.6206403216016966
0.9,6,11.382894450805844,25.750810963348847,1,10.478624812597394,2256.4841921366356,0.6189479436127938
0.9,6,11.382894450805844,25.750810963348847,2,12.200175329242407,1682.9208087228392,0.6166864873296288
0.9,6,11.382894450805844,25.750810963348847,3,14.204562213670894,1252.7477657304228,0.6163629358891817
0.9,6,11.382894450805844,25.750810963348847,4,16.538253118250562,931.5676298060088,0.6149359990496921
0.9,6,11.382894450805844,25.750810963348847,5,19.255349942435167,691.1198418409863,0.6146984452379032
0.9,6,11.382894450805844,25.750810963348847,6,22.418843075782977,513.1040367630078,0.6138885742314294
0.9,6,11.382894450805844,25.750810963348847,7,26.10207170262519,380.29200920295216,0.613426156449534
0.9,6,11.382894450805844,25.750810963348847,8,30.390424022591617,281.4734672834599,0.6131060510000665
0.9,6,11.382894450805844,25.750810963348847,9,35.3833168031649,208.20262152988207,0.6128098746518349
0.9,6,11.382894450805844,25.750810963348847,10,41.196500156181976,154.51217729891562,0.6113393888978436
0.9,6,11.382894450805844,25.750810963348847,11,47.96474096986008,113.96917494776794,0.6124334824156598
0.9,6,11.382894450805844,25.750810963348847,12,55.844947206286946,84.43135317572603,0.6106222594906957
0.9,6,11.382894450805844,25.750810963348847,13,65.0198054948877,62.34764655197059,0.6117299123214687
0.9,6,11.382894450805844,25.750810963348847,14,75.70201635210961,46.12612801526528,0.610780635860333
0.9,6,11.382894450805844,25.750810963348847,15,88.1392252123188,34.05301915071202,0.6107422810400877
0.9,6,11.382894450805844,25.750810963348847,16,102.61976358587921,25.161975712536425,0.6102670366254987
0.9,6,11.382894450805844,25.750810963348847,17,119.47933344154129,18.57422983270011,0.6105545440251758
0.9,6,11.382894450805844,25.750810963348847,18,139.10878977701455,13.716768501480493,0.6100131985021034
0.9,6,11.382894450805844,25.750810963348847,19,161.9632018008689,10.116245315680912,0.6100586016561197
0.9,7,11.837347818059184,23.986252589409048,0,9.000000000000002,3023.1133507487743,0.6216855145060493
0.9,7,11.837347818059184,23.986252589409048,1,10.478624812597394,2256.4841921366356,0.6199892038845906
0.9,7,11.837347818059184,23.986252589409048,2,12.200175329242407,1682.9208087228392,0.6177277476014252
0.9,7,11.837347818059184,23.986252589409048,3,14.204562213670894,1252.7477657304228,0.6174041961609782
0.9,7,11.837347818059184,23.986252589409048,4,16.538253118250562,931.5676298060088,0.6159772593214887
0.9,7,11.837347818059184,23.986252589409048,5,19.255349942435167,691.1198418409863,0.6157397055096996
0.9,7,11.837347818059184,23.986252589409048,6,22.418843075782977,513.1040367630078,0.6149298345032259
0.9,7,11.837347818059184,23.986252589409048,7,26.10207170262519,380.29200920295216,0.6144674167213305
0.9,7,11.837347818059184,23.986252589409048,8,30.390424022591617,281.4734672834599,0.614147311271863
0.9,7,11.837347818059184,23.986252589409048,9,35.3833168031649,208.20262152988207,0.6138511349236312
0.9,7,11.837347818059184,23.986252589409048,10,41.196500156181976,154.51217729891562,0.6123806491696399
0.9,7,11.837347818059184,23.986252589409048,11,47.96474096986008,113.96917494776794,0.6134747426874564
0.9,7,11.837347818059184,23.986252589409048,12,55.844947206286946,84.43135317572603,0.611663519762492
0.9,7,11.837347818059184,23.986252589409048,13,65.0198054948877,62.34764655197059,0.612771172593265
0.9,7,11.837347818059184,23.986252589409048,14,75.70201635210961,46.12612801526528,0.6118218961321297
0.9,7,11.837347818059184,23.986252589409048,15,88.1392252123188,34.05301915071202,0.6117835413118841
0.9,7,11.837347818059184,23.986252589409048,16,102.61976358587921,25.161975712536425,0.6113082968972953
0.9,7,11.837347818059184,23.986252589409048,17,119.47933344154129,18.57422983270011,0.6115958042969726
0.9,7,11.837347818059184,23.986252589409048,18,139.10878977701455,13.716768501480493,0.6110544587739
0.9,7,11.837347818059184,23.986252589409048,19,161.9632018008689,10.116245315680912,0.6110998619279163
0.9,8,12.309944888910984,22.318978813948316,0,9.000000000000002,3023.1133507487743,0.6226459951739612
0.9,8,12.309944888910984,22.318978813948316,1,10.478624812597394,2256.4841921366356,0.6209469328527004
0.9,8,12.309944888910984,22.318978813948316,2,12.200175329242407,1682.9208087228392,0.6186831722919076
0.9,8,12.309944888910984,22.318978813948316,3,14.204562213670894,1252.7477657304228,0.6183596208514605
0.9,8,12.309944888910984,22.318978813948316,4,16.538253118250562,931.5676298060088,0.616932684011971
0.9,8,12.309944888910984,22.318978813948316,5,19.255349942435167,691.1198418409863,0.616695130200182
0.9,8,12.309944888910984,22.318978813948316,6,22.418843075782977,513.1040367630078,0.6158852591937084
0.9,8,12.309944888910984,22.318978813948316,7,26.10207170262519,380.29200920295216,0.6154228414118129
0.9,8,12.309944888910984,22.318978813948316,8,30.390424022591617,281.4734672834599,0.6151027359623452
0.9,8,12.309944888910984,22.318978813948316,9,35.3833168031649,208.20262152988207,0.6148065596141136
0.9,8,12.309944888910984,22.318978813948316,10,41.196500156181976,154.51217729891562,0.6133360738601222
0.9,8,12.309944888910984,22.318978813948316,11,47.96474096986008,113.96917494776794,0.6144301673779385
0.9,8,12.309944888910984,22.318978813948316,12,55.844947206286946,84.43135317572603,0.6126189444529745
0.9,8,12.309944888910984,22.318978813948316,13,65.0198054948877,62.34764655197059,0.6137265972837472
0.9,8,12.309944888910984,22.318978813948316,14,75.70201635210961,46.12612801526528,0.612777320822612
0.9,8,12.309944888910984,22.318978813948316,15,88.1392252123188,34.05301915071202,0.6127389660023664
0.9,8,12.309944888910984,22.318978813948316,16,102.61976358587921,25.161975712536425,0.6122637215877776
0.9,8,12.309944888910984,22.318978813948316,17,119.47933344154129,18.57422983270011,0.6125512289874546
0.9,8,12.309944888910984,22.318978813948316,18,139.10878977701455,13.716768501480493,0.6120098834643821
0.9,8,12.309944888910984,22.318978813948316,19,161.9632018008689,10.116245315680912,0.6120552866183986
0.9,9,12.801410036870129,20.760892066240913,0,9.000000000000002,3023.1133507487743,0.6238202552679629
0.9,9,12.801410036870129,20.760892066240913,1,10.478624812597394,2256.4841921366356,0.622121192946702
0.9,9,12.801410036870129,20.760892066240913,2,12.200175329242407,1682.9208087228392,0.6198523712509451
0.9,9,12.801410036870129,20.760892066240913,3,14.204562213670894,1252.7477657304228,0.6195288198104982
0.9,9,12.801410036870129,20.760892066240913,4,16.538253118250562,931.5676298060088,0.6181018829710085
0.9,9,12.801410036870129,20.760892066240913,5,19.255349942435167,691.1198418409863,0.6178643291592195
0.9,9,12.801410036870129,20.760892066240913,6,22.418843075782977,513.1040367630078,0.6170544581527458
0.9,9,12.801410036870129,20.760892066240913,7,26.10207170262519,380.29200920295216,0.6165920403708505
0.9,9,12.801410036870129,20.760892066240913,8,30.390424022591617,281.4734672834599,0.6162719349213829
0.9,9,12.801410036870129,20.760892066240913,9,35.3833168031649,208.20262152988207,0.615975758573151
0.9,9,12.801410036870129,20.760892066240913,10,41.196500156181976,154.51217729891562,0.6145052728191597
0.9,9,12.801410036870129,20.760892066240913,11,47.96474096986008,113.96917494776794,0.6155993663369761
0.9,9,12.801410036870129,20.760892066240913,12,55.844947206286946,84.43135317572603,0.613788143412012
0.9,9,12.801410036870129,20.760892066240913,13,65.0198054948877,62.34764655197059,0.6148957962427848
0.9,9,12.801410036870129,20.760892066240913,14,75.70201635210961,46.12612801526528,0.6139465197816494
0.9,9,12.801410036870129,20.760892066240913,15,88.1392252123188,34.05301915071202,0.6139081649614039
0.9,9,12.801410036870129,20.760892066240913,16,102.61976358587921,25.161975712536425,0.6134329205468152
0.9,9,12.801410036870129,20.760892066240913,17,119.47933344154129,18.57422983270011,0.6137204279464923
0.9,9,12.801410036870129,20.760892066240913,18,139.10878977701455,13.716768501480493,0.6131790824234199
0.9,9,12.801410036870129,20.760892066240913,19,161.9632018008689,10.116245315680912,0.6132244855774361
0.9,10,13.312496555504637,19.32326114567723,0,9.000000000000002,3023.1133507487743,0.6246658601164841
0.9,10,13.312496555504637,19.32326114567723,1,10.478624812597394,2256.4841921366356,0.622966797795223
0.9,10,13.312496555504637,19.32326114567723,2,12.200175329242407,1682.9208087228392,0.6206944183680196
0.9,10,13.312496555504637,19.32326114567723,3,14.204562213670894,1252.7477657304228,0.620371125536107
0.9,10,13.312496555504637,19.32326114567723,4,16.538253118250562,931.5676298060088,0.6189433201636724
0.9,10,13.312496555504637,19.32326114567723,5,19.255349942435167,691.1198418409863,0.6187057663518832
0.9,10,13.312496555504637,19.32326114567723,6,22.418843075782977,513.1040367630078,0.6178958953454097
0.9,10,13.312496555504637,19.32326114567723,7,26.10207170262519,380.29200920295216,0.6174334775635144
0.9,10,13.312496555504637,19.32326114567723,8,30.390424022591617,281.4734672834599,0.6171133721140467
0.9,10,13.312496555504637,19.32326114567723,9,35.3833168031649,208.20262152988207,0.6168171957658151
0.9,10,13.312496555504637,19.32326114567723,10,41.196500156181976,154.51217729891562,0.6153467100118237
0.9,10,13.312496555504637,19.32326114567723,11,47.96474096986008,113.96917494776794,0.6164408035296399
0.9,10,13.312496555504637,19.32326114567723,12,55.844947206286946,84.43135317572603,0.614629580604676
0.9,10,13.312496555504637,19.32326114567723,13,65.0198054948877,62.34764655197059,0.6157372334354487
0.9,10,13.312496555504637,19.32326114567723,14,75.70201635210961,46.12612801526528,0.6147879569743133
0.9,10,13.312496555504637,19.32326114567723,15,88.1392252123188,34.05301915071202,0.6147496021540677
0.9,10,13.312496555504637,19.32326114567723,16,102.61976358587921,25.161975712536425,0.614274357739479
0.9,10,13.312496555504637,19.32326114567723,17,119.47933344154129,18.57422983270011,0.6145618651391561
0.9,10,13.312496555504637,19.32326114567723,18,139.10878977701455,13.716768501480493,0.6140205196160837
0.9,10,13.312496555504637,19.32326114567723,19,161.9632018008689,10.116245315680912,0.6140659227700999
0.9,11,13.843987813052868,17.982968012141697,0,9.000000000000002,3023.1133507487743,0.6255317531916742
0.9,11,13.843987813052868,17.982968012141697,1,10.478624812597394,2256.4841921366356,0.6238326908704134
0.9,11,13.843987813052868,17.982968012141697,2,12.200175329242407,1682.9208087228392,0.6215603114432099
0.9,11,13.843987813052868,17.982968012141697,3,14.204562213670894,1252.7477657304228,0.6212370186112972
0.9,11,13.843987813052868,17.982968012141697,4,16.538253118250562,931.5676298060088,0.6198057414650265
0.9,11,13.843987813052868,17.982968012141697,5,19.255349942435167,691.1198418409863,0.619565816434051
0.9,11,13.843987813052868,17.982968012141697,6,22.418843075782977,513.1040367630078,0.6187555526226064
0.9,11,13.843987813052868,17.982968012141697,7,26.10207170262519,380.29200920295216,0.6182931348407111
0.9,11,13.843987813052868,17.982968012141697,8,30.390424022591617,281.4734672834599,0.6179730293912437
0.9,11,13.843987813052868,17.982968012141697,9,35.3833168031649,208.20262152988207,0.6176768530430118
0.9,11,13.843987813052868,17.982968012141697,10,41.196500156181976,154.51217729891562,0.6162063672890205
0.9,11,13.843987813052868,17.982968012141697,11,47.96474096986008,113.96917494776794,0.6173004608068369
0.9,11,13.843987813052868,17.982968012141697,12,55.844947206286946,84.43135317572603,0.6154892378818727
0.9,11,13.843987813052868,17.982968012141697,13,65.0198054948877,62.34764655197059,0.6165968907126456
0.9,11,13.843987813052868,17.982968012141697,14,75.70201635210961,46.12612801526528,0.6156694279713973
0.9,11,13.843987813052868,17.982968012141697,15,88.1392252123188,34.05301915071202,0.6156092594312648
0.9,11,13.843987813052868,17.982968012141697,16,102.61976358587921,25.161975712536425,0.6151340150166759
0.9,11,13.843987813052868,17.982968012141697,17,119.47933344154129,18.57422983270011,0.6154215224163531
0.9,11,13.843987813052868,17.982968012141697,18,139.10878977701455,13.716768501480493,0.6148801768932806
0.9,11,13.843987813052868,17.982968012141697,19,161.9632018008689,10.116245315680912,0.6149255800472969
0.9,12,14.39669845313183,16.741207729694665,0,9.000000000000002,3023.1133507487743,0.6267232097548201
0.9,12,14.39669845313183,16.741207729694665,1,10.478624812597394,2256.4841921366356,0.6250241474335589
0.9,12,14.39669845313183,16.741207729694665,2,12.200175329242407,1682.9208087228392,0.6227517680063556
0.9,12,14.39669845313183,16.741207729694665,3,14.204562213670894,1252.7477657304228,0.6224284751744429
0.9,12,14.39669845313183,16.741207729694665,4,16.538253118250562,931.5676298060088,0.6209971980281723
0.9,12,14.39669845313183,16.741207729694665,5,19.255349942435167,691.1198418409863,0.6207572729971966
0.9,12,14.39669845313183,16.741207729694665,6,22.418843075782977,513.1040367630078,0.6199432012212112
0.9,12,14.39669845313183,16.741207729694665,7,26.10207170262519,380.29200920295216,0.619479165338459
0.9,12,14.39669845313183,16.741207729694665,8,30.390424022591617,281.4734672834599,0.6191590598889914
0.9,12,14.39669845313183,16.741207729694665,9,35.3833168031649,208.20262152988207,0.6188628835407597
0.9,12,14.39669845313183,16.741207729694665,10,41.196500156181976,154.51217729891562,0.6173923977867682
0.9,12,14.39669845313183,16.741207729694665,11,47.96474096986008,113.96917494776794,0.6184864913045847
0.9,12,14.39669845313183,16.741207729694665,12,55.844947206286946,84.43135317572603,0.6166752683796206
0.9,12,14.39669845313183,16.741207729694665,13,65.0198054948877,62.34764655197059,0.6177829212103935
0.9,12,14.39669845313183,16.741207729694665,14,75.70201635210961,46.12612801526528,0.6171185031716216
0.9,12,14.39669845313183,16.741207729694665,15,88.1392252123188,34.05301915071202,0.6168390036050915
0.9,12,14.39669845313183,16.741207729694665,16,102.61976358587921,25.161975712536425,0.6163200455144239
0.9,12,14.39669845313183,16.741207729694665,17,119.47933344154129,18.57422983270011,0.6166120982897663
0.9,12,14.39669845313183,16.741207729694665,18,139.10878977701455,13.716768501480493,0.6162226126597767
0.9,12,14.39669845313183,16.741207729694665,19,161.9632018008689,10.116245315680912,0.6161116105450447
0.9,13,14.971475643382725,15.5567566072604,0,9.000000000000002,3023.1133507487743,0.6272920117050423
0.9,13,14.971475643382725,15.5567566072604,1,10.478624812597394,2256.4841921366356,0.6255929493837812
0.9,13,14.971475643382725,15.5567566072604,2,12.200175329242407,1682.9208087228392,0.6233205699565778
0.9,13,14.971475643382725,15.5567566072604,3,14.204562213670894,1252.7477657304228,0.6229972771246651
0.9,13,14.971475643382725,15.5567566072604,4,16.538253118250562,931.5676298060088,0.6215659999783945
0.9,13,14.971475643382725,15.5567566072604,5,19.255349942435167,691.1198418409863,0.6213260749474188
0.9,13,14.971475643382725,15.5567566072604,6,22.418843075782977,513.1040367630078,0.6205120031714334
0.9,13,14.971475643382725,15.5567566072604,7,26.10207170262519,380.29200920295216,0.6200469061397461
0.9,13,14.971475643382725,15.5567566072604,8,30.390424022591617,281.4734672834599,0.6197268006902786
0.9,13,14.971475643382725,15.5567566072604,9,35.3833168031649,208.20262152988207,0.6194306243420469
0.9,13,14.971475643382725,15.5567566072604,10,41.196500156181976,154.51217729891562,0.6179601385880555
0.9,13,14.971475643382725,15.5567566072604,11,47.96474096986008,113.96917494776794,0.6190542321058716
0.9,13,14.971475643382725,15.5567566072604,12,55.844947206286946,84.43135317572603,0.6172430091809078
0.9,13,14.971475643382725,15.5567566072604,13,65.0198054948877,62.34764655197059,0.6183506620116805
0.9,13,14.971475643382725,15.5567566072604,14,75.70201635210961,46.12612801526528,0.6176576457102491
0.9,13,14.971475643382725,15.5567566072604,15,88.1392252123188,34.05301915071202,0.6173781461437191
0.9,13,14.971475643382725,15.5567566072604,16,102.61976358587921,25.161975712536425,0.616887786315711
0.9,13,14.971475643382725,15.5567566072604,17,119.47933344154129,18.57422983270011,0.6171752937153879
0.9,13,14.971475643382725,15.5567566072604,18,139.10878977701455,13.716768501480493,0.6167617551984044
0.9,13,14.971475643382725,15.5567566072604,19,161.9632018008689,10.116245315680912,0.6166793513463318
0.9,14,15.569200373967842,14.458848268540443,0,9.000000000000002,3023.1133507487743,0.6280268610063459
0.9,14,15.569200373967842,14.458848268540443,1,10.478624812597394,2256.4841921366356,0.6263277986850849
0.9,14,15.569200373967842,14.458848268540443,2,12.200175329242407,1682.9208087228392,0.6240554192578814
0.9,14,15.569200373967842,14.458848268540443,3,14.204562213670894,1252.7477657304228,0.6237321264259686
0.9,14,15.569200373967842,14.458848268540443,4,16.538253118250562,931.5676298060088,0.6223008492796981
0.9,14,15.569200373967842,14.458848268540443,5,19.255349942435167,691.1198418409863,0.6220609242487224
0.9,14,15.569200373967842,14.458848268540443,6,22.418843075782977,513.1040367630078,0.6212468524727368
0.9,14,15.569200373967842,14.458848268540443,7,26.10207170262519,380.29200920295216,0.6207785365987936
0.9,14,15.569200373967842,14.458848268540443,8,30.390424022591617,281.4734672834599,0.6204554690771358
0.9,14,15.569200373967842,14.458848268540443,9,35.3833168031649,208.20262152988207,0.620159292728904
0.9,14,15.569200373967842,14.458848268540443,10,41.196500156181976,154.51217729891562,0.6186888069749128
0.9,14,15.569200373967842,14.458848268540443,11,47.96474096986008,113.96917494776794,0.619782900492729
0.9,14,15.569200373967842,14.458848268540443,12,55.844947206286946,84.43135317572603,0.6179716775677647
0.9,14,15.569200373967842,14.458848268540443,13,65.0198054948877,62.34764655197059,0.6190793303985377
0.9,14,15.569200373967842,14.458848268540443,14,75.70201635210961,46.12612801526528,0.6184910215814986
0.9,14,15.569200373967842,14.458848268540443,15,88.1392252123188,34.05301915071202,0.6182115220149687
0.9,14,15.569200373967842,14.458848268540443,16,102.61976358587921,25.161975712536425,0.6176164547025681
0.9,14,15.569200373967842,14.458848268540443,17,119.47933344154129,18.57422983270011,0.6179846166996434
0.9,14,15.569200373967842,14.458848268540443,18,139.10878977701455,13.716768501480493,0.6175951310696538
0.9,14,15.569200373967842,14.458848268540443,19,161.9632018008689,10.116245315680912,0.617408019733189
0.9,15,16.190788807908802,13.459677221064421,0,9.000000000000002,3023.1133507487743,0.6290002639787847
0.9,15,16.190788807908802,13.459677221064421,1,10.478624812597394,2256.4841921366356,0.6273012016575237
0.9,15,16.190788807908802,13.459677221064421,2,12.200175329242407,1682.9208087228392,0.6250288222303202
0.9,15,16.190788807908802,13.459677221064421,3,14.204562213670894,1252.7477657304228,0.6247055293984076
0.9,15,16.190788807908802,13.459677221064421,4,16.538253118250562,931.5676298060088,0.623274252252137
0.9,15,16.190788807908802,13.459677221064421,5,19.255349942435167,691.1198418409863,0.6230343272211613
0.9,15,16.190788807908802,13.459677221064421,6,22.418843075782977,513.1040367630078,0.6222202554451758
0.9,15,16.190788807908802,13.459677221064421,7,26.10207170262519,380.29200920295216,0.6217519395712326
0.9,15,16.190788807908802,13.459677221064421,8,30.390424022591617,281.4734672834599,0.6214245725191828
0.9,15,16.190788807908802,13.459677221064421,9,35.3833168031649,208.20262152988207,0.6211283961709512
0.9,15,16.190788807908802,13.459677221064421,10,41.196500156181976,154.51217729891562,0.6196579104169597
0.9,15,16.190788807908802,13.459677221064421,11,47.96474096986008,113.96917494776794,0.6209551311827705
0.9,15,16.190788807908802,13.459677221064421,12,55.844947206286946,84.43135317572603,0.6192631640995743
0.9,15,16.190788807908802,13.459677221064421,13,65.0198054948877,62.34764655197059,0.6201000676240267
0.9,15,16.190788807908802,13.459677221064421,14,75.70201635210961,46.12612801526528,0.6198073635812464
0.9,15,16.190788807908802,13.459677221064421,15,88.1392252123188,34.05301915071202,0.6195278640147166
0.9,15,16.190788807908802,13.459677221064421,16,102.61976358587921,25.161975712536425,0.61866666842319
0.9,15,16.190788807908802,13.459677221064421,17,119.47933344154129,18.57422983270011,0.6193016747881523
0.9,15,16.190788807908802,13.459677221064421,18,139.10878977701455,13.716768501480493,0.6189114730694019
0.9,15,16.190788807908802,13.459677221064421,19,161.9632018008689,10.116245315680912,0.6185974123737369
0.9,16,16.83719368533617,12.509788483582012,0,9.000000000000002,3023.1133507487743,0.629849848882373
0.9,16,16.83719368533617,12.509788483582012,1,10.478624812597394,2256.4841921366356,0.6281507865611121
0.9,16,16.83719368533617,12.509788483582012,2,12.200175329242407,1682.9208087228392,0.6258784071339086
0.9,16,16.83719368533617,12.509788483582012,3,14.204562213670894,1252.7477657304228,0.6255551143019958
0.9,16,16.83719368533617,12.509788483582012,4,16.538253118250562,931.5676298060088,0.6241238371557253
0.9,16,16.83719368533617,12.509788483582012,5,19.255349942435167,691.1198418409863,0.6238839121247495
0.9,16,16.83719368533617,12.509788483582012,6,22.418843075782977,513.1040367630078,0.623069840348764
0.9,16,16.83719368533617,12.509788483582012,7,26.10207170262519,380.29200920295216,0.6226015244748208
0.9,16,16.83719368533617,12.509788483582012,8,30.390424022591617,281.4734672834599,0.622378226625726
0.9,16,16.83719368533617,12.509788483582012,9,35.3833168031649,208.20262152988207,0.6221165955906222
0.9,16,16.83719368533617,12.509788483582012,10,41.196500156181976,154.51217729891562,0.6205016598692327
0.9,16,16.83719368533617,12.509788483582012,11,47.96474096986008,113.96917494776794,0.6219631250538782
0.9,16,16.83719368533617,12.509788483582012,12,55.844947206286946,84.43135317572603,0.6202720293499908
0.9,16,16.83719368533617,12.509788483582012,13,65.0198054948877,62.34764655197059,0.6211082263949098
0.9,16,16.83719368533617,12.509788483582012,14,75.70201635210961,46.12612801526528,0.6208131936486004
0.9,16,16.83719368533617,12.509788483582012,15,88.1392252123188,34.05301915071202,0.6205336940820705
0.9,16,16.83719368533617,12.509788483582012,16,102.61976358587921,25.161975712536425,0.6196724984905437
0.9,16,16.83719368533617,12.509788483582012,17,119.47933344154129,18.57422983270011,0.6203133403068218
0.9,16,16.83719368533617,12.509788483582012,18,139.10878977701455,13.716768501480493,0.6199173031367556
0.9,16,16.83719368533617,12.509788483582012,19,161.9632018008689,10.116245315680912,0.6196032424410908
0.9,17,17.509405783802578,11.61893235654766,0,9.000000000000002,3023.1133507487743,0.6303958839691375
0.9,17,17.509405783802578,11.61893235654766,1,10.478624812597394,2256.4841921366356,0.6286968216478763
0.9,17,17.509405783802578,11.61893235654766,2,12.200175329242407,1682.9208087228392,0.626424442220673
0.9,17,17.509405783802578,11.61893235654766,3,14.204562213670894,1252.7477657304228,0.6261011493887603
0.9,17,17.509405783802578,11.61893235654766,4,16.538253118250562,931.5676298060088,0.6246698722424895
0.9,17,17.509405783802578,11.61893235654766,5,19.255349942435167,691.1198418409863,0.6244299472115138
0.9,17,17.509405783802578,11.61893235654766,6,22.418843075782977,513.1040367630078,0.6236158754355285
0.9,17,17.509405783802578,11.61893235654766,7,26.10207170262519,380.29200920295216,0.6231475595615852
0.9,17,17.509405783802578,11.61893235654766,8,30.390424022591617,281.4734672834599,0.6228800236151723
0.9,17,17.509405783802578,11.61893235654766,9,35.3833168031649,208.20262152988207,0.6226183925800685
0.9,17,17.509405783802578,11.61893235654766,10,41.196500156181976,154.51217729891562,0.6210458293979828
0.9,17,17.509405783802578,11.61893235654766,11,47.96474096986008,113.96917494776794,0.6224649220433248
0.9,17,17.509405783802578,11.61893235654766,12,55.844947206286946,84.43135317572603,0.6207738263394371
0.9,17,17.509405783802578,11.61893235654766,13,65.0198054948877,62.34764655197059,0.6216100233843562
0.9,17,17.509405783802578,11.61893235654766,14,75.70201635210961,46.12612801526528,0.6213143129077827
0.9,17,17.509405783802578,11.61893235654766,15,88.1392252123188,34.05301915071202,0.6210336255135026
0.9,17,17.509405783802578,11.61893235654766,16,102.61976358587921,25.161975712536425,0.6201731692636626
0.9,17,17.509405783802578,11.61893235654766,17,119.47933344154129,18.57422983270011,0.6208151372962681
0.9,17,17.509405783802578,11.61893235654766,18,139.10878977701455,13.716768501480493,0.6204172345681878
0.9,17,17.509405783802578,11.61893235654766,19,161.9632018008689,10.116245315680912,0.620103173872523
0.9,18,18.208455436897705,10.790109130321564,0,9.000000000000002,3023.1133507487743,0.6312381705915755
0.9,18,18.208455436897705,10.790109130321564,1,10.478624812597394,2256.4841921366356,0.6295391082703146
0.9,18,18.208455436897705,10.790109130321564,2,12.200175329242407,1682.9208087228392,0.6272667288431113
0.9,18,18.208455436897705,10.790109130321564,3,14.204562213670894,1252.7477657304228,0.6269434360111985
0.9,18,18.208455436897705,10.790109130321564,4,16.538253118250562,931.5676298060088,0.6255384760079686
0.9,18,18.208455436897705,10.790109130321564,5,19.255349942435167,691.1198418409863,0.6252722338339523
0.9,18,18.208455436897705,10.790109130321564,6,22.418843075782977,513.1040367630078,0.6244581620579668
0.9,18,18.208455436897705,10.790109130321564,7,26.10207170262519,380.29200920295216,0.6239898461840235
0.9,18,18.208455436897705,10.790109130321564,8,30.390424022591617,281.4734672834599,0.623919967788331
0.9,18,18.208455436897705,10.790109130321564,9,35.3833168031649,208.20262152988207,0.6236583367532275
0.9,18,18.208455436897705,10.790109130321564,10,41.196500156181976,154.51217729891562,0.6220355039816606
0.9,18,18.208455436897705,10.790109130321564,11,47.96474096986008,113.96917494776794,0.6235048662164834
0.9,18,18.208455436897705,10.790109130321564,12,55.844947206286946,84.43135317572603,0.6218137705125959
0.9,18,18.208455436897705,10.790109130321564,13,65.0198054948877,62.34764655197059,0.622649967557515
0.9,18,18.208455436897705,10.790109130321564,14,75.70201635210961,46.12612801526528,0.6223542570809414
0.9,18,18.208455436897705,10.790109130321564,15,88.1392252123188,34.05301915071202,0.6220716075970255
0.9,18,18.208455436897705,10.790109130321564,16,102.61976358587921,25.161975712536425,0.6212131134368215
0.9,18,18.208455436897705,10.790109130321564,17,119.47933344154129,18.57422983270011,0.6218550814694268
0.9,18,18.208455436897705,10.790109130321564,18,139.10878977701455,13.716768501480493,0.6214569090668653
0.9,18,18.208455436897705,10.790109130321564,19,161.9632018008689,10.116245315680912,0.6211385967729444
0.9,19,18.935414113492897,10.033674765322493,0,9.000000000000002,3023.1133507487743,0.632022114735795
0.9,19,18.935414113492897,10.033674765322493,1,10.478624812597394,2256.4841921366356,0.6303230524145341
0.9,19,18.935414113492897,10.033674765322493,2,12.200175329242407,1682.9208087228392,0.6280506729873306
0.9,19,18.935414113492897,10.033674765322493,3,14.204562213670894,1252.7477657304228,0.6277273801554178
0.9,19,18.935414113492897,10.033674765322493,4,16.538253118250562,931.5676298060088,0.6265329283724748
0.9,19,18.935414113492897,10.033674765322493,5,19.255349942435167,691.1198418409863,0.6260561779781715
0.9,19,18.935414113492897,10.033674765322493,6,22.418843075782977,513.1040367630078,0.625242106202186
0.9,19,18.935414113492897,10.033674765322493,7,26.10207170262519,380.29200920295216,0.6247737903282428
0.9,19,18.935414113492897,10.033674765322493,8,30.390424022591617,281.4734672834599,0.6249144201528372
0.9,19,18.935414113492897,10.033674765322493,9,35.3833168031649,208.20262152988207,0.6246527891177334
0.9,19,18.935414113492897,10.033674765322493,10,41.196500156181976,154.51217729891562,0.6230299563461665
0.9,19,18.935414113492897,10.033674765322493,11,47.96474096986008,113.96917494776794,0.6244993185809896
0.9,19,18.935414113492897,10.033674765322493,12,55.844947206286946,84.43135317572603,0.6228082228771018
0.9,19,18.935414113492897,10.033674765322493,13,65.0198054948877,62.34764655197059,0.6236444199220211
0.9,19,18.935414113492897,10.033674765322493,14,75.70201635210961,46.12612801526528,0.6233487094454476
0.9,19,18.935414113492897,10.033674765322493,15,88.1392252123188,34.05301915071202,0.6230660599615317
0.9,19,18.935414113492897,10.033674765322493,16,102.61976358587921,25.161975712536425,0.6222075658013275
0.9,19,18.935414113492897,10.033674765322493,17,119.47933344154129,18.57422983270011,0.6228495338339329
0.9,19,18.935414113492897,10.033674765322493,18,139.10878977701455,13.716768501480493,0.6224513614313716
0.9,19,18.935414113492897,10.033674765322493,19,161.9632018008689,10.116245315680912,0.6221330311661536
