"m_S [GeV]","K","K_star(892)","K_star(1410)","K_star(1680)","K_1(1270)","K_1(1400)","K_0star(800)","K_0star(1430)","K_2(1430)","Pi"
0.01,0.42672372344735543,0.4736795149895956,0.2084375354348749,0.13203248771906878,0.9115193739801297,0.015924914703474912,0.7408122351822508,0.08490794247970815,0.3032286884372182,0.012322103823722307
0.03,0.42672912052628953,0.4736796911437003,0.2084259767140811,0.13202329346504113,0.9115094730526246,0.015922086131368314,0.7408145702587137,0.08492108084191334,0.30321311189060746,0.012322268308294866
0.05,0.4267399148747395,0.4736800424903074,0.2084028590403947,0.13200490483503766,0.9114896647039071,0.015916429222859064,0.7408192339552224,0.08494736551860173,0.3031819553424464,0.012322597286139478
0.06999999999999999,0.4267561068737568,0.47368056710545103,0.20836818194960113,0.13197732158522832,0.9114599359430449,0.015907944450017388,0.7408262133542833,0.0849868124230753,0.30313521188307146,0.01232309077465406
0.09,0.42677769709463914,0.4736812621012664,0.2083219447453361,0.13194054335002972,0.9114202672748412,0.015896632522604537,0.7408354890680066,0.0850394454471635,0.3030728711485301,0.012323748799932702
0.11,0.4268046862985946,0.4736821236236911,0.2082641464990367,0.1318945696423025,0.9113706326892678,0.015882494390061994,0.7408470352241181,0.08510529648750745,0.3029949193212428,0.012324571396762357
0.13,0.4268370754362914,0.47368314684940016,0.2081947860498728,0.13183939985361248,0.9113109996473707,0.015865531244166318,0.7408608194473051,0.08518440548065861,0.3029013391308893,0.012325558608618396
0.15000000000000002,0.4268748656472974,0.47368432598195753,0.20811386200466564,0.1317750332545591,0.9112413290636303,0.0158457445223527,0.7408768028358799,0.08527682044703927,0.3027921098555371,0.012326710487659015
0.17,0.4269180582594013,0.47368565424720027,0.2080213727377883,0.1317014689951722,0.9111615752847607,0.015823135911710032,0.7408949399337563,0.08538259754382048,0.30266720732301344,0.01232802709471852
0.19,0.42696665478782087,0.4736871238878368,0.2079173163910513,0.13161870610537552,0.9110716860649487,0.015797707353651307,0.740915178697726,0.08550180112678768,0.30252660391254327,0.012329508499299422
0.21000000000000002,0.4270206569342926,0.4736887261572533,0.20780169087357367,0.13152674349552168,0.9109716025374965,0.01576946104926405,0.740937460460022,0.08563450382127419,0.3023702685566609,0.012331154779563334
0.23,0.4270800665860444,0.47369045131252924,0.20767449386163844,0.1314255799569964,0.9108612591828655,0.015738399465345155,0.7409617198861543,0.08578078660225325,0.3021981667434128,0.012332966022320709
0.25,0.42714488581464766,0.47369228860664875,0.2075357227985344,0.13131521416289663,0.9107405837930855,0.01570452534112699,0.7409878849280015,0.08594073888369277,0.3020102605188752,0.012334942323019262
0.27,0.42721511687474634,0.473694226279904,0.20738537489438497,0.13119564466878111,0.9106094974325076,0.015667841695699302,0.7410158767721324,0.08611445861728698,0.30180650849000423,0.0123370837857312
0.29000000000000004,0.4272907622026645,0.47369625155047207,0.20722344712596452,0.13106686991349845,0.9104679143948846,0.01562835183613559,0.7410456097833564,0.0863020524006896,0.3015868658278441,0.012339390523139074
0.31,0.4273718244148845,0.47369835060417065,0.207049936236501,0.1309288882200914,0.9103157421567252,0.015586059366330191,0.7410769914434527,0.08650363559538642,0.3013512842711168,0.012341862656520373
0.33,0.42745830630639975,0.47370050858336415,0.20686483873547037,0.13078169779678303,0.9101528813269224,0.015540968196554835,0.7411099222850817,0.08671933245435419,0.3010997121302258,0.012344500315730667
0.35000000000000003,0.42755021084893335,0.47370270957501803,0.20666815089837834,0.13062529673804388,0.9099792255925832,0.015493082553743279,0.7411442958208373,0.08694927625966523,0.3008320942917026,0.012347303639185346
0.37,0.42764754118902465,0.47370493659789137,0.20645986876653497,0.1304596830257448,0.9097946616610539,0.015442406992513093,0.7411799984674189,0.08719360947020549,0.3005483722231291,0.012350272773839916
0.39,0.42775030064597624,0.47370717158884756,0.20623998814682024,0.13028485453039845,0.9095990691980824,0.015388946406935096,0.7412169094648947,0.08745248387968842,0.3002484839785719,0.012353407875168754
0.41000000000000003,0.42785849270966225,0.47370939538826495,0.2060085046114433,0.1301008090124904,0.909392320762078,0.015332706043060217,0.7412549007910294,0.08772606078515204,0.2999323642045708,0.012356709107142259
0.43,0.4279721210381909,0.4737115877245407,0.20576541349769578,0.12990754412390565,0.9091742817344295,0.015273691512215585,0.7412938370706432,0.08801451116614145,0.2995999441467154,0.01236017664220242
0.45,0.42809118945541974,0.47371372719766325,0.20551070990770148,0.12970505740945204,0.9089448102458144,0.015211908805081175,0.741333575479973,0.08831801587478515,0.2992511516568614,0.012363810661236655
0.47000000000000003,0.428215701948319,0.47371579126184743,0.20524438870816428,0.12949334630848547,0.9087037570984788,0.01514736430655941,0.7413739656460017,0.08863676583698485,0.2988859112010283,0.012367611353549881
0.49,0.4283456626641774,0.4737177562071908,0.2049664445301127,0.12927240815664062,0.9084509656843941,0.015080064811450238,0.741414849540727,0.08897096226494647,0.2985041438680339,0.012371578916834798
0.51,0.42848107590764783,0.47371959714035194,0.20467687176864716,0.12904224018767096,0.9081862718992709,0.015010017540945612,0.7414560613703299,0.08932081688128725,0.2981057673789098,0.012375713557140202
0.53,0.42862194613762844,0.473721287964224,0.2043756645826894,0.1288028395354025,0.9079095040523386,0.0149372301599566,0.7414974274592171,0.08968655215496417,0.29769069609716337,0.012380015488837359
0.55,0.4287682779639688,0.47372280135657224,0.2040628168947361,0.1285542032358075,0.907620482771857,0.01486171079528846,0.7415387661288929,0.09006840154927138,0.2972588410399371,0.012384484934584302
0.5700000000000001,0.42892007614400546,0.4737241087476212,0.20373832239061915,0.1282963282292007,0.9073190209062579,0.01478346805467718,0.7415798875716375,0.09046660978216557,0.29681010989013834,0.012389122125287947
0.59,0.42907734557891014,0.473725180296566,0.2034021745192733,0.12802921136256604,0.9070049234208846,0.014702511046704617,0.7416205937189458,0.0908814330991768,0.2963444070095875,0.012393927300063994
0.61,0.42924009130985585,0.47372598486697237,0.20305436649251785,0.12775284939201723,0.9066779872902281,0.014618849401606519,0.7416606781047026,0.09131313955917245,0.2958616334532772,0.012398900706194482
0.63,0.42940831851398203,0.47372649000104766,0.2026948912848487,0.12746723898539997,0.9063380013856038,0.014532493292991054,0.741699925723051,0.0917620093332383,0.29536168698479487,0.012404042599082834
0.65,0.4295820325001653,0.47372666189274804,0.2023237416332488,0.12717237672504053,0.9059847463581708,0.014443453460483474,0.7417381128809319,0.09222833501694636,0.2948444620929957,0.01240935324220644
0.67,0.429761238704579,0.47372646535969964,0.20194091003701636,0.12686825911064972,0.9056179945172318,0.014351741233314888,0.7417750070452478,0.09271242195627441,0.2943098500100078,0.01241483290706649
0.6900000000000001,0.42994594268603903,0.47372586381388776,0.20154638875761471,0.12655488256238617,0.9052375097037103,0.014257368554872116,0.7418103666846327,0.0932145885874412,0.29375773873064887,0.012420481873135077
0.7100000000000001,0.4301361501211266,0.47372481923108406,0.20114016981854912,0.12623224342408915,0.9048430471587293,0.014160348008226513,0.7418439411057937,0.09373516679091505,0.2931880130333432,0.012426300427799344
0.73,0.43033186679908136,0.473723292119,0.2007222450052703,0.12590033796668737,0.9044343533871916,0.01406069284266003,0.7418754702843893,0.0942745022598465,0.29260055450263944,0.012432288866302614
0.75,0.43053309861645356,0.4737212414840844,0.20029260586510958,0.12555916239179296,0.9040111660162644,0.013958417001206655,0.7419046846904339,0.09483295488316247,0.2919952415534171,0.01243844749168229
0.77,0.43073985157151246,0.4737186247969718,0.19985124370725196,0.12520871283548765,0.903573213648676,0.01385353514922777,0.7419313051081853,0.09541089914354814,0.29137194945689304,0.01244477661470454
0.79,0.4309521317583926,0.47371539795651485,0.19939814960274704,0.12484898537231325,0.9031202157107171,0.013746062704040121,0.7419550424505106,0.09600872453052194,0.2907305503685246,0.012451276553795354
0.81,0.43116994536097863,0.4737115152523652,0.19893331438456432,0.12447997601947355,0.9026518822948375,0.013636015865615272,0.7419755975677041,0.09662683596878771,0.29007091335793184,0.012457947634968103
0.8300000000000001,0.4313932986465094,0.4737069293260604,0.19845672864769826,0.12410168074125913,0.9021679139967291,0.013523411648369007,0.7419926610507434,0.0972656542620217,0.28939290444095056,0.012464790191747193
0.85,0.4316221979588974,0.47370159113057286,0.19796838274932366,0.12371409545370618,0.901668001746787,0.013408267914059713,0.7420059130289739,0.09792561655221606,0.28869638661393554,0.012471804565087823
0.87,0.4318566497117489,0.4736954498882625,0.1974682668090126,0.1233172160294995,0.9011518266358203,0.01329060340581451,0.7420150229622184,0.09860717679466668,0.28798121989044934,0.012478991103291568
0.89,0.432096660381075,0.4736884530471999,0.19695637070901278,0.12291103830313432,0.900619059734895,0.013170437783300785,0.7420196494273066,0.09931080624864164,0.2872472613404655,0.01248635016191757
0.91,0.4323422364976794,0.4736805462357899,0.19643268409459563,0.1224955580763452,0.9000693619091876,0.013047791659062394,0.742019439899023,0.10003699398371753,0.2864943651322226,0.012493882103689253
0.93,0.43259338463921265,0.47367167321565207,0.1958971963744796,0.12207077112382106,0.8995023836257097,0.012922686636037553,0.7420140305255026,0.10078624740170605,0.2857223825768832,0.012501587298396266
0.9500000000000001,0.43285011142187974,0.47366177583270175,0.19534989672133596,0.12163667319921531,0.8989177647547726,0.012795145346275428,0.742003045898069,0.10155909277402236,0.2849311621761431,0.012509466122791437
0.97,0.433112423491783,0.4736507939663582,0.19479077407238,0.12119326004146941,0.8983151343650639,0.012665191490869646,0.7419860988155466,0.10235607579426233,0.2841205496729496,0.012517518960482593
0.99,0.43338032751589145,0.47363866547684,0.19421981713006087,0.12074052738146356,0.8976941105121725,0.012532849881122637,0.7419627900430864,0.10317776214566253,0.2832903881054962,0.012525746201818861
1.01,0.4336538301726194,0.4736253261504611,0.19363701436285213,0.12027847094901231,0.8970543000204338,0.01239814648095728,0.7419327080655334,0.10402473808300634,0.2824405178646679,0.012534148243771382
1.03,0.4339329381419938,0.47361070964287355,0.19304235400615316,0.11980708648022147,0.8963952982579367,0.012261108450589883,0.74189542883539,0.10489761102841472,0.2815707767551084,0.012542725489808029
1.05,0.4342176580954061,0.47359474742018043,0.19243582406331192,0.11932636972522619,0.8957166889045313,0.01212176419147684,0.7418505155154408,0.10579701018032273,0.28068100006010904,0.012551478349761966
1.07,0.4345079966849129,0.4735773686978453,0.1918174123067717,0.1188363164563267,0.8950180437126883,0.011980143392547087,0.7417975182160906,0.10672358713477528,0.2797710206104993,0.012560407239693656
1.09,0.43480396053208764,0.47355850037732966,0.19118710627936028,0.11833692247654697,0.8942989222610368,0.011836277077730384,0.7417359737275245,0.10767801651800324,0.2788406688577573,0.012569512581746153
1.11,0.43510555621638874,0.4735380669803602,0.1905448932957224,0.11782818362863183,0.893558871700418,0.011690197654789644,0.7416654052467594,0.10866099662902665,0.27788977295153805,0.012578794803993232
1.1300000000000001,0.43541279026303137,0.4735159905807592,0.18989076044391348,0.11731009580451103,0.8927974264922737,0.011541938965463803,0.7415853220997121,0.10967325009080675,0.27691815882184917,0.012588254340280162
1.1500000000000001,0.43572566913034266,0.4734921907337476,0.18922469458716107,0.11678265495524924,0.8920141081391959,0.011391536336925561,0.7414952194583985,0.11071552450820396,0.27592565026609595,0.012597891630056698
1.17,0.43604419919657683,0.4734665844026184,0.18854668236580902,0.11624585710151225,0.8912084249074657,0.011239026634555817,0.7413945780534056,0.11178859313070633,0.27491206904123955,0.01260770711820195
1.19,0.43636838674616674,0.47343908588269895,0.18785671019945335,0.11569969834457129,0.8903798715413688,0.01108444831603366,0.7412828638817943,0.11289325551756252,0.27387723496131106,0.012617701254840802
1.21,0.43669823795539053,0.4734096067224951,0.18715476428928798,0.11514417487787713,0.8895279289691277,0.010927841486738315,0.7411595279106041,0.11403033820258433,0.27282096600054156,0.012627874495151433
1.23,0.43703375887743146,0.4733780556419182,0.18644083062067096,0.11457928299923238,0.8886520640002298,0.010769247956455735,0.7410240057761538,0.1152006953554651,0.27174307840237416,0.012638227299163652
1.25,0.4373749554267943,0.47334433844747803,0.18571489496592672,0.11400501912359332,0.8877517290139637,0.010608711297378498,0.7408757174793545,0.1164052094360016,0.2706433867946382,0.012648760131547431
1.27,0.43772183336306675,0.47330835794434345,0.18497694288740138,0.11342137979653509,0.8868263616389633,0.010446276903384654,0.7407140670772696,0.11764479183707933,0.2695217043111703,0.012659473461391447
1.29,0.4380743982739832,0.4732700138451381,0.18422695974078712,0.112828361708415,0.8858753844235385,0.010281992050575636,0.7405384423711866,0.11892038351170767,0.26837784272018705,0.012670367761970884
1.31,0.4384326555577732,0.4732292026753572,0.18346493067873385,0.112225961709271,0.8848982044965936,0.01011590595904893,0.740348214591481,0.1202329555787371,0.26721161255971565,0.012681443510504316
1.33,0.43879661040475487,0.4731858176752756,0.18269084065476746,0.11161417682449493,0.8838942132189063,0.009948069855875805,0.7401427380795906,0.12158350990117242,0.2660228232804101,0.012692701187898952
1.35,0.4391662677781458,0.47313974869821207,0.1819046744275338,0.1109930042713214,0.8828627858245602,0.009778537039248445,0.7399213499674365,0.1229730796301852,0.2648112833960844,0.012704141278483743
1.37,0.43954163239405625,0.47309088210500455,0.18110641656539078,0.11036244147617694,0.8818032810522961,0.009607362943754796,0.7396833698546743,0.12440272970703674,0.26357680064231237,0.01271576426972994
1.3900000000000001,0.4399227087006318,0.4730391006545673,0.18029605145137068,0.10972248609293508,0.8807150407665647,0.009434605206731448,0.7394280994841613,0.12587355731412223,0.2623191821434554,0.012727570651958358
1.4100000000000001,0.4403095008563032,0.4729842833903577,0.1794735632885367,0.10907313602212695,0.8795973895680366,0.009260323735638634,0.739154822416106,0.12738669226524113,0.2610382345884898,0.012739560918032852
1.43,0.44070201270710974,0.4729263055225976,0.17863893610575954,0.10841438943115926,0.8784496343933708,0.009084580776392022,0.7388628037013472,0.128943297323966,0.25973376441601953,0.01275173556303935
1.45,0.4411002477630538,0.47286503830610266,0.17779215376394178,0.10774624477559473,0.8772710641039622,0.00890744098257724,0.7385512895543026,0.1305445684376225,0.2584055780088841,0.012764095083949729
1.47,0.44150420917344413,0.47280034891351497,0.17693319996271634,0.10706870082155298,0.8760609490634728,0.00872897148546432,0.7382195070261245,0.13219173487287747,0.2570534818987624,0.012776639979269965
1.49,0.44191389970118483,0.4727321003037821,0.17606205824765267,0.10638175666929366,0.8748185407038898,0.008549241964726487,0.7378666636786784,0.1338860592372646,0.25567728298121795,0.012789370748671734
1.51,0.4423293216959585,0.47266015108567927,0.17517871201800142,0.10568541177804806,0.8735430710798757,0.008368324719758806,0.7374919472599728,0.13562883736912576,0.25427678874161863,0.012802287892606703
1.53,0.44275047706626586,0.4725843553761821,0.17428314453501165,0.10497966599216738,0.872233752411176,0.008186294741477567,0.7370945253817529,0.1374213980764049,0.2528518074923965,0.012815391911902884
1.55,0.4431773672502553,0.4725045626534821,0.17337533893085816,0.10426451956866178,0.87088977661285,0.008003229784469695,0.7366735451999847,0.13926510270248307,0.25140214862212196,0.012828683307341947
1.57,0.4436099931853063,0.4724206176044306,0.17245527821821868,0.10353997320620882,0.8695103148130854,0.007819210439345466,0.7362281330990492,0.14116134449475823,0.24992762285688597,0.012842162579216936
1.59,0.4440483552762946,0.47233235996617584,0.17152294530053858,0.10280602807571242,0.8680945168583651,0.007634320205133484,0.7357573943804814,0.1431115477489498,0.2484280425344937,0.012855830226869251
1.61,0.4444924533624927,0.4722396243617716,0.17057832298303244,0.10206268585250237,0.8666415108057641,0.007448645561538627,0.7352604129571888,0.1451171666991066,0.24690322189199476,0.012869686748204063
1.6300000000000001,0.44494228668303815,0.4721422401294925,0.1696213939844642,0.10130994875026647,0.8651504024021514,0.007262276040867668,0.7347362510541201,0.14717968412001306,0.24535297736709824,0.012883732639183135
1.6500000000000001,0.44539785384090547,0.47204003114561593,0.16865214094975958,0.10054781955681377,0.8636202745500602,0.007075304299404777,0.7341839489164287,0.14930060960508426,0.2437771279140168,0.012897968393294082
1.6700000000000002,0.44585915276531624,0.47193281564038,0.1676705464635004,0.0997763016717766,0.8620501867600572,0.006887826188001175,0.7336025245262485,0.1514814774789102,0.2421754953343291,0.012912394500994795
1.69,0.44632618067251567,0.47182040600686,0.16667659306436008,0.0989953991463611,0.8604391745893726,0.006699940821618754,0.7329909733292697,0.15372384429931307,0.240547904623439,0.01292701144913219
1.71,0.4467989340248408,0.47170260860243024,0.1656702632605377,0.09820511672526655,0.8587862490666178,0.006511750647543531,0.7323482679723764,0.15602928589911375,0.238894184333257,0.012941819720333769
1.73,0.44727740848800185,0.47157922354255133,0.1646515395462564,0.09740545989090003,0.8570903961024215,0.006323361511959603,0.7316733580536946,0.15839939391272626,0.23721416695171504,0.012956819792371004
1.75,0.44776159888649736,0.4714500444865066,0.16362040441939407,0.0965964349100218,0.8553505758858089,0.006134882724545965,0.7309651698864729,0.1608357717272094,0.2355076892997755,0.012972012137493093
1.77,0.4482514991570746,0.47131485841479087,0.1625768404003163,0.09577804888296419,0.8535657222662001,0.005946427120728551,0.730222606278313,0.16334002979147177,0.2337745929465841,0.01298739722172973
1.79,0.4487471023001457,0.4711734453977626,0.16152083005199147,0.09495030979557792,0.8517347421208822,0.005758111121188493,0.7294445463273556,0.16591378021094308,0.23201472464345582,0.01300297550416153
1.81,0.4492484003290674,0.4710255783552223,0.16045235600147045,0.0941132265740692,0.8498565147079002,0.005570054788193429,0.7286298452371215,0.16855863054818615,0.23022793677739234,0.0130187474361565
1.83,0.4497553842171798,0.470871022806495,0.15937140096281624,0.09326680914290066,0.8479298910042419,0.005382381878282127,0.7277773341518091,0.17127617674261408,0.22841408784484135,0.013034713460571076
1.85,0.4502680438425055,0.47070953661062637,0.15827794776157852,0.0924110684859427,0.8459536930293313,0.005195219890794286,0.7268858200139472,0.1740679950547279,0.22657304294643738,0.013050874010913973
1.87,0.45078636792999494,0.4705408696962726,0.15717197936091473,0.09154601671107356,0.8439267131538012,0.00500870011169595,0.7259540854464095,0.17693563293208917,0.22470467430347107,0.013067229510471198
1.8900000000000001,0.4513103439912067,0.47036476378081166,0.15605347888946053,0.09067166711843878,0.8418477133935929,0.004822957652106478,0.7249808886609201,0.17988059868564799,0.22280886179685463,0.013083780371390356
1.9100000000000001,0.4518399582612952,0.4701809520782384,0.1549224296710666,0.0897880342725974,0.8397154246894659,0.004638131480887658,0.723964963395265,0.18290434985609574,0.2208854935293698,0.013100526993722342
1.93,0.45237519563318807,0.4699891589953249,0.15377881525652287,0.08889513407879601,0.8375285461720566,0.004454364450603926,0.7229050188815752,0.1860082801406801,0.21893446641199235,0.013117469764418428
1.95,0.452916039588809,0.4697890998155545,0.1526226194573979,0.08799298386362979,0.8352857444126887,0.004271803316111682,0.7217997398481477,0.18919370474150002,0.216955686775113,0.013134609056280635
1.97,0.45346247212721325,0.4695804803702744,0.15145382638213606,0.08708160246036659,0.8329856526601802,0.004090598744979032,0.7206477865574028,0.1924618439868363,0.21494907100547678,0.013151945226863221
1.99,0.4540144736894813,0.4693629966965114,0.15027242047455594,0.08616101029923155,0.8306268700639996,0.0039109053188779355,0.7194477948826999,0.19581380506771215,0.21291454620969022,0.013169478617322811
2.01,0.4545720230802198,0.46913633468084753,0.14907838655491473,0.08523122950296955,0.8282079608841784,0.0037328815250289894,0.7181983764268814,0.19925056172286404,0.2108520509051408,0.01318720955121501
2.03,0.4551350973855041,0.4689001696887518,0.1478717098637024,0.0842922839880248,0.8257274536884897,0.0035566897367126237,0.7168981186855273,0.20277293169687768,0.2087615357392006,0.013205138333234664
2.05,0.4557036718870857,0.4686541661787027,0.14665237610835297,0.08334419957170602,0.8231838405375068,0.0033824961817909807,0.7155455852580539,0.20638155178875725,0.20664296423758577,0.013223265247897284
2.07,0.45627771997268834,0.46839797730042326,0.1454203715130639,0.08238700408572663,0.8205755761582658,0.0032104708981118453,0.7141393161099437,0.21007685030205406,0.2044963135827489,0.013241590558158635
2.09,0.45685721304219834,0.46813124447650334,0.14417568287193247,0.08142072749654174,0.8179010771073827,0.003040787674589452,0.7126778278894962,0.2138590167033709,0.20232157542319995,0.013260114503969769
2.11,0.4574421204095459,0.46785359696668577,0.14291829760563607,0.08044540203293762,0.815158720924623,0.0028736239766756935,0.7111596143026878,0.2177279682941691,0.2001187567146386,0.013278837300764108
2.13,0.45803240920006805,0.4675646514139896,0.1416482038218924,0.0794610623213577,0.8123468452780692,0.0027091608548521708,0.7095831465498265,0.2216833137020663,0.19788788059379542,0.013297759137873545
2.15,0.4586280442431225,0.4672640113718717,0.1403653903799583,0.0784677455294914,0.809463747102221,0.0025475828346849696,0.7079468738278648,0.22572431300300652,0.19562898728587208,0.013316880176869906
2.17,0.4592289879597257,0.4669512668115469,0.13906984695944366,0.07746549151869218,0.8065076817305344,0.0023890777868931013,0.7062492239023702,0.2298498342958196,0.19334213504646378,0.013336200549828404
2.19,0.45983520024495306,0.4666259936085599,0.1377615641337367,0.076454343005832,0.8034768620241443,0.002233836775786391,0.7044886037532957,0.23405830656685608,0.1910274011388498,0.01335572035750902
2.21,0.4604466383448501,0.46628775300764913,0.1364405334483574,0.07543434573525185,0.8003694574987424,0.0020820538843309066,0.7026634002988513,0.23834766870587226,0.18868488284751125,0.013375439667451978
2.23,0.46106325672756776,0.46593609106490164,0.13510674750458498,0.07440554866151848,0.7971835934518346,0.001933926013998426,0.7007719812019041,0.24271531456658602,0.18631469852873453,0.013395358511983082
2.25,0.46168500694843195,0.46557053806614673,0.13376020004872238,0.07336800414375408,0.7939173500929204,0.001789652657452944,0.6988126957634881,0.24715803400797187,0.18391698869913287,0.013415476886124383
2.27,0.4623118375086373,0.4651906079204771,0.13240088606739933,0.07232176815237196,0.79056876167943,0.0016494356420208658,0.6967838759081335,0.2516719499071669,0.1814919171628883,0.013435794745405624
2.29,0.4629436937072397,0.46479579752774497,0.13102880188933497,0.07126690048911505,0.7871358156616352,0.0015134788417834988,0.6946838372658608,0.25625245120379997,0.17903967217849487,0.013456312003571518
2.31,0.4635805174860955,0.4643855861188037,0.12964394529402323,0.07020346502137577,0.7836164518401303,0.0013819878560212549,0.69251088035581,0.2608941221206937,0.17656046766574468,0.013477028530179647
2.3299999999999996,0.4642222472673903,0.46395943456722527,0.12824631562783392,0.06913152993185229,0.7800085615399175,0.0012551696516293817,0.6902632918765861,0.2655906678094137,0.1740545444536485,0.013497944148083571
2.3499999999999996,0.4648688177833648,0.4635167846711346,0.12683591392806234,0.06805116798469253,0.7763099868056103,0.001133232167015523,0.6879393461085123,0.27033483679325226,0.17152217156994268,0.013519058630795389
2.3699999999999997,0.4655201598978294,0.46305705840376876,0.1254127430555055,0.06696245680937486,0.7725185196228116,0.0010163838748817493,0.6855373064330889,0.2751183407271092,0.16896364757276675,0.013540371699721748
2.3899999999999997,0.46617620041903973,0.46257965713126337,0.1239768078361849,0.06586547920368568,0.7686319011712814,0.0009048333011887022,0.6830554269750176,0.27993177216537946,0.16637930192503325,0.013561883021266825
2.4099999999999997,0.4668368619034704,0.462083960796106,0.12252811521288665,0.06476032345727646,0.7646478211161825,0.0007987884974982213,0.6804919543722464,0.28476452122704715,0.16376949641193297,0.01358359220379571
2.4299999999999997,0.4675020624500031,0.46156932706464454,0.1210666744072478,0.06364708369741634,0.7605639169443781,0.0006984564637962998,0.6778451296795189,0.28960469227297725,0.16113462660192734,0.01360549879445098
2.4499999999999997,0.4681717154840213,0.4610350904369017,0.11959249709317152,0.06252586025870967,0.7563777733535594,0.0006040425188106785,0.675113190410955,0.29443902196430977,0.15847512335148503,0.013627602275815002
2.4699999999999998,0.46884572953085846,0.46048056131691717,0.11810559758242305,0.061396760078707945,0.7520869217028202,0.000515749614760618,0.6722943727272159,0.2992528003524296,0.15579145435370595,0.013649902062410187
2.4899999999999998,0.4695240079780338,0.4599050250417122,0.11660599302332607,0.060259897121534484,0.7476888395342668,0.0004337775934122731,0.6693869137727582,0.304029796958331,0.15308412573084332,0.013672397497028723
2.51,0.4702064488256574,0.4593077408668919,0.11509370361356082,0.05911539283184416,0.7431809501762696,0.0003583223802646314,0.6663890541686884,0.30875219412879634,0.1503536836706016,0.013695087846883173
2.53,0.4708929444243608,0.4586879409067939,0.11356875282814498,0.057963376621666354,0.7385606224401351,0.00028957511366199944,0.663299040666617,0.31340053030300136,0.1476007161059204,0.013717972299568457
2.55,0.47158338120006404,0.45804482902700044,0.11203116766377527,0.05680398639293954,0.7338251704232102,0.0002277212056233031,0.6601151289688488,0.317953656177754,0.14482585443778548,0.013741049958825724
2.57,0.47227763936485184,0.45737757968690684,0.11048097890080938,0.0556373690988271,0.7289718534328361,0.000172939331200072,0.6568355867200812,0.32238870711140966,0.14202977530039793,0.01376431984009741
2.59,0.47297559261317973,0.45668533672992484,0.10891822138427631,0.054463681347227386,0.7239978760470805,0.00012540034322974222,0.6534586966756181,0.3266810954410139,0.139213202367826,0.013787780865862888
2.61,0.4736771078025954,0.4559672121188116,0.10734293432543464,0.053283090050251856,0.7189003883298456,0.000085266109443696,0.6499827600508996,0.3308045266861613,0.1363769082010127,0.01381143186074298
2.63,0.47438204461809297,0.45522228461344716,0.1057551616255223,0.052095773123850296,0.7136764862197662,0.0000526882690271862,0.6464061000568543,0.33473104385416397,0.13352171613373723,0.013835271546361154
2.65,0.47509025521917514,0.4544495983882763,0.10415495222350421,0.05090192024222117,0.7083232121143468,0.00002780690591793081,0.6427270656252994,0.3384311042183719,0.13064850219583915,0.013859298535948555
2.67,0.4758015838686354,0.4536481615865079,0.10254236046977774,0.049701733652166916,0.7028375556729521,0.000010749136379660367,0.6389440353282229,0.34187369298499354,0.12775819707166805,0.013883511328679135
2.69,0.47651586654200606,0.4528169448079939,0.10091744652798529,0.048495429053142115,0.697216454864694,1.6276087051544893e-6,0.6350554214943622,0.345026478160809,0.12485178809136942,0.013907908303720557
2.71,0.4772329305165547,0.4519548795275943,0.09928027680728552,0.04728323654941618,0.6914567972898676,5.389133003973098e-7,0.6310596745260101,0.34785601064999144,0.12193032125219178,0.013932487713985454
2.73,0.47795259393863704,0.4510608564406722,0.09763092442765092,0.04606540168153915,0.6855554218065056,7.5619018879133736e-6,0.6269552874184222,0.3503279731079059,0.11899490326657056,0.013957247679566985
2.75,0.4786746653681338,0.4501337237321926,0.0959694697210191,0.04484218654517785,0.6795091204967025,0.000022755915155594207,0.6227408004835626,0.3524074803301428,0.11604670363323337,0.013982186180841434
2.77,0.47939894329862215,0.4491722852657689,0.09429600077139032,0.0436138710064008,0.6733146410108773,0.000046158918880231826,0.6184148062792524,0.3540594329280099,0.11308695672703145,0.014007301051219853
2.79,0.48012521565183475,0.4481752986888144,0.0926106139972775,0.04238075402365423,0.6669686893318115,0.0000777855493872878,0.6139759547439809,0.35524892471725145,0.11011696390259008,0.014032589969529432
2.81,0.48085325924486777,0.44714147344978555,0.09091341478025428,0.04114315508801815,0.660467933004437,0.00011762507018552345,0.6094229585367995,0.3559417026170945,0.1071380956062124,0.01405805045200416
2.8299999999999996,0.4815828392284909,0.446069468723347,0.08920451814373026,0.03990141579489722,0.6538090048817737,0.000165639242754524,0.6047545985807584,0.3561046759305081,0.10415179348971931,0.014083679843863306
2.8499999999999996,0.4823137084948117,0.44495789123909274,0.0874840494865073,0.03865590156212448,0.6469885074422743,0.00022176011578277336,0.5999697298073254,0.35570646968276937,0.10115957251910385,0.01410947531045475
2.8699999999999997,0.483045607052405,0.4438052930093068,0.08575214537615378,0.03740700351159118,0.640003017739064,0.0002858877386737957,0.595067287098081,0.3547180142874,0.09816302306996785,0.014135433827938781
2.8899999999999997,0.48377826136691554,0.4426101689510324,0.08400895440776845,0.03615514053402627,0.6328490930473267,0.0003578878068791283,0.5900462914187793,0.3531131612662372,0.09516381300071375,0.014161552173486752
2.9099999999999997,0.48451138366497876,0.44137095439757823,0.08225463813431073,0.034900761559515145,0.6255232772822513,0.00043758924860125346,0.5849058561395204,0.35086931218153766,0.09216368969335616,0.014187826914966967
2.9299999999999997,0.4852446711991645,0.44008602249439155,0.08048937207535868,0.03364434805986706,0.6180221082666648,0.0005247817646613834,0.5796451935333802,0.34796804547698634,0.08916448205059277,0.01421425440008895
2.9499999999999997,0.4859778054714912,0.4387536814740616,0.07871334681192334,0.032386416813139904,0.6103421259347792,0.0006192133358694734,0.5742636214442937,0.34439572372802507,0.08616810243641243,0.014240830744975034
2.9699999999999998,0.4867104514128655,0.43737217180506643,0.07692676917582572,0.031127522965670774,0.6024798815662951,0.000720587715093065,0.568760570113387,0.3401440620422084,0.08317654854600896,0.014267551822126546
2.9899999999999998,0.4874422565156317,0.4359396632087024,0.0751298635431277,0.02986826343304197,0.5944319481535908,0.0008285619244224096,0.5631355891512065,0.33521063720442607,0.08019190518908034,0.014294413247749702
3.01,0.48817284991619425,0.43445425153850903,0.07332287324224125,0.028609280688794224,0.5861949320138595,0.0009427437813974334,0.5573883546414623,0.3295993167984051,0.07721634596872703,0.01432141036840395
3.03,0.4889018414244614,0.4329139555163922,0.07150606208862587,0.027351266998729612,0.5777654857678726,0.0010626894822228217,0.5515186763599914,0.32332058809945524,0.0742521348360618,0.014348538246933499
3.05,0.4896288204966202,0.4313167133195192,0.06967971605945598,0.026094969169756184,0.5691403228175903,0.001187901274274208,0.5455265050905981,0.316391768127858,0.07130162749830812,0.014375791647639939
3.07,0.4903533551474807,0.4296603790120284,0.06784414512333171,0.02484119389601478,0.5603162334661622,0.0013178252550137175,0.5394119400173308,0.30883707892481094,0.06836727265553495,0.014403165020651117
3.09,0.4910749907983525,0.42794271881554496,0.06599968524205507,0.02359081380227186,0.5512901028359726,0.0014518493397059407,0.5331752361705409,0.3006875758407948,0.0654516130382312,0.014430652485438773
3.11,0.4917932490561107,0.4261614072125218,0.06414670056373936,0.022344774306316453,0.5420589307533125,0.0015893014460717889,0.5268168119017934,0.29198092130824393,0.06255728621460285,0.014458247813434265
3.13,0.49250762641876034,0.42431402287649295,0.06228558582912803,0.02110410144981035,0.532619853782105,0.0017294479502473206,0.520337256360353,0.2827610020243307,0.059687025132719354,0.014485944409687972
3.15,0.49321759290246214,0.4223980444234868,0.060416769016032816,0.01986991088269866,0.5229701696037893,0.0018714924751331453,0.5137373369415533,0.27307739343796444,0.05684365835840228,0.014513735293515125
3.17,0.4939225905845688,0.4204108459790524,0.058540714250342886,0.018643418232684474,0.5131073639561573,0.002014575079422441,0.5070180066749194,0.2629846815988657,0.05403010996491026,0.014541613078066163
3.19,0.494622032056802,0.41834969255572463,0.05665792501621088,0.0174259511523737,0.5030291403605547,0.0021577719232699433,0.5001804115174117,0.25254165842677,0.051249399024990004,0.014569569948756257
3.21,0.495315298782221,0.4162117352361668,0.054768947702916196,0.01621896341823546,0.49273345288452924,0.002300095494686023,0.4932258975146804,0.24181041192410943,0.04850463864956287,0.014597597640483703
3.23,0.49600173934912206,0.41399400615788584,0.052874375531697666,0.015024051565918642,0.4822185422057459,0.0024404954892725474,0.48615601779071793,0.23085533743332215,0.04579903451010193,0.014625687413562422
3.25,0.4966806676144441,0.4116934132961592,0.05097485291273324,0.013842974698334266,0.47148297526290106,0.0025778604448097714,0.47897253932382955,0.21974209942728268,0.043135882773428974,0.014653830028288612
3.27,0.49735136072864433,0.40930673504285997,0.049071080290681544,0.012677678315558018,0.46052568880050787,0.002711020241390214,0.4716774494644334,0.2085365752931217,0.04051856736801683,0.014682015718055883
3.29,0.49801305703332405,0.40683061458009184,0.047163819547092874,0.011530323319274123,0.44934603713695004,0.002838749587194411,0.4642729621478552,0.19730381299900837,0.03795055648967379,0.01471023416092754
3.31,0.4986649538221596,0.40426155404913305,0.04525390003997442,0.010403321787814841,0.4379438445093377,0.002959772619519911,0.4567615237530396,0.18610703340353008,0.035435398241373456,0.01473847444956814
3.33,0.4993062049548696,0.40159590851712507,0.04334222537535848,0.009299381781447673,0.4263194623746043,0.003072768760198769,0.44914581855600416,0.1750067053719874,0.032976715286586404,0.014766725059429461
3.3499999999999996,0.4999359183130672,0.39882987974631007,0.0414297810235801,0.008221564459536338,0.4144738320744618,0.0031763799739586143,0.44142877372490763,0.1640597179974931,0.0305781983772534,0.014794973815078806
3.3699999999999997,0.5005531530858587,0.3959595097735131,0.03951764291500889,0.0071733584175149535,0.40240855330272157,0.00326921958748403,0.4336135638018693,0.15331866936235275,0.02824359859587986,0.014823207854549221
3.3899999999999997,0.5011569168719748,0.39298067431109907,0.03760698717740394,0.006158778840351447,0.3901259588478752,0.0033498828358286764,0.4257036146151596,0.14283128574577408,0.025976718125293473,0.014851413591582846
3.4099999999999997,0.5017461625840302,0.38988907598487577,0.03569910121146783,0.005182503719465209,0.37762919612273116,0.0034169593113647988,0.417702606564141,0.13263997933997762,0.02378139932833018,0.014879576675629048
3.4299999999999997,0.5023197851391877,0.38668023742958385,0.03379539634475412,0.004250067870956571,0.36492231603787045,0.003469047498671224,0.4096144772184163,0.12278154672304886,0.021661511881718432,0.014907681949448939
3.4499999999999997,0.50287661791905,0.3833494942687971,0.03189742235980797,0.003368152063366567,0.35201036982863454,0.0035047715868299395,0.4014434231720279,0.11328700486239071,0.019620937661850683,0.01493571340416674
3.4699999999999998,0.5034154289799967,0.3798919880135469,0.03000688426447239,0.00254503973514134,0.33889951450926226,0.0035228007589344634,0.393193901093392,0.10418155653767011,0.01766355302254353,0.014963654131597103
3.4899999999999998,0.5039349169933944,0.37630265892295506,0.028125661766520763,0.0017913971270024785,0.3255971277065593,0.0035218711679898046,0.3848706279118299,0.09548467295145549,0.0157932080329317,0.01499148627366381
3.51,0.5044337068931236,0.3725762388809523,0.026255832039634587,0.0011217626749042066,0.3121119327246603,0.0035008108201658042,0.3764785800822763,0.08721027802851869,0.014013702152751942,0.015019190968712228
3.53,0.5049103452056694,0.3687072443561285,0.024399696535477338,0.000557931272889719,0.29845413481969435,0.0034585676028262248,0.3680229918709109,0.07936701648911242,0.012328755706046855,0.015046748294502213
3.55,0.5053632950355543,0.3646899695273018,0.022559812825486695,0.00013966620406986166,0.28463556982930566,0.0033942407196064783,0.35950935260616934,0.07195858612032778,0.010741976363631696,0.015074137207651824
3.57,0.5057909306761712,0.36051847967612144,0.02073903277366997,0,0.2706698665220948,0.0033071158340392537,0.35094340284187425,0.06498411356195606,0.009256819646316165,0.015101335479284831
3.59,0.5061915318129856,0.3561866049704495,0.018940548791034312,0,0.25657262432744743,0.0031967042864940692,0.34233112938208465,0.058438552040370094,0.007876542195200018,0.015128319626614851
3.61,0.50656327728268,0.3516879347892968,0.017167950571585898,0,0.24236160850741711,0.0030627868522049976,0.3336787591207265,0.052313078310655854,0.006604146192513962,0.015155064840178693
3.63,0.5069042383479425,0.3470158127725789,0.015425295670805705,0,0.228056965382858,0.0029054626768103805,0.3249927516531827,0.0465954637675712,0.005442312809672251,0.015181544906408082
3.65,0.5072123714432999,0.34216333281815503,0.013717198749034735,0,0.21368146098960492,0.0027252043037275424,0.316279790621733,0.041270389802718216,0.004393321832819044,0.015207732125203845
3.67,0.5074855103425233,0.3371233362958434,0.012048946595511558,0,0.1992607476107413,0.0025229201703718044,0.3075467737621123,0.03631966725566704,0.0034589535432802904,0.015233597222149849
3.69,0.5077213576926597,0.3318884108052708,0.010426649780012794,0,0.18482366414841567,0.002300026733179163,0.29880080162444494,0.03172229853079725,0.0026403672885453216,0.015259109254973693
3.71,0.5079174758535324,0.3264508908735687,0.00885744811358803,0,0.17040257847760487,0.00205853373827603,0.2900491649483935,0.0274542758381079,0.0019379485583680626,0.015284235513829002
3.73,0.5080712769745402,0.32080286107288797,0.007349798414565651,0,0.1560337830990516,0.0018011485858541749,0.28129933067954255,0.023487908655269608,0.0013511119750898072,0.015308941414938335
3.75,0.5081800122326011,0.3149361621398209,0.0059138945755382545,0,0.14175796011358394,0.0015314102936402054,0.2725589266217107,0.019790232218646734,0.0008780397125011007,0.015333190387097004
3.77,0.508240760146027,0.30884240080336267,0.004562314058805571,0,0.12762073865303641,0.0012538726389684993,0.2638357247280382,0.016319399892030413,0.0005153194982213603,0.015356943750495266
3.79,0.5082504138687441,0.3025129641804103,0.0033110850340652654,0,0.11367337891323546,0.0009743756473191004,0.25513762304222415,0.013015913722154278,0.0002574129984129687,0.015380160587269612
3.81,0.5082056673574509,0.29593903978474806,0.002181628167910496,0,0.09997363446211316,0.0007004918158257737,0.2464726263100976,0.009777311722688156,0.00009580060460115115,0.015402797603142443
3.83,0.5081030002907194,0.28911164242580223,0.0012048482186731806,0,0.08658687335084332,0.0004423667212569918,0.2378488252906646,0.006354232685740729,0.000017371062894918295,0.01542480897945295
3.8499999999999996,0.507938661603431,0.2820216495581762,0.00043226248939975893,0,0.07358758801558372,0.00021465458105143762,0.22927437480474652,0,0,0.015446146214819854
3.8699999999999997,0.5077086514819399,0.2746598469966815,0,0,0.061061513001954865,0.0000430455400825378,0.22075747056812295,0,0,0.015466757955607927
3.8899999999999997,0.5074087016445243,0.2670169873529592,0,0,0.04910873986398109,0,0.21230632486449302,0,0,0.015486589814295057
3.9099999999999997,0.5070342537075262,0.2590838641034891,0,0,0.03784857018808621,0,0.20392914112132937,0,0,0.015505584174752396
3.9299999999999997,0.5065804354094406,0.2508514048976599,0,0,0.027427649067837873,0,0.19563408745849278,0,0,0.015523679983358584
3.9499999999999997,0.5060420344323683,0.24231078860213953,0,0,0.018035010879631122,0,0.18742926928492767,0,0,0.01554081252476597
3.9699999999999998,0.50541346952171,0.23345359171346675,0,0,0.009934301207841579,0,0.1793227010224029,0,0,0.015556913181023542
3.9899999999999998,0.5046887585596571,0.22427197123536338,0,0,0.003552727901427112,0,0.17132227703651326,0,0,0.015571909172635201
4.01,0.5038614831944785,0.21475889302325207,0,0,0,0,0.16343574185329263,0,0,0.015585723279991432
4.03,0.5029247495640834,0.20490841710375493,0,0,0,0,0.155670659733857,0,0,0.01559827354345614
4.05,0.5018711445766268,0.19471605480762608,0,0,0,0,0.14803438366827135,0,0,0.015609472940215441
4.07,0.5006926871203699,0.1841792170394442,0,0,0,0,0.14053402383168137,0,0,0.0156192290358
4.09,0.49938077346601956,0.17329777913488645,0,0,0,0,0.13317641551846274,0,0,0.015627443607973437
4.109999999999999,0.49792611599310277,0.16207479626791785,0,0,0,0,0.12596808653062497,0,0,0.015634012240432926
4.13,0.4963186742118549,0.1505174154204292,0,0,0,0,0.11891522394072068,0,0,0.015638823883491523
4.1499999999999995,0.4945475768565366,0.13863804736511795,0,0,0,0,0.11202364007085613,0,0,0.01564176037859929
4.17,0.49260103358558005,0.1264558879992991,0,0,0,0,0.10529873741916417,0,0,0.015642695943207028
4.1899999999999995,0.4904662345264395,0.11399891795825656,0,0,0,0,0.0987454721100516,0,0,0.015641496612075877
4.21,0.48812923553238174,0.10130657215276057,0,0,0,0,0.0923683152246352,0,0,0.01563801963068143
4.2299999999999995,0.4855748265534836,0.08843337447383932,0,0,0,0,0.0861712110523585,0,0,0.015632112795841667
4.25,0.48278637993632123,0.07545401291157021,0,0,0,0,0.08015753084544162,0,0,0.015623613738105856
4.27,0.4797456747177401,0.06247066310064982,0,0,0,0,0.07433001997708981,0,0,0.015612349139761136
4.29,0.4764326920151275,0.049624033208351535,0,0,0,0,0.06869073537447025,0,0,0.015598133881531608
4.31,0.47282537536608077,0.037111072078503546,0,0,0,0,0.06324096850252257,0,0,0.015580770110141477
4.33,0.4688993482328651,0.025216000532452564,0,0,0,0,0.05798114663820454,0,0,0.015560046217867208
4.35,0.4646275787176488,0.01437279235341674,0,0,0,0,0.05291070101800508,0,0,0.01553573572398564
4.37,0.45997997862719087,0.005326436558297465,0,0,0,0,0.04802788339167301,0,0,0.01550759604660198
4.39,0.45492292007966056,0,0,0,0,0,0.04332950007706023,0,0,0.015475367151671103
4.41,0.44941864741693144,0,0,0,0,0,0.038810509632739555,0,0,0.015438770064055687
4.43,0.4434245546026494,0,0,0,0,0,0.03446338543627836,0,0,0.015397505223128662
4.45,0.4368922875202943,0,0,0,0,0,0.030277051049048556,0,0,0.01535125066264428
4.47,0.4297666150215104,0,0,0,0,0,0.02623498512294828,0,0,0.01529965999126523
4.49,0.4219839896202706,0,0,0,0,0,0.022311563212459144,0,0,0.015242360146107196
4.51,0.41347068411071997,0,0,0,0,0,0.018464179706010376,0,0,0.015178948886777075
4.53,0.40414033685857287,0,0,0,0,0,0.014613353501147298,0,0,0.015108991991406083
4.55,0.3938906533785401,0,0,0,0,0,0.010577467743572398,0,0,0.015032020108821199
4.57,0.38259887197114617,0,0,0,0,0,0.0056938615975556375,0,0,0.014947525211867214
4.59,0.37011536284355767,0,0,0,0,0,0,0,0,0.014854956585457206
4.61,0.35625430599556357,0,0,0,0,0,0,0,0,0.014753716268495589
4.63,0.3407795989851047,0,0,0,0,0,0,0,0,0.014643153850409074
4.6499999999999995,0.3233825649902595,0,0,0,0,0,0,0,0,0.014522560499322705
4.67,0.3036446404717945,0,0,0,0,0,0,0,0,0.014391162068062235
4.6899999999999995,0.28097022539796923,0,0,0,0,0,0,0,0,0.014248111083545685
4.71,0.254453538995514,0,0,0,0,0,0,0,0,0.014092477370981422
4.7299999999999995,0.22257574024148802,0,0,0,0,0,0,0,0,0.013923236991175893
4.75,0.18235124118880006,0,0,0,0,0,0,0,0,0.013739259069113293
4.77,0.12571631301451883,0,0,0,0,0,0,0,0,0.013539289952730536
4.79,0,0,0,0,0,0,0,0,0,0.013321933943997803
4.81,0,0,0,0,0,0,0,0,0,0.013085629561230149
4.83,0,0,0,0,0,0,0,0,0,0.01282861987608403
4.85,0,0,0,0,0,0,0,0,0,0.012548914845974852
4.87,0,0,0,0,0,0,0,0,0,0.012244242606943229
4.89,0,0,0,0,0,0,0,0,0,0.011911985186001487
4.91,0,0,0,0,0,0,0,0,0,0.01154909164725907
4.93,0,0,0,0,0,0,0,0,0,0.011151957581004077
4.95,0,0,0,0,0,0,0,0,0,0.01071625267818509
4.97,0,0,0,0,0,0,0,0,0,0.010236665039835093
4.99,0,0,0,0,0,0,0,0,0,0.0097065056286628
