model,plot_label,mass_GeV,ctau_m,weighted_mean_energy_GeV,weighted_median_energy_GeV,energy_q16_GeV,energy_q84_GeV,fraction_below_1_GeV,effective_sample_size,accepted_samples,normalization,range_coverage,N_LLP_total,epsilon_polar,epsilon_azimuthal,mean_P_decay,visible_Br,N_events,reference_ctau_m,is_reference,weighted_mean_gamma,ctau_times_weighted_mean_gamma_m,N_events_ge_10,total_variation_distance_to_reference,binned_cdf_max_distance_to_reference,nonempty_bins_with_low_N_eff,common_ctau_lower_m,common_ctau_upper_m
ALP-SU2L,ALP-$SU(2)_L$,0.3,3.0,72.85460336739918,67.17915103096061,44.73612171817004,101.1280924900918,8.323291739762869e-07,536646.9805416088,612284,0.9999999999999968,1.0,36456847.266290285,0.30451158975863324,0.612284,0.06346221426322984,1.0,431371.1211385267,1000.0,False,242.8486778913306,728.5460336739918,True,0.015835909487350874,0.01583590948735092,6,3.0,265.45350016020666
ALP-SU2L,ALP-$SU(2)_L$,0.3,4.509300546162,72.520113588907,66.83272929109553,44.48956565676905,100.73624933075864,6.739502298440896e-06,532005.061956106,612599,0.9999999999999982,1.0,24254436.06591257,0.30451158975863324,0.612599,0.04353809449027014,1.0,196988.42556884684,1000.0,False,241.73371196302332,1090.0499593806287,True,0.010853284398503275,0.010853284398503249,6,3.0,265.45350016020666
ALP-SU2L,ALP-$SU(2)_L$,0.3,6.777930471871,72.29418012772977,66.60910278597096,44.31491378119002,100.45981337996477,3.137367308048488e-05,528770.352134902,612819,1.0000000000000056,1.0,16136273.7863376,0.30451158975863324,0.612819,0.02956824738731724,1.0,89035.84516522581,1000.0,False,240.9806004257659,1633.3497547555685,True,0.007497591985593942,0.00749759198559391,6,3.0,265.45350016020666
ALP-SU2L,ALP-$SU(2)_L$,0.3,10.187908526217,72.14039634234497,66.45608091716466,44.19370474561284,100.27689706491985,9.738800447905397e-05,526290.1749475433,612971,0.9999999999999989,1.0,10735328.2096539,0.30451158975863324,0.612971,0.019944841666682787,1.0,39965.907094687565,1000.0,False,240.46798780781657,2449.8658632695,True,0.005230418932282725,0.005230418932282654,6,3.0,265.45350016020666
ALP-SU2L,ALP-$SU(2)_L$,0.3,15.313447160505,72.03151307066481,66.35578554214831,44.10958097167637,100.14620412326904,0.00022253585955263607,523329.53830112936,613067,1.0000000000000022,1.0,7142124.2162214825,0.30451158975863324,0.613067,0.013393038003766119,1.0,17857.401638996074,1000.0,False,240.10504356888273,3676.8358976628365,True,0.003671881631703434,0.0036718816317033998,6,3.0,265.45350016020666
ALP-SU2L,ALP-$SU(2)_L$,0.3,23.017645214827,71.95233323491712,66.28326440695375,44.045915466931014,100.06162458019317,0.0004031046637936145,518188.748462323,613146,0.9999999999999983,1.0,4751595.603203535,0.30451158975863324,0.613146,0.008966479722690995,1.0,7954.798230577701,1000.0,False,239.84111078305708,5520.5775959344255,True,0.002595356041880377,0.0025953560418803256,6,3.0,265.45350016020666
ALP-SU2L,ALP-$SU(2)_L$,0.3,34.597826712857,71.89378570446239,66.23024759943601,44.00210511877884,100.00062978421367,0.0006138199554726331,509718.3287159147,613188,0.9999999999999983,1.0,3161196.878248637,0.30451158975863324,0.613188,0.005990851962759987,1.0,3536.2064034423706,1000.0,False,239.64595234820797,8291.229131780885,True,0.00183266365443773,0.0018326636544377384,6,3.0,265.45350016020666
ALP-SU2L,ALP-$SU(2)_L$,0.3,52.003999630763,71.84882748199021,66.19306914008199,43.96324747363947,99.95670248636014,0.0008229517554406371,498464.79050082795,613225,1.0000000000000016,1.0,2103117.886612949,0.30451158975863324,0.613225,0.003997347306909573,1.0,1569.8536922483686,1000.0,False,239.49609160663405,12454.754659480579,True,0.0012581078650102256,0.0012581078650102384,6,3.0,265.45350016020666
ALP-SU2L,ALP-$SU(2)_L$,0.3,78.167221312528,71.81581037549485,66.16551842790996,43.938832645721575,99.92959566341537,0.0010070443900939258,486235.81283137295,613243,0.9999999999999999,1.0,1399186.768601967,0.30451158975863324,0.613243,0.002664704580841697,1.0,696.2435489727656,1000.0,False,239.38603458498284,18712.141144532834,True,0.0008444444909699678,0.0008444444909699311,6,3.0,265.45350016020666
ALP-SU2L,ALP-$SU(2)_L$,0.3,117.493164585503,71.79210236510208,66.14835061430026,43.92411292455562,99.91103176849465,0.0011556071573422624,474879.1245491533,613254,1.0000000000000016,1.0,930867.2737236464,0.30451158975863324,0.613254,0.0017752009498518402,1.0,308.5883313031024,1000.0,False,239.3070078836736,28116.937663740726,True,0.0005500247551752106,0.0005500247551751825,6,3.0,265.45350016020666
ALP-SU2L,ALP-$SU(2)_L$,0.3,176.603997078552,71.77524618905592,66.1378554043776,43.9084657375139,99.89793192703506,0.0012683612632362834,465444.9292456546,613259,1.0000000000000007,1.0,619298.2243217505,0.30451158975863324,0.613259,0.0011821059489094073,1.0,136.7111683313453,1000.0,False,239.2508206301864,42252.65122761461,True,0.00034554075117732653,0.00034554075117726457,6,3.0,265.45350016020666
ALP-SU2L,ALP-$SU(2)_L$,0.3,265.453500160207,71.76375976391887,66.127142008294,43.900004426316436,99.88927790660021,0.0013503650177070492,458183.3360081179,613266,1.0000000000000002,1.0,412013.93740471813,0.30451158975863324,0.613266,0.000786926523944765,1.0,60.54786102838368,1000.0,False,239.21253254639623,63499.80404662831,True,0.00020901121950794507,0.00020901121950789303,6,3.0,265.45350016020666
ALP-SU2L,ALP-$SU(2)_L$,0.3,1000.0,71.74619247581245,66.11550710498597,43.88463047610924,99.87686206728543,0.001481280743946165,445954.5096972215,613274,0.9999999999999998,1.0,109370.54179887085,0.30451158975863324,0.613274,0.00020908145024253644,1.0,4.270455954635791,1000.0,True,239.15397491937483,239153.97491937483,False,0.0,0.0,6,3.0,265.45350016020666
ALP-photon-primary,"ALP-photon, primary",0.3,3.0,17.56570224845333,12.249507091759648,5.636899001268195,28.029620651591426,4.3767210222283574e-05,694003.7990431102,844627,1.000000000000002,1.0,287515.57074458414,0.7623223908428486,0.844627,0.19517042601542484,0.9999999999999996,36130.91963943409,1000.0,False,58.55234082817777,175.65702248453331,True,0.23980662870878883,0.23980662870878883,3,3.0,265.45350016020666
ALP-photon-primary,"ALP-photon, primary",0.3,4.509300546162,15.902172335712246,10.80585577851681,4.8207064931766865,25.54286311266694,0.00019305118233750162,640033.1604125047,846445,1.000000000000003,1.0,191281.7084165951,0.7623223908428486,0.846445,0.16000214130714743,0.9999999999999996,19748.615612550795,1000.0,False,53.00724111904082,239.02558132863157,True,0.18049753807432536,0.18049753807432534,3,3.0,265.45350016020666
ALP-photon-primary,"ALP-photon, primary",0.3,6.777930471871,14.675625760127476,9.755839817404565,4.238944872007282,23.724123752499754,0.000565600856475507,583137.4567634701,847639,1.0000000000000004,1.0,127258.12337754073,0.7623223908428486,0.847639,0.125011906522987,0.9999999999999996,10279.84341849031,1000.0,False,48.91875253375825,331.5679034444767,True,0.13300415718734537,0.13300415718734537,3,3.0,265.45350016020666
ALP-photon-primary,"ALP-photon, primary",0.3,10.187908526217,13.785811593674001,9.00711265606416,3.831487585435937,22.387564746638617,0.0012178983147058632,530568.4266608116,848448,1.0000000000000024,1.0,84663.76685794955,0.7623223908428486,0.848448,0.09382944113850918,0.9999999999999996,5138.077173757967,1000.0,False,45.95270531224667,468.16195825337513,True,0.09511694160086993,0.09511694160086986,3,3.0,265.45350016020666
ALP-photon-primary,"ALP-photon, primary",0.3,15.313447160505,13.152226612381751,8.48418780470702,3.5395455577535615,21.40685757826521,0.0020990768213821533,486267.19943852443,848973,0.9999999999999971,1.0,56326.097134964606,0.7623223908428486,0.848973,0.06817670501062768,0.9999999999999996,2485.296580127824,1000.0,False,43.84075537460584,671.3530909056522,True,0.06683593649676749,0.06683593649676745,3,3.0,265.45350016020666
ALP-photon-primary,"ALP-photon, primary",0.3,23.017645214827,12.707363670577394,8.108416020285867,3.3395181574617756,20.71719979427986,0.0030762242930730496,451290.7740715469,849316,1.0000000000000049,1.0,37473.28209221577,0.7623223908428486,0.849316,0.048309138196338135,0.9999999999999996,1172.0847195999534,1000.0,False,42.35787890192465,974.9786286171075,True,0.04614086674865475,0.04614086674865481,3,3.0,265.45350016020666
ALP-photon-primary,"ALP-photon, primary",0.3,34.597826712857,12.397935023112373,7.852150845570218,3.1999997356779817,20.238954211541245,0.004002713734927489,424936.2965768357,849575,1.0000000000000004,1.0,24930.661668214525,0.7623223908428486,0.849575,0.033597100033004486,0.9999999999999996,542.470339786288,1000.0,False,41.326450077041244,1429.8053584230088,True,0.031252765869331595,0.03125276586933157,3,3.0,265.45350016020666
ALP-photon-primary,"ALP-photon, primary",0.3,52.003999630763,12.185195961903878,7.66686532534947,3.1047346951549684,19.924966000721554,0.004773238090238449,405757.68112444796,849757,1.0000000000000024,1.0,16586.16103295856,0.7623223908428486,0.849757,0.0230493640587195,0.9999999999999996,247.64995416919916,1000.0,False,40.617319873012924,2112.2630876787466,True,0.020796850115461445,0.02079685011546145,3,3.0,265.45350016020666
ALP-photon-primary,"ALP-photon, primary",0.3,78.167221312528,12.041684134215599,7.547872896609569,3.043147806965191,19.71291714404553,0.005377699499806806,392206.40850408917,849873,0.9999999999999999,1.0,11034.634438201663,0.7623223908428486,0.849873,0.01565885171381143,0.9999999999999996,111.94651284963894,1000.0,False,40.138947114051994,3137.5499623159594,True,0.01367703568271551,0.013677035682715444,3,3.0,265.45350016020666
ALP-photon-primary,"ALP-photon, primary",0.3,117.493164585503,11.945041902624181,7.465930281863152,3.005333762206078,19.55772699696657,0.00582732766552293,382796.69059916295,849944,0.9999999999999968,1.0,7341.2501508209325,0.7623223908428486,0.849944,0.010566356057499667,0.9999999999999996,50.260204617974814,1000.0,False,39.8168063420806,4678.202580819176,True,0.008828096874618383,0.00882809687461833,3,3.0,265.45350016020666
ALP-photon-primary,"ALP-photon, primary",0.3,176.603997078552,11.879466632844562,7.4099022307705775,2.977200105470218,19.4606994670023,0.006173698759236614,376264.1704240482,849994,0.9999999999999986,1.0,4884.0724247600065,0.7623223908428486,0.849994,0.007097527387320335,0.9999999999999996,22.461756168362978,1000.0,False,39.598222109481874,6993.20430173879,True,0.005510530948846743,0.005510530948846681,3,3.0,265.45350016020666
ALP-photon-primary,"ALP-photon, primary",0.3,265.453500160207,11.835521220163084,7.374833092670391,2.957762811506745,19.39285737256245,0.006400511033460411,371848.5083029823,850028,1.0000000000000064,1.0,3249.3326014280724,0.7623223908428486,0.850028,0.004752460667259397,0.9999999999999996,10.006555462156479,1000.0,False,39.451737400543614,10472.60178037565,True,0.0032810832870531644,0.0032810832870531215,3,3.0,265.45350016020666
ALP-photon-primary,"ALP-photon, primary",0.3,1000.0,11.771017065740056,7.322104723159753,2.9284578672207005,19.290465753881396,0.006748733612294479,365280.2589357239,850074,1.0000000000000056,1.0,862.5467122337526,0.7623223908428486,0.850074,0.0012735815099810977,0.9999999999999996,0.7118767001702883,1000.0,True,39.236723552466856,39236.72355246686,False,0.0,0.0,3,3.0,265.45350016020666
ALP-SU2L,ALP-$SU(2)_L$,0.4,4.0,72.80028750378801,67.15145063844228,44.593953814652465,101.1185274418326,5.656014847301003e-06,534921.3280899574,610388,1.0000000000000073,1.0,11526572.89776154,0.3061405206985578,0.610388,0.06350293105944943,1.0,136779.42569834623,1000.0,False,182.00071875947003,728.0028750378801,True,0.020375248705636388,0.02037524870563634,12,4.0,156.10182143080877
ALP-SU2L,ALP-$SU(2)_L$,0.4,5.581205190324,72.51349567061061,66.85250559306472,44.38426402118095,100.77770397498962,2.843248829128525e-05,530973.3720759278,610658,1.0000000000000002,1.0,8260992.029280615,0.3061405206985578,0.610658,0.046713648647619184,1.0,72143.11004796479,1000.0,False,181.28373917652652,1011.7817460133721,True,0.0161892325788652,0.016189232578865176,12,4.0,156.10182143080877
ALP-SU2L,ALP-$SU(2)_L$,0.4,7.787462844124,72.29844167986971,66.62474656715311,44.22816843492585,100.50408072110342,9.347734340239909e-05,527710.994676012,610862,0.999999999999998,1.0,5920579.335519461,0.3061405206985578,0.610862,0.03411790230424742,1.0,37775.5201060132,1000.0,False,180.74610419967428,1407.5535706751282,True,0.013349405371787235,0.013349405371787193,12,4.0,156.10182143080877
ALP-SU2L,ALP-$SU(2)_L$,0.4,10.865857011269,72.13206285909806,66.47632125934649,44.09244187544759,100.31053115629496,0.0002413018353789528,524158.41279157513,610978,1.0000000000000044,1.0,4243226.424131041,0.3061405206985578,0.610978,0.02479081775360821,1.0,19675.847536955327,1000.0,False,180.33015714774513,1959.441702387067,True,0.011201652193113622,0.011201652193113587,12,4.0,156.10182143080877
ALP-SU2L,ALP-$SU(2)_L$,0.4,15.161144387152,71.99653410820311,66.35996129052512,43.986180820408364,100.16513749993138,0.0005130544228353426,518585.4541660645,611070,0.9999999999999989,1.0,3041082.5471801455,0.3061405206985578,0.61107,0.017947992960956113,1.0,10210.708519603184,1000.0,False,179.99133527050776,2728.8746224724523,True,0.009550711218026715,0.009550711218026697,12,4.0,156.10182143080877
ALP-SU2L,ALP-$SU(2)_L$,0.4,21.154364436204,71.8773984810258,66.25780321412603,43.88504750043575,100.05917165101086,0.0009406755723817688,508897.07805715164,611140,0.9999999999999987,1.0,2179516.748427523,0.3061405206985578,0.61114,0.012960917124647097,1.0,5285.151862039141,1000.0,False,179.69349620256452,3801.301705484689,True,0.008227663904858394,0.008227663904858379,12,4.0,156.10182143080877
ALP-SU2L,ALP-$SU(2)_L$,0.4,29.516712147334,71.77011534137787,66.17738723256669,43.8007547123974,99.9698983098583,0.0015124680894409723,492822.4760785599,611206,1.0000000000000029,1.0,1562040.2218548097,0.3061405206985578,0.611206,0.009342469989865064,1.0,2730.6268072706234,1000.0,False,179.42528835344467,5296.044588281026,True,0.007098179785745408,0.007098179785745395,12,4.0,156.10182143080877
ALP-SU2L,ALP-$SU(2)_L$,0.4,41.184706759497,71.6723242998919,66.11277792705768,43.72216145979238,99.89665540408006,0.0021923991343144765,469240.8119880523,611239,1.0000000000000009,1.0,1119500.3004462153,0.3061405206985578,0.611239,0.006725288265138496,1.0,1408.8572516565655,1000.0,False,179.18081074972974,7379.509147656547,True,0.0060558242243034435,0.006055824224303438,12,4.0,156.10182143080877
ALP-SU2L,ALP-$SU(2)_L$,0.4,57.465074782015,71.58356807180745,66.05338115144113,43.654174803948,99.83309859284074,0.0029201239654384208,439346.8355779158,611272,1.000000000000006,1.0,802335.884290473,0.3061405206985578,0.611272,0.004836513067473884,1.0,726.1793606327434,1000.0,False,178.9589201795186,10283.88773102469,True,0.005087802667729819,0.0050878026677299085,12,4.0,156.10182143080877
ALP-SU2L,ALP-$SU(2)_L$,0.4,80.181093408928,71.50539567955373,66.00262376861865,43.59465620582033,99.78297853196369,0.0036326407569221147,406491.4003767078,611302,0.999999999999998,1.0,575026.9749490884,0.3061405206985578,0.611302,0.0034755360741227826,1.0,374.0129606654565,1000.0,False,178.76348919888432,14333.452025561635,True,0.004222816849733615,0.004222816849733614,12,4.0,156.10182143080877
ALP-SU2L,ALP-$SU(2)_L$,0.4,111.876783674932,71.4387912679757,65.96373288523048,43.5377781618177,99.74655102224315,0.004280758227998857,374666.5304758615,611325,0.9999999999999996,1.0,412116.706223984,0.3061405206985578,0.611325,0.0024960234229180482,1.0,192.51379251956664,1000.0,False,178.59697816993923,19980.855491714843,True,0.0034687678921267507,0.0034687678921267416,12,4.0,156.10182143080877
ALP-SU2L,ALP-$SU(2)_L$,0.4,156.101821430809,71.36764943827923,65.92465114419493,43.475956224609156,99.7148739075975,0.005077345846839639,340028.1273287638,611332,1.0000000000000047,1.0,295360.3690747609,0.3061405206985578,0.611332,0.0017921112743351506,1.0,99.06383578418948,1000.0,False,178.41912359569807,27851.5501713771,True,0.002606642955481398,0.002606642955481289,13,4.0,156.10182143080877
ALP-SU2L,ALP-$SU(2)_L$,0.4,1000.0,71.16064339392501,65.8165660367413,43.312095905011844,99.61610441058578,0.007541911346689337,197347.55140891846,611347,1.0000000000000002,1.0,46106.29159104616,0.3061405206985578,0.611347,0.00028105361374096947,1.0,2.4252581250822596,1000.0,True,177.90160848481253,177901.60848481252,False,0.0,0.0,13,4.0,156.10182143080877
ALP-photon-primary,"ALP-photon, primary",0.4,4.0,19.292300395455765,13.65323562428237,6.467755611506851,30.52846393980995,3.233069127503701e-06,698394.5445606905,862146,0.9999999999999969,1.0,61866.39720270063,0.8178540411317706,0.862146,0.18579408144734244,1.0,8104.8190348298895,1000.0,False,48.23075098863941,192.92300395455763,True,0.19031651995077334,0.19031651995077337,2,4.0,156.10182143080877
ALP-photon-primary,"ALP-photon, primary",0.4,5.581205190324,18.00390027653647,12.588405747731448,5.8459439197506375,28.60254770167052,1.1952607384879608e-05,653431.8681268023,863354,0.9999999999999998,1.0,44339.095297880755,0.8178540411317706,0.863354,0.15512809682576542,1.0,4856.708090884811,1000.0,False,45.009750691341175,251.2086541737026,True,0.14824454024234154,0.14824454024234163,2,4.0,156.10182143080877
ALP-photon-primary,"ALP-photon, primary",0.4,7.787462844124,17.012539649797226,11.741534611431607,5.357731752565481,27.137109854287438,3.139501220181688e-05,608928.8323008483,864295,0.9999999999999966,1.0,31777.434289465244,0.8178540411317706,0.864295,0.1254741293643397,1.0,2818.4531801323833,1000.0,False,42.53134912449306,331.2113010174555,True,0.11303978528719447,0.11303978528719444,2,4.0,156.10182143080877
ALP-photon-primary,"ALP-photon, primary",0.4,10.865857011269,16.259193596626773,11.098088977533372,4.995262182914194,26.007766185548157,6.576423373810236e-05,568277.2516891684,864952,0.9999999999999988,1.0,22774.603839729854,0.8178540411317706,0.864952,0.09880380471463507,1.0,1591.8139670320027,1000.0,False,40.64798399156693,441.6751818487176,True,0.08522960825140997,0.08522960825140996,2,4.0,156.10182143080877
ALP-photon-primary,"ALP-photon, primary",0.4,15.161144387152,15.693322471944263,10.604431438717347,4.728201068899864,25.17706032171233,0.00011696956246921323,533358.073852228,865401,0.999999999999998,1.0,16322.355522219823,0.8178540411317706,0.865401,0.07610528358944603,1.0,879.2063950915807,1000.0,False,39.233306179860655,594.8218197782103,True,0.06339985108215831,0.0633998510821584,3,4.0,156.10182143080877
ALP-photon-primary,"ALP-photon, primary",0.4,21.154364436204,15.272019882817883,10.248807265698474,4.530528960173064,24.558287692915833,0.00017276322387764178,504681.373052791,865711,1.0000000000000004,1.0,11698.086678855028,0.8178540411317706,0.865711,0.05759638680602494,1.0,477.0444136330689,1000.0,False,38.1800497070447,807.6746856952074,True,0.04658073693633137,0.04658073693633147,3,4.0,156.10182143080877
ALP-photon-primary,"ALP-photon, primary",0.4,29.516712147334,14.960391851677194,9.985946650743841,4.38621759753364,24.100054752171243,0.0002468423012230266,481958.0634503047,865953,0.9999999999999951,1.0,8383.914427039395,0.8178540411317706,0.865953,0.042992635378614065,1.0,255.2766132440835,1000.0,False,37.40097962919298,1103.953949743192,True,0.03383046152992572,0.033830461529925804,3,4.0,156.10182143080877
ALP-photon-primary,"ALP-photon, primary",0.4,41.184706759497,14.732228317561546,9.798266125534948,4.280374238913923,23.766841264698634,0.0003127911666742439,464412.7074537122,866116,0.9999999999999959,1.0,6008.67672206354,0.8178540411317706,0.866116,0.03175239397797537,1.0,135.14723935679044,1000.0,False,36.83057079390386,1516.856257931825,True,0.024323623122015886,0.024323623122015914,3,4.0,156.10182143080877
ALP-photon-primary,"ALP-photon, primary",0.4,57.465074782015,14.566235562010203,9.650682553366845,4.203845068756728,23.52277984841775,0.0003723305296711278,451171.56293302454,866229,1.000000000000003,1.0,4306.365035624255,0.8178540411317706,0.866229,0.02326323734783709,1.0,70.97240390235501,1000.0,False,36.4155889050255,2092.6245396584063,True,0.01731831105849529,0.01731831105849535,3,4.0,156.10182143080877
ALP-photon-primary,"ALP-photon, primary",0.4,80.181093408928,14.446166199245537,9.547399628426472,4.148512718994997,23.333447581198588,0.0004229525571427561,441270.69100474584,866305,0.9999999999999998,1.0,3086.3334271174667,0.8178540411317706,0.866305,0.016941842445644072,1.0,37.04674927270516,1000.0,False,36.11541549811384,2895.773503556512,True,0.012229312485212857,0.012229312485212862,3,4.0,156.10182143080877
ALP-photon-primary,"ALP-photon, primary",0.4,111.876783674932,14.359482383853015,9.472335767576277,4.105536515644958,23.205424988598796,0.0004640774065625932,433987.2365669344,866365,0.9999999999999997,1.0,2211.9476506389024,0.8178540411317706,0.866365,0.012283924573622542,1.0,19.25256899988135,1000.0,False,35.89870595963254,4016.2317608558014,True,0.008536612475797178,0.008536612475797178,3,4.0,156.10182143080877
ALP-photon-primary,"ALP-photon, primary",0.4,156.101821430809,14.296809153075158,9.417638490688425,4.0751545684497765,23.1175450744397,0.0004963719826730892,428647.7299027097,866404,0.999999999999997,1.0,1585.2831603280802,0.8178540411317706,0.866404,0.008878123918625433,1.0,9.972965150762205,1000.0,False,35.74202288268789,5579.394873609234,False,0.005848326163387508,0.0058483261633875405,3,4.0,156.10182143080877
ALP-photon-primary,"ALP-photon, primary",0.4,1000.0,14.161402844129881,9.302105382244912,4.012223575872209,22.922280497434496,0.0005743346393268026,416861.84817618836,866500,0.9999999999999969,1.0,247.4655888108025,0.8178540411317706,0.8665,0.0014113441154697268,1.0,0.24750963213771812,1000.0,True,35.4035071103247,35403.5071103247,False,0.0,0.0,3,4.0,156.10182143080877
ALP-SU2L,ALP-$SU(2)_L$,0.5,5.0,72.69881356932473,67.04374673639678,44.474034016232295,101.1265230919202,6.240752809824019e-06,535359.420392442,611315,1.000000000000001,1.0,4716704.655548625,0.3082158704867878,0.611315,0.06358183456046665,1.0,56505.638595059165,1000.0,False,145.39762713864945,726.9881356932473,True,0.021629488353315685,0.02162948835331563,16,5.0,99.97231863122911
ALP-SU2L,ALP-$SU(2)_L$,0.5,6.564996940125,72.44981351356248,66.80323585130218,44.27498090487475,100.8216148359267,2.1986020809618286e-05,531883.768186719,611546,0.999999999999998,1.0,3592312.912379527,0.3082158704867878,0.611546,0.04950481624638475,1.0,33520.13348827553,1000.0,False,144.89962702712495,951.265608058329,True,0.01818702243759571,0.018187022437595735,16,5.0,99.97231863122911
ALP-SU2L,ALP-$SU(2)_L$,0.5,8.619836964771,72.24743776906952,66.61296062544479,44.11865730141359,100.59569314231904,6.565585934628321e-05,528583.0595774228,611727,0.9999999999999991,1.0,2735959.3196632643,0.3082158704867878,0.611727,0.038351686069897646,1.0,19783.664769314888,1000.0,False,144.49487553813904,1245.5222693836358,True,0.015414226876052954,0.015414226876052983,16,5.0,99.97231863122911
ALP-SU2L,ALP-$SU(2)_L$,0.5,11.31784065962,72.07844803302304,66.454767164516,43.98220596965885,100.40961615507142,0.0001520168366831456,524634.710518348,611836,0.9999999999999948,1.0,2083747.5970027435,0.3082158704867878,0.611836,0.029598218826634996,1.0,11630.562330428342,1000.0,False,144.15689606604607,1631.5447796609108,True,0.013193601523334519,0.013193601523334514,16,5.0,99.97231863122911
ALP-SU2L,ALP-$SU(2)_L$,0.5,14.860317859846,71.93061070376173,66.31738707577452,43.85983119042076,100.26176625480122,0.0003023120978082597,518762.19581844646,611935,0.9999999999999994,1.0,1587013.3802095884,0.3082158704867878,0.611935,0.02277743957834618,1.0,6817.823949739315,1000.0,False,143.86122140752346,2137.8234778214805,True,0.011451282027207526,0.011451282027207521,16,5.0,99.97231863122911
ALP-SU2L,ALP-$SU(2)_L$,0.5,19.511588255835,71.79779423679518,66.21325178323087,43.74976140378924,100.13720071302893,0.0005304020176804882,509617.2860062249,612018,1.0000000000000007,1.0,1208693.1606241944,0.3082158704867878,0.612018,0.017490458368005873,1.0,3987.828276386032,1000.0,False,143.59558847359037,2801.7779976510215,True,0.009882488857047594,0.009882488857047594,16,5.0,99.97231863122911
ALP-SU2L,ALP-$SU(2)_L$,0.5,25.618703439309,71.67644932836843,66.12808293172918,43.656325121440105,100.0376362936895,0.0008395459121999644,496227.11119416653,612085,1.000000000000002,1.0,920558.8149147655,0.3082158704867878,0.612085,0.013408393521058694,1.0,2328.60069405963,1000.0,False,143.35289865673687,3672.5153978522594,True,0.008543985227716482,0.008543985227716488,16,5.0,99.97231863122911
ALP-SU2L,ALP-$SU(2)_L$,0.5,33.637341937808,71.56070431295696,66.05110937585283,43.5605233363626,99.95281171060833,0.0013183052681496647,477933.4046086997,612139,1.000000000000006,1.0,701111.3815516885,0.3082158704867878,0.612139,0.010266451419440341,1.0,1358.0395589582567,1000.0,False,143.12140862591392,4814.2237605706105,True,0.007254218244026305,0.007254218244026306,16,5.0,99.97231863122911
ALP-SU2L,ALP-$SU(2)_L$,0.5,44.165809379131,71.4591669931774,65.98339312871757,43.481325818298,99.87836760028118,0.0017309776192207893,456457.9219723415,612186,0.9999999999999991,1.0,533976.9294228464,0.3082158704867878,0.612186,0.007852343208276786,1.0,791.1524148111592,1000.0,False,142.9183339863548,6312.103895624326,True,0.00611181922598109,0.006111819225981002,16,5.0,99.97231863122911
ALP-SU2L,ALP-$SU(2)_L$,0.5,57.98968068643,71.36864400953702,65.92759258645222,43.410161365176116,99.8229765579786,0.0022175075599632312,433017.2298797297,612215,0.9999999999999983,1.0,406684.8273448389,0.3082158704867878,0.612215,0.006000965527793926,1.0,460.50893980704666,1000.0,False,142.73728801907404,8277.289754273093,True,0.0051040537545181865,0.005104053754518195,16,5.0,99.97231863122911
ALP-SU2L,ALP-$SU(2)_L$,0.5,76.140415253051,71.28723269495656,65.87131126131115,43.33643754572223,99.77184953573587,0.002713169229975728,408731.6069551273,612243,0.9999999999999974,1.0,309737.2558235176,0.3082158704867878,0.612243,0.004583172832126556,1.0,267.87890003926265,1000.0,False,142.57446538991312,10855.678999269732,True,0.004181068928999193,0.004181068928999193,16,5.0,99.97231863122911
ALP-SU2L,ALP-$SU(2)_L$,0.5,99.972318631229,71.21685966355749,65.8322889599425,43.2792071464815,99.73122602552864,0.003196501559630173,384672.50893550616,612263,1.0000000000000027,1.0,235900.53327397953,0.3082158704867878,0.612263,0.0034984466756482154,1.0,155.7389326174306,1000.0,False,142.43371932711497,14239.429172401378,True,0.0033722646245552858,0.0033722646245552892,16,5.0,99.97231863122911
ALP-SU2L,ALP-$SU(2)_L$,0.5,1000.0,70.93622092615104,65.6672716518098,43.05378361625182,99.57872837036714,0.005550796535558164,259911.21467109997,612314,0.9999999999999972,1.0,23583.52327774312,0.3082158704867878,0.612314,0.00035240464624295174,1.0,1.5684818579909665,1000.0,True,141.87244185230207,141872.4418523021,False,0.0,0.0,16,5.0,99.97231863122911
ALP-photon-primary,"ALP-photon, primary",0.5,5.0,21.165664473553534,15.232894263079642,7.412753442253159,33.41672648681803,1.4025931651503782e-07,702006.2420305992,878153,1.000000000000001,1.0,18080.64422762002,0.8566153016286332,0.878153,0.175686541092596,1.0,2389.507568510746,1000.0,False,42.33132894710707,211.65664473553534,True,0.15421435902855568,0.1542143590285558,4,5.0,99.97231863122911
ALP-photon-primary,"ALP-photon, primary",0.5,6.564996940125,20.169429110340925,14.372176819691559,6.932187472998681,31.874352728162616,4.066887296202485e-07,666009.6239842082,879009,0.9999999999999987,1.0,13770.489455304882,0.8566153016286332,0.879009,0.14965729336408184,1.0,1551.7666471549442,1000.0,False,40.33885822068185,264.82448078691255,True,0.12367006428587134,0.12367006428587135,4,5.0,99.97231863122911
ALP-photon-primary,"ALP-photon, primary",0.5,8.619836964771,19.374526587444365,13.695547598992865,6.556961069470821,30.633440501431416,9.56066760061104e-07,631585.2710109208,879648,1.0000000000000007,1.0,10487.811023291417,0.8566153016286332,0.879648,0.1248761617782554,1.0,986.8681719260707,1000.0,False,38.74905317488873,334.010520906783,True,0.09849080086887987,0.0984908008688799,4,5.0,99.97231863122911
ALP-photon-primary,"ALP-photon, primary",0.5,11.31784065962,18.745145714768263,13.17356070677344,6.253121537315692,29.666770543729015,3.181219691877412e-06,600297.3102141591,880128,0.9999999999999991,1.0,7987.673961574878,0.8566153016286332,0.880128,0.10237246168933499,1.0,616.5029255599651,1000.0,False,37.490291429536526,424.3091446822117,True,0.07762977967116673,0.0776297796711668,5,5.0,99.97231863122911
ALP-photon-primary,"ALP-photon, primary",0.5,14.860317859846,18.249295112870797,12.75655435715614,6.010978963814773,28.9272418238917,5.792609911712437e-06,572931.5244906083,880500,0.9999999999999968,1.0,6083.532128365724,0.8566153016286332,0.8805,0.08269049460167219,1.0,379.4255600072761,1000.0,False,36.498590225741594,542.3806521907885,True,0.060644088580308446,0.06064408858030845,5,5.0,99.97231863122911
ALP-photon-primary,"ALP-photon, primary",0.5,19.511588255835,17.860818883290378,12.434615788269811,5.818381802966149,28.356542016276965,9.350578027407104e-06,549674.958161765,880781,0.9999999999999996,1.0,4633.309187993179,0.8566153016286332,0.880781,0.06598057813444652,1.0,230.65409232192917,1000.0,False,35.721637766580756,696.9858879256091,True,0.04700314543206993,0.04700314543206996,5,5.0,99.97231863122911
ALP-photon-primary,"ALP-photon, primary",0.5,25.618703439309,17.559252315419126,12.180213543841376,5.673228982419437,27.914891208796178,1.3665162670426461e-05,530432.417859456,880982,0.9999999999999954,1.0,3528.797675193297,0.8566153016286332,0.880982,0.052122198241637864,1.0,138.8041162459549,1000.0,False,35.11850463083825,899.6905553694451,True,0.03621656552528589,0.03621656552528596,5,5.0,99.97231863122911
ALP-photon-primary,"ALP-photon, primary",0.5,33.637341937808,17.324754605212323,11.983942655831576,5.558157286502199,27.560845011825165,1.8411062167563876e-05,514779.2209953923,881156,0.9999999999999954,1.0,2687.5851636923753,0.8566153016286332,0.881156,0.04084753262060533,1.0,82.86415268905685,1000.0,False,34.64950921042465,1165.5173892882817,True,0.027716427133899244,0.02771642713389938,5,5.0,99.97231863122911
ALP-photon-primary,"ALP-photon, primary",0.5,44.165809379131,17.14481792726525,11.82661719452582,5.465667965702959,27.29137594112588,2.3236097816839077e-05,502224.804903536,881262,1.0000000000000027,1.0,2046.9051152681238,0.8566153016286332,0.881262,0.03180601271137997,1.0,49.147090315493806,1000.0,False,34.2896358545305,1514.4295208310098,True,0.02113364698788605,0.021133646987886057,5,5.0,99.97231863122911
ALP-photon-primary,"ALP-photon, primary",0.5,57.98968068643,17.00451198787529,11.707135441746187,5.397184561796913,27.077284623513748,2.783308943875867e-05,492227.85748577135,881367,1.0000000000000007,1.0,1558.9535942944951,0.8566153016286332,0.881367,0.024644380318418858,1.0,29.006391445497023,1000.0,False,34.00902397575058,1972.1724408109183,True,0.01596651549679474,0.01596651549679473,5,5.0,99.97231863122911
ALP-photon-primary,"ALP-photon, primary",0.5,76.140415253051,16.897425740967787,11.613715680460247,5.343749224394173,26.91891717479489,3.200089236314982e-05,484372.5633695378,881436,0.9999999999999956,1.0,1187.3224073922763,0.8566153016286332,0.881436,0.019019384126895106,1.0,17.050680864482075,1000.0,False,33.794851481935574,2573.1540252497607,True,0.012010441292181524,0.01201044129218154,5,5.0,99.97231863122911
ALP-photon-primary,"ALP-photon, primary",0.5,99.972318631229,16.81491903969412,11.543834073186186,5.303603664538798,26.795348033377838,3.5629479031445947e-05,478258.5325803827,881506,1.000000000000001,1.0,904.2825291626305,0.8566153016286332,0.881506,0.014633789804742689,1.0,9.992451604201595,1000.0,False,33.62983807938824,3362.05288798924,False,0.008940416877795333,0.008940416877795287,5,5.0,99.97231863122911
ALP-photon-primary,"ALP-photon, primary",0.5,1000.0,16.576739982005392,11.333283753307427,5.18556510104976,26.446004191843056,4.881168650509784e-05,459873.1364962272,881650,1.0000000000000036,1.0,90.40322113810012,0.8566153016286332,0.88165,0.0015070150733609222,1.0,0.10289245769936155,1000.0,True,33.153479964010785,33153.47996401078,False,0.0,0.0,5,5.0,99.97231863122911
ALP-SU2L,ALP-$SU(2)_L$,0.75,7.5,72.13694969066371,66.59642654497006,44.070459306184965,100.52625846124377,3.8568967154565823e-07,532112.9707958776,611142,0.9999999999999984,1.0,928470.8830774688,0.3164866836670173,0.611142,0.06401516442243371,1.0,11496.052190946464,1000.0,False,96.18259958755162,721.3694969066372,True,0.03256957137649324,0.032569571376493245,11,7.5,40.02564243419444
ALP-SU2L,ALP-$SU(2)_L$,0.75,8.733279482108,71.93188550993533,66.41870589199016,43.900343641901244,100.3318915902064,9.31426548598704e-07,527778.522672045,611312,1.0000000000000018,1.0,797355.8658402389,0.3164866836670173,0.611312,0.055747268116223485,1.0,8599.914744198815,1000.0,False,95.90918067991377,837.6016797776799,True,0.030122708867256553,0.03012270886725657,11,7.5,40.02564243419444
ALP-SU2L,ALP-$SU(2)_L$,0.75,10.169356068347,71.74520341038064,66.27702949952976,43.75847025168533,100.16420925960004,2.0320053228418e-06,522607.1836157561,611420,1.0000000000000007,1.0,684756.3971877837,0.3164866836670173,0.61142,0.04846137986182469,1.0,6421.359082923849,1000.0,False,95.66027121384086,972.8033595681924,True,0.02790575179496531,0.027905751794965294,11,7.5,40.02564243419444
ALP-SU2L,ALP-$SU(2)_L$,0.75,11.841577159726,71.56248579075255,66.12807858632408,43.608143533759346,100.00658828147084,4.059505146429273e-06,516246.25189112267,611533,1.0000000000000018,1.0,588057.7839550339,0.3164866836670173,0.611533,0.04206954293423138,1.0,4788.099160025579,1000.0,False,95.4166477210034,1129.8835963106558,True,0.025818238823559627,0.025818238823559686,11,7.5,40.02564243419444
ALP-SU2L,ALP-$SU(2)_L$,0.75,13.788773712644,71.38392643528667,65.99430801417334,43.45745454824183,99.85895433930527,7.514669786479003e-06,508340.7575960186,611622,0.9999999999999997,1.0,505014.5696927068,0.3164866836670173,0.611622,0.036477088271881904,1.0,3565.846236927044,1000.0,False,95.17856858038222,1312.3957444482585,True,0.023833770258568806,0.02383377025856881,11,7.5,40.02564243419444
ALP-SU2L,ALP-$SU(2)_L$,0.75,16.056161939742,71.21882250684648,65.87345741192723,43.32595530009255,99.73181360377254,1.3018927202038788e-05,499164.2441420531,611690,0.9999999999999966,1.0,433698.39250593097,0.3164866836670173,0.61169,0.0315913822070461,1.0,2652.4259155377576,1000.0,False,94.95843000912863,1524.6679297702258,True,0.021996611730638084,0.021996611730638077,11,7.5,40.02564243419444
ALP-SU2L,ALP-$SU(2)_L$,0.75,18.696393283966,71.05734717285544,65.75274595045126,43.194627036797144,99.61104889379236,2.1282030614216586e-05,488420.24997755396,611775,0.999999999999998,1.0,372453.20620490646,0.3164866836670173,0.611775,0.02733546412849802,1.0,1971.26647788768,1000.0,False,94.74312956380726,1771.3548112786866,True,0.02017777310772266,0.020177773107722646,11,7.5,40.02564243419444
ALP-SU2L,ALP-$SU(2)_L$,0.75,21.770777047504,70.90334915957969,65.64736667503198,43.066544559007134,99.50756850816586,3.306467155099696e-05,476279.4834814715,611852,1.0000000000000013,1.0,319856.8249487162,0.3164866836670173,0.611852,0.023633247466136743,1.0,1463.7969907775052,1000.0,False,94.53779887943959,2058.161341966053,True,0.018430220680791608,0.018430220680791587,11,7.5,40.02564243419444
ALP-SU2L,ALP-$SU(2)_L$,0.75,25.350704066468,70.75939434656817,65.544684483633,42.944449287249824,99.40967360645809,4.912976700011524e-05,463196.2424888371,611909,1.000000000000001,1.0,274687.8984040467,0.3164866836670173,0.611909,0.020416802658000853,1.0,1086.0993159485033,1000.0,False,94.34585912875757,2391.7339546698117,True,0.01684661728025652,0.01684661728025652,11,7.5,40.02564243419444
ALP-SU2L,ALP-$SU(2)_L$,0.75,29.519304490756,70.61957894429206,65.4528633473036,42.8211316751389,99.31852831327105,7.01900050909961e-05,449052.8248167353,611947,1.000000000000002,1.0,235897.5505422783,0.3164866836670173,0.611947,0.01762751733933708,1.0,805.3484618605238,1000.0,False,94.1594385923894,2779.521138487384,True,0.015261668562359719,0.01526166856235972,11,7.5,40.02564243419444
ALP-SU2L,ALP-$SU(2)_L$,0.75,34.373378164695,70.48383240012502,65.36214316615903,42.70727395091422,99.23652965034509,9.68711170501614e-05,434066.35882075405,611987,1.0000000000000042,1.0,202585.02349452756,0.3164866836670173,0.611987,0.01521133366779555,1.0,596.8597153088257,1000.0,False,93.9784432001667,3230.356567448639,True,0.013690509671167273,0.01369050967116725,11,7.5,40.02564243419444
ALP-SU2L,ALP-$SU(2)_L$,0.75,40.025642434194,70.36262981565115,65.28552312103963,42.5947261683413,99.15647081161039,0.00012969947161804054,419390.29386216524,612017,1.0000000000000002,1.0,173976.76088596781,0.3164866836670173,0.612017,0.013118412425509292,1.0,442.070412251468,1000.0,False,93.81683975420152,3755.079282307747,True,0.012276675360153913,0.012276675360153894,11,7.5,40.02564243419444
ALP-SU2L,ALP-$SU(2)_L$,0.75,1000.0,69.35075457993321,64.68279381991644,41.64485874532195,98.61965275767258,0.0013255696752583713,257107.34754466548,612188,1.0000000000000069,1.0,6963.531623081017,0.3164866836670173,0.612188,0.0005406179299427608,1.0,0.7293907500422527,1000.0,True,92.46767277324427,92467.67277324428,False,0.0,0.0,11,7.5,40.02564243419444
ALP-photon-primary,"ALP-photon, primary",0.75,7.5,26.831596436551425,19.97459503915513,10.329272207419963,41.876962464601505,0.0,711061.5976497247,912408,1.0000000000000013,1.0,1705.8471663698012,0.9120286643532397,0.912408,0.14884299287706046,1.0,211.28374448393092,1000.0,False,35.7754619154019,268.3159643655142,True,0.09789105161181505,0.09789105161181505,4,7.5,40.02564243419444
ALP-photon-primary,"ALP-photon, primary",0.75,8.733279482108,26.34130419096138,19.549608944665618,10.078549417403227,41.10068461515271,0.0,693557.6525010666,912690,1.0000000000000007,1.0,1464.9541187802897,0.9120286643532397,0.91269,0.134118134983933,1.0,163.54727372066614,1000.0,False,35.12173892128184,306.7279618971846,True,0.08557881164303027,0.08557881164303022,4,7.5,40.02564243419444
ALP-photon-primary,"ALP-photon, primary",0.75,10.169356068347,25.912371198208433,19.179454956796597,9.8508381064219,40.42787481859936,0.0,677137.5681988208,912955,1.0000000000000022,1.0,1258.0790427424884,0.9120286643532397,0.912955,0.12016448787140174,1.0,125.8757082917125,1000.0,False,34.54982826427791,351.3495057196813,True,0.0745974787544669,0.07459747875446693,4,7.5,40.02564243419444
ALP-photon-primary,"ALP-photon, primary",0.75,11.841577159726,25.53859253488106,18.858338620092127,9.667022991498026,39.854790424092684,0.0,661889.9561510932,913172,0.9999999999999954,1.0,1080.418053710469,0.9120286643532397,0.913172,0.10711032288219148,1.0,96.37940385885801,1000.0,False,34.05145671317475,403.2229520701287,True,0.06486438274255135,0.0648643827425513,4,7.5,40.02564243419444
ALP-photon-primary,"ALP-photon, primary",0.75,13.788773712644,25.21246416956794,18.571562967965168,9.504572339650503,39.34988074365948,0.0,647880.3295935867,913367,0.999999999999998,1.0,927.8456528764286,0.9120286643532397,0.913367,0.09503864508695709,1.0,73.45642329744238,1000.0,False,33.61661889275725,463.5319508964228,True,0.05627789753865859,0.05627789753865858,4,7.5,40.02564243419444
ALP-photon-primary,"ALP-photon, primary",0.75,16.056161939742,24.929609935524418,18.33543971288949,9.363239401425004,38.91573488586607,0.0,635119.9765391473,913523,0.9999999999999953,1.0,796.8189281964285,0.9120286643532397,0.913523,0.08398078138617278,1.0,55.75290837458571,1000.0,False,33.23947991403256,533.6984722925083,True,0.048740663209533366,0.04874066320953335,4,7.5,40.02564243419444
ALP-photon-primary,"ALP-photon, primary",0.75,18.696393283966,24.684232918927584,18.12699719498038,9.24203059875282,38.53886767657429,0.0,623601.0338837503,913659,1.000000000000001,1.0,684.2952837724857,0.9120286643532397,0.913659,0.07393985125615633,1.0,42.161372871079536,1000.0,False,32.91231055857011,615.3415020870535,True,0.04216565506870046,0.04216565506870046,4,7.5,40.02564243419444
ALP-photon-primary,"ALP-photon, primary",0.75,21.770777047504,24.471555325373895,17.95616262813708,9.130283843087128,38.234676002617014,0.0,613242.7802348395,913770,1.000000000000005,1.0,587.6617871680567,0.9120286643532397,0.91377,0.06489036077764535,1.0,31.779936419718137,1000.0,False,32.62874043383186,710.3530333258324,True,0.036469898581087505,0.036469898581087457,4,7.5,40.02564243419444
ALP-photon-primary,"ALP-photon, primary",0.75,25.350704066468,24.28618205647245,17.800727673977768,9.036673768334284,37.966204084534304,0.0,603981.706116218,913882,1.0000000000000042,1.0,504.67449401913274,0.9120286643532397,0.913882,0.056789984947175534,1.0,23.88810621360931,1000.0,False,32.3815760752966,820.8957522906644,True,0.03145161469166276,0.031451614691662744,4,7.5,40.02564243419444
ALP-photon-primary,"ALP-photon, primary",0.75,29.519304490756,24.12636736425719,17.670747874459185,8.954340809034399,37.73646872135583,0.0,595743.6048382908,913972,0.9999999999999999,1.0,433.4063409854361,0.9120286643532397,0.913972,0.049576029689284574,1.0,17.910527770632992,1000.0,False,32.16848981900959,949.5914459751283,True,0.027090174909292875,0.027090174909292886,3,7.5,40.02564243419444
ALP-photon-primary,"ALP-photon, primary",0.75,34.373378164695,23.98818112869564,17.552986123246374,8.885922059210095,37.531476106543415,0.0,588439.0535303886,914045,1.0,1.0,372.20239705488467,0.9120286643532397,0.914045,0.04318427726176401,1.0,13.399262235299554,1000.0,False,31.98424150492752,1099.4064285598072,True,0.02329634057844651,0.02329634057844654,3,7.5,40.02564243419444
ALP-photon-primary,"ALP-photon, primary",0.75,40.025642434194,23.868858267065374,17.45209225914947,8.829418244535233,37.34233990686807,0.0,582002.3746342426,914107,0.9999999999999976,1.0,319.6414340833588,0.9120286643532397,0.914107,0.03754496410055785,1.0,10.005073573844356,1000.0,False,31.825144356087165,1273.821848413352,True,0.019994513234393316,0.01999451323439333,3,7.5,40.02564243419444
ALP-photon-primary,"ALP-photon, primary",0.75,1000.0,23.15842841671467,16.856269705622392,8.481128390808012,36.301221464135075,0.0,540580.3651740117,914447,0.9999999999999997,1.0,12.793853747773507,0.9120286643532397,0.914447,0.0016178644182630504,1.0,0.017262771937779677,1000.0,True,30.877904555619562,30877.904555619563,False,0.0,0.0,3,7.5,40.02564243419444
ALP-SU2L,ALP-$SU(2)_L$,1.0,10.0,70.85185368564879,65.56799774659271,42.910073473234306,99.59012246156031,0.0,515922.6797656263,609845,0.9999999999999974,1.0,292273.99882368254,0.32923249743328276,0.609845,0.06505614692649989,1.0,3817.6902006327,1000.0,False,70.85185368564879,708.5185368564879,True,0.041531706316315795,0.04153170631631589,7,10.0,18.971241604556862
ALP-SU2L,ALP-$SU(2)_L$,1.0,10.599403670796,70.73493479047558,65.47934912613368,42.81384135247963,99.49869126742288,0.0,512464.94945016754,609904,1.0000000000000029,1.0,275745.70032554783,0.32923249743328276,0.609904,0.061757178181950347,1.0,3419.482387964289,1000.0,False,70.73493479047558,749.7481274716826,True,0.04022566371715382,0.04022566371715383,7,10.0,18.971241604556862
ALP-SU2L,ALP-$SU(2)_L$,1.0,11.234735817648,70.61825894016512,65.39077959660787,42.710345203456384,99.40598303802015,0.0,508816.0148008218,609972,0.9999999999999987,1.0,260152.08863617975,0.32923249743328276,0.609972,0.05861077004086986,1.0,3062.085693362929,1000.0,False,70.61825894016512,793.3774830950141,True,0.03890733854547789,0.0389073385454779,7,10.0,18.971241604556862
ALP-SU2L,ALP-$SU(2)_L$,1.0,11.908150006599,70.50442421203878,65.30751084562286,42.614542249089624,99.31318562306174,0.0,504956.5962468739,610020,1.0000000000000029,1.0,245440.3065645936,0.32923249743328276,0.61002,0.055609720435952074,1.0,2741.216686646909,1000.0,False,70.50442421203878,839.5772596458484,True,0.037605493320689534,0.03760549332068955,7,10.0,18.971241604556862
ALP-SU2L,ALP-$SU(2)_L$,1.0,12.621928889233,70.39461569107259,65.23056519259845,42.52388248733597,99.22630413778285,0.0,500949.53300464834,610065,0.9999999999999967,1.0,231560.48603078705,0.32923249743328276,0.610065,0.052747951795767335,1.0,2453.2898346419765,1000.0,False,70.39461569107259,888.5158334376038,True,0.036354792674796604,0.036354792674796604,7,10.0,18.971241604556862
ALP-SU2L,ALP-$SU(2)_L$,1.0,13.378491940106,70.28740983190532,65.1506918244817,42.42861794448499,99.14902863759497,0.0,496770.4078061451,610108,1.0000000000000013,1.0,218465.5790295052,0.32923249743328276,0.610108,0.05002125872528769,1.0,2195.063318255629,1000.0,False,70.28740983190532,940.3395459270725,True,0.03513209336417211,0.03513209336417211,7,10.0,18.971241604556862
ALP-SU2L,ALP-$SU(2)_L$,1.0,14.180403657967,70.18083633680314,65.07607290190599,42.34161622322714,99.06460364490468,0.0,492419.2774421837,610164,0.9999999999999993,1.0,206111.19815300446,0.32923249743328276,0.610164,0.047425705510190784,1.0,1963.6526364055514,1000.0,False,70.18083633680314,995.1925883095865,True,0.033904135444793745,0.03390413544479376,7,10.0,18.971241604556862
ALP-SU2L,ALP-$SU(2)_L$,1.0,15.030382258562,70.07704652567928,64.99721615684913,42.24864664915767,98.97562969489617,0.0,487899.1450625775,610219,0.9999999999999979,1.0,194455.46613239977,0.32923249743328276,0.610219,0.044954777778828066,1.0,1756.2422998650063,1000.0,False,70.07704652567928,1053.2847968319936,True,0.03270659728381747,0.03270659728381747,7,10.0,18.971241604556862
ALP-SU2L,ALP-$SU(2)_L$,1.0,15.931308888487,69.97222484063299,64.92126418442793,42.1541249336665,98.91036419245015,0.0,483097.7909780975,610258,0.9999999999999938,1.0,183458.87388756787,0.32923249743328276,0.610258,0.04260559651714677,1.0,1570.4407337463485,1000.0,False,69.97222484063299,1114.7491275507873,True,0.03148630606536944,0.03148630606536951,7,10.0,18.971241604556862
ALP-SU2L,ALP-$SU(2)_L$,1.0,16.88623739132,69.87097462131274,64.84686479005106,42.06718904530747,98.83955506727153,0.0,478206.4572204165,610300,0.9999999999999958,1.0,173084.14660445292,0.32923249743328276,0.6103,0.04037051846960929,1.0,1404.0018642920047,1000.0,False,69.87097462131274,1179.857864218382,True,0.03029952261688791,0.030299522616887842,7,10.0,18.971241604556862
ALP-SU2L,ALP-$SU(2)_L$,1.0,17.898404659149,69.77363399443252,64.77722982490887,41.98541843497851,98.77216150247872,0.0,473216.3680969687,610337,1.0000000000000009,1.0,163296.11738568157,0.32923249743328276,0.610337,0.0382447153912017,1.0,1254.930536633291,1000.0,False,69.77363399443252,1248.8367357717082,True,0.029155733101403382,0.029155733101403403,7,10.0,18.971241604556862
ALP-SU2L,ALP-$SU(2)_L$,1.0,18.971241604557,69.67890687861349,64.70960992551467,41.90541031099461,98.70653346659655,0.0,468131.8752731262,610364,1.0000000000000013,1.0,154061.60804650586,0.32923249743328276,0.610364,0.036224058552263814,1.0,1121.4583286810428,1000.0,False,69.67890687861349,1321.8953771356053,True,0.028039752691254378,0.028039752691254416,7,10.0,18.971241604556862
ALP-SU2L,ALP-$SU(2)_L$,1.0,1000.0,67.37433272630271,63.158669531408044,39.669730115068326,97.31621403107636,0.0,285094.00870163506,610900,1.0000000000000013,1.0,2922.7399882368254,0.32923249743328276,0.6109,0.0007418734773978424,1.0,0.43610678951365983,1000.0,True,67.37433272630271,67374.33272630272,False,0.0,0.0,7,10.0,18.971241604556862
ALP-photon-primary,"ALP-photon, primary",1.0,10.0,33.45696708168233,25.64650756844881,13.925560125777057,51.54349500358311,0.0,723786.5987293725,937661,0.9999999999999991,1.0,286.84724502886246,0.9368303981225046,0.937661,0.12526358655742448,0.9999999999999997,31.563296315219443,1000.0,False,33.45696708168233,334.5696708168233,True,0.06828179105665531,0.06828179105665533,4,10.0,18.971241604556862
ALP-photon-primary,"ALP-photon, primary",1.0,10.599403670796,33.287459679045305,25.498423763684208,13.83557591615722,51.28393481889504,0.0,718179.9089015007,937731,1.0000000000000018,1.0,270.6258332430514,0.9368303981225046,0.937731,0.1199157391125858,0.9999999999999997,28.509177443125484,1000.0,False,33.287459679045305,352.82722231354666,True,0.06475126274841571,0.0647512627484157,4,10.0,18.971241604556862
ALP-photon-primary,"ALP-photon, primary",1.0,11.234735817648,33.12704223950935,25.36144017166975,13.751875001832973,51.04557230020222,0.0,712746.4826392302,937798,1.0,1.0,255.3217536083676,0.9368303981225046,0.937798,0.11471231301108788,0.9999999999999997,25.73167940380916,1000.0,False,33.12704223950935,372.1735679809539,True,0.06139337072123045,0.06139337072123047,4,10.0,18.971241604556862
ALP-photon-primary,"ALP-photon, primary",1.0,11.908150006599,32.97457400725752,25.232629786951275,13.674089553670203,50.80876477372943,0.0,707489.0275439024,937868,1.0000000000000029,1.0,240.883130351821,0.9368303981225046,0.937868,0.10966000320480308,0.9999999999999997,23.209048324701477,1000.0,False,32.97457400725752,392.66617368212286,True,0.05818525238944309,0.05818525238944311,4,10.0,18.971241604556862
ALP-photon-primary,"ALP-photon, primary",1.0,12.621928889233,32.830118725721135,25.109869529740543,13.599230022592335,50.59877444367296,0.0,702394.3569208211,937928,1.0000000000000002,1.0,227.2610213115322,0.9368303981225046,0.937928,0.10476066704579205,0.9999999999999997,20.919614845366233,1000.0,False,32.830118725721135,414.3794239811289,True,0.055133303245666454,0.05513330324566651,4,10.0,18.971241604556862
ALP-photon-primary,"ALP-photon, primary",1.0,13.378491940106,32.69301526887137,24.99519087313192,13.526829112839287,50.39857868233772,0.0,697467.7856329256,937983,0.9999999999999959,1.0,214.40925203905286,0.9368303981225046,0.937983,0.10001762472327753,0.9999999999999997,18.844126013338208,1000.0,False,32.69301526887137,437.383241272358,True,0.0522176872649455,0.05221768726494541,4,10.0,18.971241604556862
ALP-photon-primary,"ALP-photon, primary",1.0,14.180403657967,32.56418069891509,24.886174728070873,13.459812537711633,50.21832792848599,0.0,692710.176849705,938020,1.0000000000000018,1.0,202.2842592831993,0.9368303981225046,0.93802,0.09542901879986475,0.9999999999999997,16.963506145922175,1000.0,False,32.56418069891509,461.7732271015939,True,0.04947105766308418,0.049471057663084295,4,10.0,18.971241604556862
ALP-photon-primary,"ALP-photon, primary",1.0,15.030382258562,32.441113781197345,24.778434214639226,13.393976464645881,50.04427271910301,0.0,688123.2128030469,938069,1.0000000000000004,1.0,190.84494332501825,0.9368303981225046,0.938069,0.0910010767679105,0.9999999999999997,15.262404055495377,1000.0,False,32.441113781197345,487.6023410248998,True,0.046840367331843054,0.04684036733184316,4,10.0,18.971241604556862
ALP-photon-primary,"ALP-photon, primary",1.0,15.931308888487,32.32394727290652,24.68021770912798,13.334173477660363,49.86886715963478,0.0,683709.7407416436,938128,0.9999999999999957,1.0,180.0525286633272,0.9368303981225046,0.938128,0.0867323833337999,0.9999999999999997,13.724722689528512,1000.0,False,32.32394727290652,514.9627884998408,True,0.04432204588651279,0.044322045886512895,4,10.0,18.971241604556862
ALP-photon-primary,"ALP-photon, primary",1.0,16.88623739132,32.21343773955108,24.58351729133652,13.280156944220591,49.69255859458179,0.0,679464.2620542016,938178,0.9999999999999978,1.0,169.87043257860984,0.9368303981225046,0.938178,0.08261958855070468,0.9999999999999997,12.335223972012729,1000.0,False,32.21343773955108,543.9637568605664,True,0.04193277675828217,0.04193277675828222,4,10.0,18.971241604556862
ALP-photon-primary,"ALP-photon, primary",1.0,17.898404659149,32.108898574798225,24.496761251164624,13.226429791367526,49.54846918961442,0.0,675368.3817744236,938218,1.000000000000001,1.0,160.2641411296044,0.9368303981225046,0.938218,0.07866239789420844,0.9999999999999997,11.080727544258417,1000.0,False,32.108898574798225,574.6980598513113,True,0.03967022797343015,0.03967022797343017,4,10.0,18.971241604556862
ALP-photon-primary,"ALP-photon, primary",1.0,18.971241604557,32.00951017753567,24.413250354883157,13.176802521179797,49.39318020488936,0.0,671430.9413846142,938261,1.0000000000000038,1.0,151.2010921625499,0.9368303981225046,0.938261,0.07486005560308559,0.9999999999999997,9.949235537902398,1000.0,False,32.00951017753567,607.2601512215554,False,0.03750773143306934,0.0375077314330694,4,10.0,18.971241604556862
ALP-photon-primary,"ALP-photon, primary",1.0,1000.0,30.32613329317316,23.004799309208714,12.30548589776407,46.950768771440444,0.0,593988.9435304414,938947,0.9999999999999979,1.0,2.8684724502886247,0.9368303981225046,0.938947,0.0016471742978849235,0.9999999999999997,0.004156160332937088,1000.0,True,30.32613329317316,30326.13329317316,False,0.0,0.0,4,10.0,18.971241604556862
