mass_GeV,model,lifetime_index,ctau_m,bin_index,energy_low_GeV,energy_high_GeV,probability
0.75,ALP-photon-combined,0,7.499999999999999,0,0.75,25.24530087651988,0.43935982967490245
0.75,ALP-photon-combined,0,7.499999999999999,1,25.24530087651988,28.62335425346548,0.08312362150312601
0.75,ALP-photon-combined,0,7.499999999999999,2,28.62335425346548,32.4534222319921,0.07842919886897076
0.75,ALP-photon-combined,0,7.499999999999999,3,32.4534222319921,36.79598852187087,0.07253237638317128
0.75,ALP-photon-combined,0,7.499999999999999,4,36.79598852187087,41.71963010936189,0.06512131852544314
0.75,ALP-photon-combined,0,7.499999999999999,5,41.71963010936189,47.30210021202276,0.05766789752299981
0.75,ALP-photon-combined,0,7.499999999999999,6,47.30210021202276,53.63155614282764,0.048260031683591754
0.75,ALP-photon-combined,0,7.499999999999999,7,53.63155614282764,60.80795147379508,0.039920752651552184
0.75,ALP-photon-combined,0,7.499999999999999,8,60.80795147379508,68.94461448390986,0.0320239151070585
0.75,ALP-photon-combined,0,7.499999999999999,9,68.94461448390986,78.17003781788945,0.023744843991818813
0.75,ALP-photon-combined,0,7.499999999999999,10,78.17003781788945,88.62990761774932,0.018636827251414002
0.75,ALP-photon-combined,0,7.499999999999999,11,88.62990761774932,100.48940417082771,0.013393170737365142
0.75,ALP-photon-combined,0,7.499999999999999,12,100.48940417082771,113.93581040567035,0.009446927405125628
0.75,ALP-photon-combined,0,7.499999999999999,13,113.93581040567035,129.18146942864817,0.0068580474301398265
0.75,ALP-photon-combined,0,7.499999999999999,14,129.18146942864817,146.4671378061682,0.004184701360997658
0.75,ALP-photon-combined,0,7.499999999999999,15,146.4671378061682,166.06578754687547,0.0027680990173392797
0.75,ALP-photon-combined,0,7.499999999999999,16,166.06578754687547,188.28691682403147,0.0018307911742636868
0.75,ALP-photon-combined,0,7.499999999999999,17,188.28691682403147,213.48143751218313,0.0012669462015236683
0.75,ALP-photon-combined,0,7.499999999999999,18,213.48143751218313,242.0472167211748,0.0007268045840202283
0.75,ALP-photon-combined,0,7.499999999999999,19,242.0472167211748,400.0,0.0007038989251761967
0.75,ALP-photon-combined,1,8.078346172301348,0,0.75,25.24530087651988,0.44408958504548546
0.75,ALP-photon-combined,1,8.078346172301348,1,25.24530087651988,28.62335425346548,0.08258262206255669
0.75,ALP-photon-combined,1,8.078346172301348,2,28.62335425346548,32.4534222319921,0.07817371231447076
0.75,ALP-photon-combined,1,8.078346172301348,3,32.4534222319921,36.79598852187087,0.07221829562119303
0.75,ALP-photon-combined,1,8.078346172301348,4,36.79598852187087,41.71963010936189,0.06466917992963814
0.75,ALP-photon-combined,1,8.078346172301348,5,41.71963010936189,47.30210021202276,0.056858060989615926
0.75,ALP-photon-combined,1,8.078346172301348,6,47.30210021202276,53.63155614282764,0.04780912585822036
0.75,ALP-photon-combined,1,8.078346172301348,7,53.63155614282764,60.80795147379508,0.03965298875519981
0.75,ALP-photon-combined,1,8.078346172301348,8,60.80795147379508,68.94461448390986,0.03163527347820042
0.75,ALP-photon-combined,1,8.078346172301348,9,68.94461448390986,78.17003781788945,0.023437736250458103
0.75,ALP-photon-combined,1,8.078346172301348,10,78.17003781788945,88.62990761774932,0.018358297642889602
0.75,ALP-photon-combined,1,8.078346172301348,11,88.62990761774932,100.48940417082771,0.013181657462607133
0.75,ALP-photon-combined,1,8.078346172301348,12,100.48940417082771,113.93581040567035,0.009296215468519312
0.75,ALP-photon-combined,1,8.078346172301348,13,113.93581040567035,129.18146942864817,0.006750269641801014
0.75,ALP-photon-combined,1,8.078346172301348,14,129.18146942864817,146.4671378061682,0.004111900777526593
0.75,ALP-photon-combined,1,8.078346172301348,15,146.4671378061682,166.06578754687547,0.0027252295141051036
0.75,ALP-photon-combined,1,8.078346172301348,16,166.06578754687547,188.28691682403147,0.0017989319583865456
0.75,ALP-photon-combined,1,8.078346172301348,17,188.28691682403147,213.48143751218313,0.0012451955213879887
0.75,ALP-photon-combined,1,8.078346172301348,18,213.48143751218313,242.0472167211748,0.0007155214364583107
0.75,ALP-photon-combined,1,8.078346172301348,19,242.0472167211748,400.0,0.0006902002712797038
0.75,ALP-photon-combined,2,8.70129025060478,0,0.75,25.24530087651988,0.44934081813629717
0.75,ALP-photon-combined,2,8.70129025060478,1,25.24530087651988,28.62335425346548,0.08209256399788602
0.75,ALP-photon-combined,2,8.70129025060478,2,28.62335425346548,32.4534222319921,0.07787476563972717
0.75,ALP-photon-combined,2,8.70129025060478,3,32.4534222319921,36.79598852187087,0.07141062556963951
0.75,ALP-photon-combined,2,8.70129025060478,4,36.79598852187087,41.71963010936189,0.06423122403369673
0.75,ALP-photon-combined,2,8.70129025060478,5,41.71963010936189,47.30210021202276,0.056327831918408205
0.75,ALP-photon-combined,2,8.70129025060478,6,47.30210021202276,53.63155614282764,0.04726412000062818
0.75,ALP-photon-combined,2,8.70129025060478,7,53.63155614282764,60.80795147379508,0.039056351015184426
0.75,ALP-photon-combined,2,8.70129025060478,8,60.80795147379508,68.94461448390986,0.031178790737213184
0.75,ALP-photon-combined,2,8.70129025060478,9,68.94461448390986,78.17003781788945,0.023148679603896404
0.75,ALP-photon-combined,2,8.70129025060478,10,78.17003781788945,88.62990761774932,0.018138822846490096
0.75,ALP-photon-combined,2,8.70129025060478,11,88.62990761774932,100.48940417082771,0.013001919726475589
0.75,ALP-photon-combined,2,8.70129025060478,12,100.48940417082771,113.93581040567035,0.009173642645877748
0.75,ALP-photon-combined,2,8.70129025060478,13,113.93581040567035,129.18146942864817,0.00665455428260609
0.75,ALP-photon-combined,2,8.70129025060478,14,129.18146942864817,146.4671378061682,0.0040486237028280365
0.75,ALP-photon-combined,2,8.70129025060478,15,146.4671378061682,166.06578754687547,0.002679328877827081
0.75,ALP-photon-combined,2,8.70129025060478,16,166.06578754687547,188.28691682403147,0.0017689481541250218
0.75,ALP-photon-combined,2,8.70129025060478,17,188.28691682403147,213.48143751218313,0.0012230136267506013
0.75,ALP-photon-combined,2,8.70129025060478,18,213.48143751218313,242.0472167211748,0.0007044598489261772
0.75,ALP-photon-combined,2,8.70129025060478,19,242.0472167211748,400.0,0.0006809156355166979
0.75,ALP-photon-combined,3,9.372271305340822,0,0.75,25.24530087651988,0.45360366472451374
0.75,ALP-photon-combined,3,9.372271305340822,1,25.24530087651988,28.62335425346548,0.08165553246195649
0.75,ALP-photon-combined,3,9.372271305340822,2,28.62335425346548,32.4534222319921,0.07745629248324647
0.75,ALP-photon-combined,3,9.372271305340822,3,32.4534222319921,36.79598852187087,0.07115880104350396
0.75,ALP-photon-combined,3,9.372271305340822,4,36.79598852187087,41.71963010936189,0.06378227087345972
0.75,ALP-photon-combined,3,9.372271305340822,5,41.71963010936189,47.30210021202276,0.055849521822211305
0.75,ALP-photon-combined,3,9.372271305340822,6,47.30210021202276,53.63155614282764,0.046768545854831686
0.75,ALP-photon-combined,3,9.372271305340822,7,53.63155614282764,60.80795147379508,0.03861703988215447
0.75,ALP-photon-combined,3,9.372271305340822,8,60.80795147379508,68.94461448390986,0.030922106481067625
0.75,ALP-photon-combined,3,9.372271305340822,9,68.94461448390986,78.17003781788945,0.02289835265308337
0.75,ALP-photon-combined,3,9.372271305340822,10,78.17003781788945,88.62990761774932,0.017917520774695023
0.75,ALP-photon-combined,3,9.372271305340822,11,88.62990761774932,100.48940417082771,0.012826088641964032
0.75,ALP-photon-combined,3,9.372271305340822,12,100.48940417082771,113.93581040567035,0.009040553095369368
0.75,ALP-photon-combined,3,9.372271305340822,13,113.93581040567035,129.18146942864817,0.006549278997642789
0.75,ALP-photon-combined,3,9.372271305340822,14,129.18146942864817,146.4671378061682,0.003993652129794413
0.75,ALP-photon-combined,3,9.372271305340822,15,146.4671378061682,166.06578754687547,0.0026457049691733046
0.75,ALP-photon-combined,3,9.372271305340822,16,166.06578754687547,188.28691682403147,0.0017478406827171216
0.75,ALP-photon-combined,3,9.372271305340822,17,188.28691682403147,213.48143751218313,0.001205390666956849
0.75,ALP-photon-combined,3,9.372271305340822,18,213.48143751218313,242.0472167211748,0.0006918242219565924
0.75,ALP-photon-combined,3,9.372271305340822,19,242.0472167211748,400.0,0.0006700175397016943
0.75,ALP-photon-combined,4,10.094993603369304,0,0.75,25.24530087651988,0.4572877430824337
0.75,ALP-photon-combined,4,10.094993603369304,1,25.24530087651988,28.62335425346548,0.08198955210646028
0.75,ALP-photon-combined,4,10.094993603369304,2,28.62335425346548,32.4534222319921,0.07716607922068507
0.75,ALP-photon-combined,4,10.094993603369304,3,32.4534222319921,36.79598852187087,0.0705729682462284
0.75,ALP-photon-combined,4,10.094993603369304,4,36.79598852187087,41.71963010936189,0.06333377145793774
0.75,ALP-photon-combined,4,10.094993603369304,5,41.71963010936189,47.30210021202276,0.05547713079986725
0.75,ALP-photon-combined,4,10.094993603369304,6,47.30210021202276,53.63155614282764,0.04621498018938652
0.75,ALP-photon-combined,4,10.094993603369304,7,53.63155614282764,60.80795147379508,0.038298052428350056
0.75,ALP-photon-combined,4,10.094993603369304,8,60.80795147379508,68.94461448390986,0.030515144417043057
0.75,ALP-photon-combined,4,10.094993603369304,9,68.94461448390986,78.17003781788945,0.0226274993304175
0.75,ALP-photon-combined,4,10.094993603369304,10,78.17003781788945,88.62990761774932,0.017672251411901072
0.75,ALP-photon-combined,4,10.094993603369304,11,88.62990761774932,100.48940417082771,0.012670555832022949
0.75,ALP-photon-combined,4,10.094993603369304,12,100.48940417082771,113.93581040567035,0.00892842475657615
0.75,ALP-photon-combined,4,10.094993603369304,13,113.93581040567035,129.18146942864817,0.006459982634208574
0.75,ALP-photon-combined,4,10.094993603369304,14,129.18146942864817,146.4671378061682,0.003939242248839588
0.75,ALP-photon-combined,4,10.094993603369304,15,146.4671378061682,166.06578754687547,0.0026016962935254974
0.75,ALP-photon-combined,4,10.094993603369304,16,166.06578754687547,188.28691682403147,0.0017172887548069517
0.75,ALP-photon-combined,4,10.094993603369304,17,188.28691682403147,213.48143751218313,0.001187131734575523
0.75,ALP-photon-combined,4,10.094993603369304,18,213.48143751218313,242.0472167211748,0.0006816221708313518
0.75,ALP-photon-combined,4,10.094993603369304,19,242.0472167211748,400.0,0.0006588828839028196
0.75,ALP-photon-combined,5,10.873447058024672,0,0.75,25.24530087651988,0.46132993899757324
0.75,ALP-photon-combined,5,10.873447058024672,1,25.24530087651988,28.62335425346548,0.08130441995832666
0.75,ALP-photon-combined,5,10.873447058024672,2,28.62335425346548,32.4534222319921,0.07665973755927513
0.75,ALP-photon-combined,5,10.873447058024672,3,32.4534222319921,36.79598852187087,0.07029816104383282
0.75,ALP-photon-combined,5,10.873447058024672,4,36.79598852187087,41.71963010936189,0.06273579290362409
0.75,ALP-photon-combined,5,10.873447058024672,5,41.71963010936189,47.30210021202276,0.05504595715884841
0.75,ALP-photon-combined,5,10.873447058024672,6,47.30210021202276,53.63155614282764,0.04607810206420795
0.75,ALP-photon-combined,5,10.873447058024672,7,53.63155614282764,60.80795147379508,0.0380578052723891
0.75,ALP-photon-combined,5,10.873447058024672,8,60.80795147379508,68.94461448390986,0.03025023588952642
0.75,ALP-photon-combined,5,10.873447058024672,9,68.94461448390986,78.17003781788945,0.02235938784482079
0.75,ALP-photon-combined,5,10.873447058024672,10,78.17003781788945,88.62990761774932,0.017466214143689852
0.75,ALP-photon-combined,5,10.873447058024672,11,88.62990761774932,100.48940417082771,0.012536910771238714
0.75,ALP-photon-combined,5,10.873447058024672,12,100.48940417082771,113.93581040567035,0.00881467279378334
0.75,ALP-photon-combined,5,10.873447058024672,13,113.93581040567035,129.18146942864817,0.006403444751350851
0.75,ALP-photon-combined,5,10.873447058024672,14,129.18146942864817,146.4671378061682,0.003892128461269791
0.75,ALP-photon-combined,5,10.873447058024672,15,146.4671378061682,166.06578754687547,0.0025713051215367957
0.75,ALP-photon-combined,5,10.873447058024672,16,166.06578754687547,188.28691682403147,0.0016993116293790547
0.75,ALP-photon-combined,5,10.873447058024672,17,188.28691682403147,213.48143751218313,0.0011721494614188974
0.75,ALP-photon-combined,5,10.873447058024672,18,213.48143751218313,242.0472167211748,0.0006735956997033088
0.75,ALP-photon-combined,5,10.873447058024672,19,242.0472167211748,400.0,0.0006507284742048804
0.75,ALP-photon-combined,6,11.711929256121993,0,0.75,25.24530087651988,0.46511676294394766
0.75,ALP-photon-combined,6,11.711929256121993,1,25.24530087651988,28.62335425346548,0.0815675991650979
0.75,ALP-photon-combined,6,11.711929256121993,2,28.62335425346548,32.4534222319921,0.07623662126629753
0.75,ALP-photon-combined,6,11.711929256121993,3,32.4534222319921,36.79598852187087,0.06977022279251126
0.75,ALP-photon-combined,6,11.711929256121993,4,36.79598852187087,41.71963010936189,0.06236892156395364
0.75,ALP-photon-combined,6,11.711929256121993,5,41.71963010936189,47.30210021202276,0.05452904846265955
0.75,ALP-photon-combined,6,11.711929256121993,6,47.30210021202276,53.63155614282764,0.04560069090977322
0.75,ALP-photon-combined,6,11.711929256121993,7,53.63155614282764,60.80795147379508,0.03757533940100988
0.75,ALP-photon-combined,6,11.711929256121993,8,60.80795147379508,68.94461448390986,0.02994681207215559
0.75,ALP-photon-combined,6,11.711929256121993,9,68.94461448390986,78.17003781788945,0.022064595490194648
0.75,ALP-photon-combined,6,11.711929256121993,10,78.17003781788945,88.62990761774932,0.017290813444253903
0.75,ALP-photon-combined,6,11.711929256121993,11,88.62990761774932,100.48940417082771,0.012395325574908543
0.75,ALP-photon-combined,6,11.711929256121993,12,100.48940417082771,113.93581040567035,0.008707877032392513
0.75,ALP-photon-combined,6,11.711929256121993,13,113.93581040567035,129.18146942864817,0.006318276935101246
0.75,ALP-photon-combined,6,11.711929256121993,14,129.18146942864817,146.4671378061682,0.003834351387199121
0.75,ALP-photon-combined,6,11.711929256121993,15,146.4671378061682,166.06578754687547,0.002538461019229089
0.75,ALP-photon-combined,6,11.711929256121993,16,166.06578754687547,188.28691682403147,0.0016725809156081651
0.75,ALP-photon-combined,6,11.711929256121993,17,188.28691682403147,213.48143751218313,0.0011583777896993028
0.75,ALP-photon-combined,6,11.711929256121993,18,213.48143751218313,242.0472167211748,0.0006653411702641718
0.75,ALP-photon-combined,6,11.711929256121993,19,242.0472167211748,400.0,0.0006419806637430807
0.75,ALP-photon-combined,7,12.615069183527634,0,0.75,25.24530087651988,0.46838225609606854
0.75,ALP-photon-combined,7,12.615069183527634,1,25.24530087651988,28.62335425346548,0.08105290882324925
0.75,ALP-photon-combined,7,12.615069183527634,2,28.62335425346548,32.4534222319921,0.07596096915132884
0.75,ALP-photon-combined,7,12.615069183527634,3,32.4534222319921,36.79598852187087,0.0693983909526091
0.75,ALP-photon-combined,7,12.615069183527634,4,36.79598852187087,41.71963010936189,0.06216944071007703
0.75,ALP-photon-combined,7,12.615069183527634,5,41.71963010936189,47.30210021202276,0.054210058445822454
0.75,ALP-photon-combined,7,12.615069183527634,6,47.30210021202276,53.63155614282764,0.04532441927396043
0.75,ALP-photon-combined,7,12.615069183527634,7,53.63155614282764,60.80795147379508,0.03725317470890292
0.75,ALP-photon-combined,7,12.615069183527634,8,60.80795147379508,68.94461448390986,0.029694939957676043
0.75,ALP-photon-combined,7,12.615069183527634,9,68.94461448390986,78.17003781788945,0.02190004384053938
0.75,ALP-photon-combined,7,12.615069183527634,10,78.17003781788945,88.62990761774932,0.017138955393098246
0.75,ALP-photon-combined,7,12.615069183527634,11,88.62990761774932,100.48940417082771,0.012257372869201904
0.75,ALP-photon-combined,7,12.615069183527634,12,100.48940417082771,113.93581040567035,0.00862239692445042
0.75,ALP-photon-combined,7,12.615069183527634,13,113.93581040567035,129.18146942864817,0.006237677742227205
0.75,ALP-photon-combined,7,12.615069183527634,14,129.18146942864817,146.4671378061682,0.0037935900263468504
0.75,ALP-photon-combined,7,12.615069183527634,15,146.4671378061682,166.06578754687547,0.002510071862569067
0.75,ALP-photon-combined,7,12.615069183527634,16,166.06578754687547,188.28691682403147,0.0016599794180612716
0.75,ALP-photon-combined,7,12.615069183527634,17,188.28691682403147,213.48143751218313,0.0011442432426251375
0.75,ALP-photon-combined,7,12.615069183527634,18,213.48143751218313,242.0472167211748,0.0006552217689591124
0.75,ALP-photon-combined,7,12.615069183527634,19,242.0472167211748,400.0,0.0006338887922266358
0.75,ALP-photon-combined,8,13.587852780275625,0,0.75,25.24530087651988,0.47221472831828254
0.75,ALP-photon-combined,8,13.587852780275625,1,25.24530087651988,28.62335425346548,0.08060184916718108
0.75,ALP-photon-combined,8,13.587852780275625,2,28.62335425346548,32.4534222319921,0.0757162924728971
0.75,ALP-photon-combined,8,13.587852780275625,3,32.4534222319921,36.79598852187087,0.06898279668330534
0.75,ALP-photon-combined,8,13.587852780275625,4,36.79598852187087,41.71963010936189,0.06165903120873009
0.75,ALP-photon-combined,8,13.587852780275625,5,41.71963010936189,47.30210021202276,0.05386006707338625
0.75,ALP-photon-combined,8,13.587852780275625,6,47.30210021202276,53.63155614282764,0.044775258932783085
0.75,ALP-photon-combined,8,13.587852780275625,7,53.63155614282764,60.80795147379508,0.037030037353078166
0.75,ALP-photon-combined,8,13.587852780275625,8,60.80795147379508,68.94461448390986,0.0293491073755239
0.75,ALP-photon-combined,8,13.587852780275625,9,68.94461448390986,78.17003781788945,0.021711992803927896
0.75,ALP-photon-combined,8,13.587852780275625,10,78.17003781788945,88.62990761774932,0.016976660378064935
0.75,ALP-photon-combined,8,13.587852780275625,11,88.62990761774932,100.48940417082771,0.012111597700077857
0.75,ALP-photon-combined,8,13.587852780275625,12,100.48940417082771,113.93581040567035,0.008524535238726694
0.75,ALP-photon-combined,8,13.587852780275625,13,113.93581040567035,129.18146942864817,0.006186124615428056
0.75,ALP-photon-combined,8,13.587852780275625,14,129.18146942864817,146.4671378061682,0.0037632352335091623
0.75,ALP-photon-combined,8,13.587852780275625,15,146.4671378061682,166.06578754687547,0.002488685437773764
0.75,ALP-photon-combined,8,13.587852780275625,16,166.06578754687547,188.28691682403147,0.001639247127863292
0.75,ALP-photon-combined,8,13.587852780275625,17,188.28691682403147,213.48143751218313,0.0011315530299012802
0.75,ALP-photon-combined,8,13.587852780275625,18,213.48143751218313,242.0472167211748,0.0006504016401644309
0.75,ALP-photon-combined,8,13.587852780275625,19,242.0472167211748,400.0,0.0006267982093950288
0.75,ALP-photon-combined,9,14.635650466311175,0,0.75,25.24530087651988,0.4747763804121521
0.75,ALP-photon-combined,9,14.635650466311175,1,25.24530087651988,28.62335425346548,0.08080158578208124
0.75,ALP-photon-combined,9,14.635650466311175,2,28.62335425346548,32.4534222319921,0.07541922904657915
0.75,ALP-photon-combined,9,14.635650466311175,3,32.4534222319921,36.79598852187087,0.06869615073164262
0.75,ALP-photon-combined,9,14.635650466311175,4,36.79598852187087,41.71963010936189,0.061289189636231374
0.75,ALP-photon-combined,9,14.635650466311175,5,41.71963010936189,47.30210021202276,0.05331592192359637
0.75,ALP-photon-combined,9,14.635650466311175,6,47.30210021202276,53.63155614282764,0.04455251802562067
0.75,ALP-photon-combined,9,14.635650466311175,7,53.63155614282764,60.80795147379508,0.03671280414791463
0.75,ALP-photon-combined,9,14.635650466311175,8,60.80795147379508,68.94461448390986,0.029199065376606326
0.75,ALP-photon-combined,9,14.635650466311175,9,68.94461448390986,78.17003781788945,0.02159748135891032
0.75,ALP-photon-combined,9,14.635650466311175,10,78.17003781788945,88.62990761774932,0.01684131843450437
0.75,ALP-photon-combined,9,14.635650466311175,11,88.62990761774932,100.48940417082771,0.01202666038772626
0.75,ALP-photon-combined,9,14.635650466311175,12,100.48940417082771,113.93581040567035,0.008452815286611617
0.75,ALP-photon-combined,9,14.635650466311175,13,113.93581040567035,129.18146942864817,0.006123511878792458
0.75,ALP-photon-combined,9,14.635650466311175,14,129.18146942864817,146.4671378061682,0.0037234465842361643
0.75,ALP-photon-combined,9,14.635650466311175,15,146.4671378061682,166.06578754687547,0.0024605389060930317
0.75,ALP-photon-combined,9,14.635650466311175,16,166.06578754687547,188.28691682403147,0.0016258949181480818
0.75,ALP-photon-combined,9,14.635650466311175,17,188.28691682403147,213.48143751218313,0.0011208777067834572
0.75,ALP-photon-combined,9,14.635650466311175,18,213.48143751218313,242.0472167211748,0.0006430864156879833
0.75,ALP-photon-combined,9,14.635650466311175,19,242.0472167211748,400.0,0.0006215230400817788
0.75,ALP-photon-combined,10,15.764246789822048,0,0.75,25.24530087651988,0.47852035275690913
0.75,ALP-photon-combined,10,15.764246789822048,1,25.24530087651988,28.62335425346548,0.08032765778733568
0.75,ALP-photon-combined,10,15.764246789822048,2,28.62335425346548,32.4534222319921,0.07505910803974845
0.75,ALP-photon-combined,10,15.764246789822048,3,32.4534222319921,36.79598852187087,0.06825005533581985
0.75,ALP-photon-combined,10,15.764246789822048,4,36.79598852187087,41.71963010936189,0.06107581259527935
0.75,ALP-photon-combined,10,15.764246789822048,5,41.71963010936189,47.30210021202276,0.053017537273530445
0.75,ALP-photon-combined,10,15.764246789822048,6,47.30210021202276,53.63155614282764,0.04425602291004801
0.75,ALP-photon-combined,10,15.764246789822048,7,53.63155614282764,60.80795147379508,0.03623721041323728
0.75,ALP-photon-combined,10,15.764246789822048,8,60.80795147379508,68.94461448390986,0.028894066690324575
0.75,ALP-photon-combined,10,15.764246789822048,9,68.94461448390986,78.17003781788945,0.021305326743134335
0.75,ALP-photon-combined,10,15.764246789822048,10,78.17003781788945,88.62990761774932,0.01663980937933093
0.75,ALP-photon-combined,10,15.764246789822048,11,88.62990761774932,100.48940417082771,0.01189845384488386
0.75,ALP-photon-combined,10,15.764246789822048,12,100.48940417082771,113.93581040567035,0.008380060962903429
0.75,ALP-photon-combined,10,15.764246789822048,13,113.93581040567035,129.18146942864817,0.006069284475573344
0.75,ALP-photon-combined,10,15.764246789822048,14,129.18146942864817,146.4671378061682,0.0036759276160094603
0.75,ALP-photon-combined,10,15.764246789822048,15,146.4671378061682,166.06578754687547,0.002430336058891288
0.75,ALP-photon-combined,10,15.764246789822048,16,166.06578754687547,188.28691682403147,0.001606369503157573
0.75,ALP-photon-combined,10,15.764246789822048,17,188.28691682403147,213.48143751218313,0.0011080258602223709
0.75,ALP-photon-combined,10,15.764246789822048,18,213.48143751218313,242.0472167211748,0.0006354218341752649
0.75,ALP-photon-combined,10,15.764246789822048,19,242.0472167211748,400.0,0.0006131599194853741
0.75,ALP-photon-combined,11,16.979872361836364,0,0.75,25.24530087651988,0.4812835318704664
0.75,ALP-photon-combined,11,16.979872361836364,1,25.24530087651988,28.62335425346548,0.08012451565495035
0.75,ALP-photon-combined,11,16.979872361836364,2,28.62335425346548,32.4534222319921,0.07456509584205526
0.75,ALP-photon-combined,11,16.979872361836364,3,32.4534222319921,36.79598852187087,0.067926679591662
0.75,ALP-photon-combined,11,16.979872361836364,4,36.79598852187087,41.71963010936189,0.060638385875609685
0.75,ALP-photon-combined,11,16.979872361836364,5,41.71963010936189,47.30210021202276,0.05286876914407384
0.75,ALP-photon-combined,11,16.979872361836364,6,47.30210021202276,53.63155614282764,0.04395149822325527
0.75,ALP-photon-combined,11,16.979872361836364,7,53.63155614282764,60.80795147379508,0.0361808526220745
0.75,ALP-photon-combined,11,16.979872361836364,8,60.80795147379508,68.94461448390986,0.028686104838166134
0.75,ALP-photon-combined,11,16.979872361836364,9,68.94461448390986,78.17003781788945,0.021154404358366196
0.75,ALP-photon-combined,11,16.979872361836364,10,78.17003781788945,88.62990761774932,0.016506523189913015
0.75,ALP-photon-combined,11,16.979872361836364,11,88.62990761774932,100.48940417082771,0.011810732722821
0.75,ALP-photon-combined,11,16.979872361836364,12,100.48940417082771,113.93581040567035,0.008304855344506824
0.75,ALP-photon-combined,11,16.979872361836364,13,113.93581040567035,129.18146942864817,0.006014487998578039
0.75,ALP-photon-combined,11,16.979872361836364,14,129.18146942864817,146.4671378061682,0.0036455950752600093
0.75,ALP-photon-combined,11,16.979872361836364,15,146.4671378061682,166.06578754687547,0.0024118134759008865
0.75,ALP-photon-combined,11,16.979872361836364,16,166.06578754687547,188.28691682403147,0.0015907155935051356
0.75,ALP-photon-combined,11,16.979872361836364,17,188.28691682403147,213.48143751218313,0.0010977718505504853
0.75,ALP-photon-combined,11,16.979872361836364,18,213.48143751218313,242.0472167211748,0.0006292896041372601
0.75,ALP-photon-combined,11,16.979872361836364,19,242.0472167211748,400.0,0.0006083771241478656
0.75,ALP-photon-combined,12,18.2892382533875,0,0.75,25.24530087651988,0.4828131773522263
0.75,ALP-photon-combined,12,18.2892382533875,1,25.24530087651988,28.62335425346548,0.07988433341063719
0.75,ALP-photon-combined,12,18.2892382533875,2,28.62335425346548,32.4534222319921,0.07478536991954744
0.75,ALP-photon-combined,12,18.2892382533875,3,32.4534222319921,36.79598852187087,0.06773537918728344
0.75,ALP-photon-combined,12,18.2892382533875,4,36.79598852187087,41.71963010936189,0.060310544433315565
0.75,ALP-photon-combined,12,18.2892382533875,5,41.71963010936189,47.30210021202276,0.05269993562292901
0.75,ALP-photon-combined,12,18.2892382533875,6,47.30210021202276,53.63155614282764,0.0438494437134872
0.75,ALP-photon-combined,12,18.2892382533875,7,53.63155614282764,60.80795147379508,0.03600964669681574
0.75,ALP-photon-combined,12,18.2892382533875,8,60.80795147379508,68.94461448390986,0.028572192112826418
0.75,ALP-photon-combined,12,18.2892382533875,9,68.94461448390986,78.17003781788945,0.02105342097498756
0.75,ALP-photon-combined,12,18.2892382533875,10,78.17003781788945,88.62990761774932,0.0164132419776237
0.75,ALP-photon-combined,12,18.2892382533875,11,88.62990761774932,100.48940417082771,0.011745499586161747
0.75,ALP-photon-combined,12,18.2892382533875,12,100.48940417082771,113.93581040567035,0.008241168481132745
0.75,ALP-photon-combined,12,18.2892382533875,13,113.93581040567035,129.18146942864817,0.005970082959682565
0.75,ALP-photon-combined,12,18.2892382533875,14,129.18146942864817,146.4671378061682,0.0036221590880077727
0.75,ALP-photon-combined,12,18.2892382533875,15,146.4671378061682,166.06578754687547,0.0023958663113494644
0.75,ALP-photon-combined,12,18.2892382533875,16,166.06578754687547,188.28691682403147,0.0015783773501187438
0.75,ALP-photon-combined,12,18.2892382533875,17,188.28691682403147,213.48143751218313,0.0010910262315441787
0.75,ALP-photon-combined,12,18.2892382533875,18,213.48143751218313,242.0472167211748,0.0006255567452367056
0.75,ALP-photon-combined,12,18.2892382533875,19,242.0472167211748,400.0,0.0006035778450863049
0.75,ALP-photon-combined,13,19.699573045141378,0,0.75,25.24530087651988,0.48495829390170647
0.75,ALP-photon-combined,13,19.699573045141378,1,25.24530087651988,28.62335425346548,0.07994891512831796
0.75,ALP-photon-combined,13,19.699573045141378,2,28.62335425346548,32.4534222319921,0.07457716756664971
0.75,ALP-photon-combined,13,19.699573045141378,3,32.4534222319921,36.79598852187087,0.06757344523283347
0.75,ALP-photon-combined,13,19.699573045141378,4,36.79598852187087,41.71963010936189,0.0602639118814214
0.75,ALP-photon-combined,13,19.699573045141378,5,41.71963010936189,47.30210021202276,0.05237191351684305
0.75,ALP-photon-combined,13,19.699573045141378,6,47.30210021202276,53.63155614282764,0.04334291831795975
0.75,ALP-photon-combined,13,19.699573045141378,7,53.63155614282764,60.80795147379508,0.035803620310975774
0.75,ALP-photon-combined,13,19.699573045141378,8,60.80795147379508,68.94461448390986,0.028378436751510985
0.75,ALP-photon-combined,13,19.699573045141378,9,68.94461448390986,78.17003781788945,0.020924143022982268
0.75,ALP-photon-combined,13,19.699573045141378,10,78.17003781788945,88.62990761774932,0.016298769618547763
0.75,ALP-photon-combined,13,19.699573045141378,11,88.62990761774932,100.48940417082771,0.011641336971883937
0.75,ALP-photon-combined,13,19.699573045141378,12,100.48940417082771,113.93581040567035,0.008165974598439494
0.75,ALP-photon-combined,13,19.699573045141378,13,113.93581040567035,129.18146942864817,0.005911089977904116
0.75,ALP-photon-combined,13,19.699573045141378,14,129.18146942864817,146.4671378061682,0.0036002015502713033
0.75,ALP-photon-combined,13,19.699573045141378,15,146.4671378061682,166.06578754687547,0.0023759849190226746
0.75,ALP-photon-combined,13,19.699573045141378,16,166.06578754687547,188.28691682403147,0.0015638602953051755
0.75,ALP-photon-combined,13,19.699573045141378,17,188.28691682403147,213.48143751218313,0.001082607924280321
0.75,ALP-photon-combined,13,19.699573045141378,18,213.48143751218313,242.0472167211748,0.0006189777107655803
0.75,ALP-photon-combined,13,19.699573045141378,19,242.0472167211748,400.0,0.000598430802378904
0.75,ALP-photon-combined,14,21.218662734025152,0,0.75,25.24530087651988,0.486830258558559
0.75,ALP-photon-combined,14,21.218662734025152,1,25.24530087651988,28.62335425346548,0.07960738187991513
0.75,ALP-photon-combined,14,21.218662734025152,2,28.62335425346548,32.4534222319921,0.07454718560490856
0.75,ALP-photon-combined,14,21.218662734025152,3,32.4534222319921,36.79598852187087,0.06751015643004388
0.75,ALP-photon-combined,14,21.218662734025152,4,36.79598852187087,41.71963010936189,0.06004124479641373
0.75,ALP-photon-combined,14,21.218662734025152,5,41.71963010936189,47.30210021202276,0.05208131461428886
0.75,ALP-photon-combined,14,21.218662734025152,6,47.30210021202276,53.63155614282764,0.04323086127014855
0.75,ALP-photon-combined,14,21.218662734025152,7,53.63155614282764,60.80795147379508,0.0355479311002124
0.75,ALP-photon-combined,14,21.218662734025152,8,60.80795147379508,68.94461448390986,0.028207321075627352
0.75,ALP-photon-combined,14,21.218662734025152,9,68.94461448390986,78.17003781788945,0.02080190641362316
0.75,ALP-photon-combined,14,21.218662734025152,10,78.17003781788945,88.62990761774932,0.016210761625299448
0.75,ALP-photon-combined,14,21.218662734025152,11,88.62990761774932,100.48940417082771,0.011584372777626667
0.75,ALP-photon-combined,14,21.218662734025152,12,100.48940417082771,113.93581040567035,0.008148522102691801
0.75,ALP-photon-combined,14,21.218662734025152,13,113.93581040567035,129.18146942864817,0.005876319108119354
0.75,ALP-photon-combined,14,21.218662734025152,14,129.18146942864817,146.4671378061682,0.0035773768107900746
0.75,ALP-photon-combined,14,21.218662734025152,15,146.4671378061682,166.06578754687547,0.002358659358901972
0.75,ALP-photon-combined,14,21.218662734025152,16,166.06578754687547,188.28691682403147,0.0015542902260437018
0.75,ALP-photon-combined,14,21.218662734025152,17,188.28691682403147,213.48143751218313,0.0010731867761270828
0.75,ALP-photon-combined,14,21.218662734025152,18,213.48143751218313,242.0472167211748,0.000617013710829607
0.75,ALP-photon-combined,14,21.218662734025152,19,242.0472167211748,400.0,0.0005939357598298111
0.75,ALP-photon-combined,15,22.85489371716872,0,0.75,25.24530087651988,0.48943113900931434
0.75,ALP-photon-combined,15,22.85489371716872,1,25.24530087651988,28.62335425346548,0.07968719906689338
0.75,ALP-photon-combined,15,22.85489371716872,2,28.62335425346548,32.4534222319921,0.07412969732728283
0.75,ALP-photon-combined,15,22.85489371716872,3,32.4534222319921,36.79598852187087,0.06702489242366776
0.75,ALP-photon-combined,15,22.85489371716872,4,36.79598852187087,41.71963010936189,0.05957303803735878
0.75,ALP-photon-combined,15,22.85489371716872,5,41.71963010936189,47.30210021202276,0.05193341263948265
0.75,ALP-photon-combined,15,22.85489371716872,6,47.30210021202276,53.63155614282764,0.0430035231370075
0.75,ALP-photon-combined,15,22.85489371716872,7,53.63155614282764,60.80795147379508,0.03533732690106144
0.75,ALP-photon-combined,15,22.85489371716872,8,60.80795147379508,68.94461448390986,0.02799685111641894
0.75,ALP-photon-combined,15,22.85489371716872,9,68.94461448390986,78.17003781788945,0.020668951854181203
0.75,ALP-photon-combined,15,22.85489371716872,10,78.17003781788945,88.62990761774932,0.016097673138772715
0.75,ALP-photon-combined,15,22.85489371716872,11,88.62990761774932,100.48940417082771,0.011493405418962812
0.75,ALP-photon-combined,15,22.85489371716872,12,100.48940417082771,113.93581040567035,0.008078302624829817
0.75,ALP-photon-combined,15,22.85489371716872,13,113.93581040567035,129.18146942864817,0.005846269403463549
0.75,ALP-photon-combined,15,22.85489371716872,14,129.18146942864817,146.4671378061682,0.0035468945906942276
0.75,ALP-photon-combined,15,22.85489371716872,15,146.4671378061682,166.06578754687547,0.002342551328174614
0.75,ALP-photon-combined,15,22.85489371716872,16,166.06578754687547,188.28691682403147,0.0015421716594094528
0.75,ALP-photon-combined,15,22.85489371716872,17,188.28691682403147,213.48143751218313,0.0010658496800254667
0.75,ALP-photon-combined,15,22.85489371716872,18,213.48143751218313,242.0472167211748,0.000610622298182148
0.75,ALP-photon-combined,15,22.85489371716872,19,242.0472167211748,400.0,0.0005902283448163761
0.75,ALP-photon-combined,16,24.617299090459206,0,0.75,25.24530087651988,0.49086038316110087
0.75,ALP-photon-combined,16,24.617299090459206,1,25.24530087651988,28.62335425346548,0.07939052470342915
0.75,ALP-photon-combined,16,24.617299090459206,2,28.62335425346548,32.4534222319921,0.07413145550065692
0.75,ALP-photon-combined,16,24.617299090459206,3,32.4534222319921,36.79598852187087,0.0671941628346323
0.75,ALP-photon-combined,16,24.617299090459206,4,36.79598852187087,41.71963010936189,0.059357766995866104
0.75,ALP-photon-combined,16,24.617299090459206,5,41.71963010936189,47.30210021202276,0.05156907578200392
0.75,ALP-photon-combined,16,24.617299090459206,6,47.30210021202276,53.63155614282764,0.042832858275931106
0.75,ALP-photon-combined,16,24.617299090459206,7,53.63155614282764,60.80795147379508,0.035204650010320145
0.75,ALP-photon-combined,16,24.617299090459206,8,60.80795147379508,68.94461448390986,0.027944411077974653
0.75,ALP-photon-combined,16,24.617299090459206,9,68.94461448390986,78.17003781788945,0.020573809787628097
0.75,ALP-photon-combined,16,24.617299090459206,10,78.17003781788945,88.62990761774932,0.0160043466970069
0.75,ALP-photon-combined,16,24.617299090459206,11,88.62990761774932,100.48940417082771,0.01143745415899435
0.75,ALP-photon-combined,16,24.617299090459206,12,100.48940417082771,113.93581040567035,0.008038779895620598
0.75,ALP-photon-combined,16,24.617299090459206,13,113.93581040567035,129.18146942864817,0.005807807829225051
0.75,ALP-photon-combined,16,24.617299090459206,14,129.18146942864817,146.4671378061682,0.0035302637160559685
0.75,ALP-photon-combined,16,24.617299090459206,15,146.4671378061682,166.06578754687547,0.0023329948672817205
0.75,ALP-photon-combined,16,24.617299090459206,16,166.06578754687547,188.28691682403147,0.0015375343301368403
0.75,ALP-photon-combined,16,24.617299090459206,17,188.28691682403147,213.48143751218313,0.0010592542474087358
0.75,ALP-photon-combined,16,24.617299090459206,18,213.48143751218313,242.0472167211748,0.0006062760453655417
0.75,ALP-photon-combined,16,24.617299090459206,19,242.0472167211748,400.0,0.0005861900833611649
0.75,ALP-photon-combined,17,26.515608517307804,0,0.75,25.24530087651988,0.49311413099098944
0.75,ALP-photon-combined,17,26.515608517307804,1,25.24530087651988,28.62335425346548,0.0791807242434469
0.75,ALP-photon-combined,17,26.515608517307804,2,28.62335425346548,32.4534222319921,0.07359737299173728
0.75,ALP-photon-combined,17,26.515608517307804,3,32.4534222319921,36.79598852187087,0.06676119196685959
0.75,ALP-photon-combined,17,26.515608517307804,4,36.79598852187087,41.71963010936189,0.059228035276451055
0.75,ALP-photon-combined,17,26.515608517307804,5,41.71963010936189,47.30210021202276,0.051371663801267925
0.75,ALP-photon-combined,17,26.515608517307804,6,47.30210021202276,53.63155614282764,0.04280900976100639
0.75,ALP-photon-combined,17,26.515608517307804,7,53.63155614282764,60.80795147379508,0.03510752094718738
0.75,ALP-photon-combined,17,26.515608517307804,8,60.80795147379508,68.94461448390986,0.02774577277604395
0.75,ALP-photon-combined,17,26.515608517307804,9,68.94461448390986,78.17003781788945,0.020432681088110142
0.75,ALP-photon-combined,17,26.515608517307804,10,78.17003781788945,88.62990761774932,0.015927214077446458
0.75,ALP-photon-combined,17,26.515608517307804,11,88.62990761774932,100.48940417082771,0.011367027685463889
0.75,ALP-photon-combined,17,26.515608517307804,12,100.48940417082771,113.93581040567035,0.008007919851735788
0.75,ALP-photon-combined,17,26.515608517307804,13,113.93581040567035,129.18146942864817,0.005768644385373141
0.75,ALP-photon-combined,17,26.515608517307804,14,129.18146942864817,146.4671378061682,0.003507188561903959
0.75,ALP-photon-combined,17,26.515608517307804,15,146.4671378061682,166.06578754687547,0.002313619203932378
0.75,ALP-photon-combined,17,26.515608517307804,16,166.06578754687547,188.28691682403147,0.0015219114571307746
0.75,ALP-photon-combined,17,26.515608517307804,17,188.28691682403147,213.48143751218313,0.0010527803689231005
0.75,ALP-photon-combined,17,26.515608517307804,18,213.48143751218313,242.0472167211748,0.0006035025918907782
0.75,ALP-photon-combined,17,26.515608517307804,19,242.0472167211748,400.0,0.0005820879730996616
0.75,ALP-photon-combined,18,28.560301942937947,0,0.75,25.24530087651988,0.4945692375036367
0.75,ALP-photon-combined,18,28.560301942937947,1,25.24530087651988,28.62335425346548,0.07906361959219871
0.75,ALP-photon-combined,18,28.560301942937947,2,28.62335425346548,32.4534222319921,0.07335560274005297
0.75,ALP-photon-combined,18,28.560301942937947,3,32.4534222319921,36.79598852187087,0.06655885760840183
0.75,ALP-photon-combined,18,28.560301942937947,4,36.79598852187087,41.71963010936189,0.05895443596956124
0.75,ALP-photon-combined,18,28.560301942937947,5,41.71963010936189,47.30210021202276,0.051414583640639944
0.75,ALP-photon-combined,18,28.560301942937947,6,47.30210021202276,53.63155614282764,0.04259724906136962
0.75,ALP-photon-combined,18,28.560301942937947,7,53.63155614282764,60.80795147379508,0.03497697931802367
0.75,ALP-photon-combined,18,28.560301942937947,8,60.80795147379508,68.94461448390986,0.02769915243111337
0.75,ALP-photon-combined,18,28.560301942937947,9,68.94461448390986,78.17003781788945,0.020401142723245332
0.75,ALP-photon-combined,18,28.560301942937947,10,78.17003781788945,88.62990761774932,0.015857262320915035
0.75,ALP-photon-combined,18,28.560301942937947,11,88.62990761774932,100.48940417082771,0.011320812874179425
0.75,ALP-photon-combined,18,28.560301942937947,12,100.48940417082771,113.93581040567035,0.00795090018705578
0.75,ALP-photon-combined,18,28.560301942937947,13,113.93581040567035,129.18146942864817,0.00574969101697563
0.75,ALP-photon-combined,18,28.560301942937947,14,129.18146942864817,146.4671378061682,0.003479230764523564
0.75,ALP-photon-combined,18,28.560301942937947,15,146.4671378061682,166.06578754687547,0.002306282331881372
0.75,ALP-photon-combined,18,28.560301942937947,16,166.06578754687547,188.28691682403147,0.001517184030562151
0.75,ALP-photon-combined,18,28.560301942937947,17,188.28691682403147,213.48143751218313,0.0010477928027721325
0.75,ALP-photon-combined,18,28.560301942937947,18,213.48143751218313,242.0472167211748,0.0006007596310931924
0.75,ALP-photon-combined,18,28.560301942937947,19,242.0472167211748,400.0,0.000579223451798433
0.75,ALP-photon-combined,19,30.762667450733804,0,0.75,25.24530087651988,0.49566735236728915
0.75,ALP-photon-combined,19,30.762667450733804,1,25.24530087651988,28.62335425346548,0.07906403773487507
0.75,ALP-photon-combined,19,30.762667450733804,2,28.62335425346548,32.4534222319921,0.0735267946412177
0.75,ALP-photon-combined,19,30.762667450733804,3,32.4534222319921,36.79598852187087,0.06661889491491095
0.75,ALP-photon-combined,19,30.762667450733804,4,36.79598852187087,41.71963010936189,0.058793197038865465
0.75,ALP-photon-combined,19,30.762667450733804,5,41.71963010936189,47.30210021202276,0.0511067725104025
0.75,ALP-photon-combined,19,30.762667450733804,6,47.30210021202276,53.63155614282764,0.04237147025707304
0.75,ALP-photon-combined,19,30.762667450733804,7,53.63155614282764,60.80795147379508,0.03478920769901787
0.75,ALP-photon-combined,19,30.762667450733804,8,60.80795147379508,68.94461448390986,0.027604168196691207
0.75,ALP-photon-combined,19,30.762667450733804,9,68.94461448390986,78.17003781788945,0.020261140063198676
0.75,ALP-photon-combined,19,30.762667450733804,10,78.17003781788945,88.62990761774932,0.01577247934115271
0.75,ALP-photon-combined,19,30.762667450733804,11,88.62990761774932,100.48940417082771,0.01127389791657896
0.75,ALP-photon-combined,19,30.762667450733804,12,100.48940417082771,113.93581040567035,0.00793412290689554
0.75,ALP-photon-combined,19,30.762667450733804,13,113.93581040567035,129.18146942864817,0.0057185988473476565
0.75,ALP-photon-combined,19,30.762667450733804,14,129.18146942864817,146.4671378061682,0.003475369330497161
0.75,ALP-photon-combined,19,30.762667450733804,15,146.4671378061682,166.06578754687547,0.0022930207901142377
0.75,ALP-photon-combined,19,30.762667450733804,16,166.06578754687547,188.28691682403147,0.0015105101258487102
0.75,ALP-photon-combined,19,30.762667450733804,17,188.28691682403147,213.48143751218313,0.0010434100758266928
0.75,ALP-photon-combined,19,30.762667450733804,18,213.48143751218313,242.0472167211748,0.0005990506255143319
0.75,ALP-photon-combined,19,30.762667450733804,19,242.0472167211748,400.0,0.0005765046166825061
0.75,ALP-SU2L,0,7.499999999999999,0,0.75,25.24530087651988,0.0014466333996552903
0.75,ALP-SU2L,0,7.499999999999999,1,25.24530087651988,28.62335425346548,0.004119189401597769
0.75,ALP-SU2L,0,7.499999999999999,2,28.62335425346548,32.4534222319921,0.009946195725002585
0.75,ALP-SU2L,0,7.499999999999999,3,32.4534222319921,36.79598852187087,0.020180096837805864
0.75,ALP-SU2L,0,7.499999999999999,4,36.79598852187087,41.71963010936189,0.03510698575178492
0.75,ALP-SU2L,0,7.499999999999999,5,41.71963010936189,47.30210021202276,0.053701516750759
0.75,ALP-SU2L,0,7.499999999999999,6,47.30210021202276,53.63155614282764,0.0747129850806879
0.75,ALP-SU2L,0,7.499999999999999,7,53.63155614282764,60.80795147379508,0.09484143068440921
0.75,ALP-SU2L,0,7.499999999999999,8,60.80795147379508,68.94461448390986,0.11293784295505907
0.75,ALP-SU2L,0,7.499999999999999,9,68.94461448390986,78.17003781788945,0.12136769936861898
0.75,ALP-SU2L,0,7.499999999999999,10,78.17003781788945,88.62990761774932,0.12059715743999531
0.75,ALP-SU2L,0,7.499999999999999,11,88.62990761774932,100.48940417082771,0.11194415639708453
0.75,ALP-SU2L,0,7.499999999999999,12,100.48940417082771,113.93581040567035,0.09043164077871703
0.75,ALP-SU2L,0,7.499999999999999,13,113.93581040567035,129.18146942864817,0.06585579549348804
0.75,ALP-SU2L,0,7.499999999999999,14,129.18146942864817,146.4671378061682,0.04307822241542231
0.75,ALP-SU2L,0,7.499999999999999,15,146.4671378061682,166.06578754687547,0.023660059634289066
0.75,ALP-SU2L,0,7.499999999999999,16,166.06578754687547,188.28691682403147,0.01073272326448649
0.75,ALP-SU2L,0,7.499999999999999,17,188.28691682403147,213.48143751218313,0.0039013926889500147
0.75,ALP-SU2L,0,7.499999999999999,18,213.48143751218313,242.0472167211748,0.0011788317233493073
0.75,ALP-SU2L,0,7.499999999999999,19,242.0472167211748,400.0,0.0002594442088373081
0.75,ALP-SU2L,1,8.913144807036554,0,0.75,25.24530087651988,0.00140534111458193
0.75,ALP-SU2L,1,8.913144807036554,1,25.24530087651988,28.62335425346548,0.004178315917984488
0.75,ALP-SU2L,1,8.913144807036554,2,28.62335425346548,32.4534222319921,0.010064016908728364
0.75,ALP-SU2L,1,8.913144807036554,3,32.4534222319921,36.79598852187087,0.020396911653424693
0.75,ALP-SU2L,1,8.913144807036554,4,36.79598852187087,41.71963010936189,0.03546778814194382
0.75,ALP-SU2L,1,8.913144807036554,5,41.71963010936189,47.30210021202276,0.05454579700730122
0.75,ALP-SU2L,1,8.913144807036554,6,47.30210021202276,53.63155614282764,0.07506157872896699
0.75,ALP-SU2L,1,8.913144807036554,7,53.63155614282764,60.80795147379508,0.09476521383483426
0.75,ALP-SU2L,1,8.913144807036554,8,60.80795147379508,68.94461448390986,0.11336757678360028
0.75,ALP-SU2L,1,8.913144807036554,9,68.94461448390986,78.17003781788945,0.12149730409265092
0.75,ALP-SU2L,1,8.913144807036554,10,78.17003781788945,88.62990761774932,0.11993022319185868
0.75,ALP-SU2L,1,8.913144807036554,11,88.62990761774932,100.48940417082771,0.11158538953895857
0.75,ALP-SU2L,1,8.913144807036554,12,100.48940417082771,113.93581040567035,0.09014942040869288
0.75,ALP-SU2L,1,8.913144807036554,13,113.93581040567035,129.18146942864817,0.0654137215947933
0.75,ALP-SU2L,1,8.913144807036554,14,129.18146942864817,146.4671378061682,0.0426819733413196
0.75,ALP-SU2L,1,8.913144807036554,15,146.4671378061682,166.06578754687547,0.023563218002194124
0.75,ALP-SU2L,1,8.913144807036554,16,166.06578754687547,188.28691682403147,0.010643225855697694
0.75,ALP-SU2L,1,8.913144807036554,17,188.28691682403147,213.48143751218313,0.0038608718404896437
0.75,ALP-SU2L,1,8.913144807036554,18,213.48143751218313,242.0472167211748,0.0011694652317337352
0.75,ALP-SU2L,1,8.913144807036554,19,242.0472167211748,400.0,0.0002526468102448217
0.75,ALP-SU2L,2,10.592553380160359,0,0.75,25.24530087651988,0.0014562030777089154
0.75,ALP-SU2L,2,10.592553380160359,1,25.24530087651988,28.62335425346548,0.004171338429096222
0.75,ALP-SU2L,2,10.592553380160359,2,28.62335425346548,32.4534222319921,0.009900546564008052
0.75,ALP-SU2L,2,10.592553380160359,3,32.4534222319921,36.79598852187087,0.020258572558052863
0.75,ALP-SU2L,2,10.592553380160359,4,36.79598852187087,41.71963010936189,0.03628544237456705
0.75,ALP-SU2L,2,10.592553380160359,5,41.71963010936189,47.30210021202276,0.05453788712798213
0.75,ALP-SU2L,2,10.592553380160359,6,47.30210021202276,53.63155614282764,0.07581605116628591
0.75,ALP-SU2L,2,10.592553380160359,7,53.63155614282764,60.80795147379508,0.09530675355057268
0.75,ALP-SU2L,2,10.592553380160359,8,60.80795147379508,68.94461448390986,0.11360494644009261
0.75,ALP-SU2L,2,10.592553380160359,9,68.94461448390986,78.17003781788945,0.12122499240402668
0.75,ALP-SU2L,2,10.592553380160359,10,78.17003781788945,88.62990761774932,0.12004149360888332
0.75,ALP-SU2L,2,10.592553380160359,11,88.62990761774932,100.48940417082771,0.11088992871655702
0.75,ALP-SU2L,2,10.592553380160359,12,100.48940417082771,113.93581040567035,0.08976460275833686
0.75,ALP-SU2L,2,10.592553380160359,13,113.93581040567035,129.18146942864817,0.06508241210372241
0.75,ALP-SU2L,2,10.592553380160359,14,129.18146942864817,146.4671378061682,0.04243966254475624
0.75,ALP-SU2L,2,10.592553380160359,15,146.4671378061682,166.06578754687547,0.023398921707961234
0.75,ALP-SU2L,2,10.592553380160359,16,166.06578754687547,188.28691682403147,0.01057230822230921
0.75,ALP-SU2L,2,10.592553380160359,17,188.28691682403147,213.48143751218313,0.003839763956255618
0.75,ALP-SU2L,2,10.592553380160359,18,213.48143751218313,242.0472167211748,0.0011551069422123467
0.75,ALP-SU2L,2,10.592553380160359,19,242.0472167211748,400.0,0.00025306574661263003
0.75,ALP-SU2L,3,12.588394953817843,0,0.75,25.24530087651988,0.0014596843572522598
0.75,ALP-SU2L,3,12.588394953817843,1,25.24530087651988,28.62335425346548,0.004483217894218623
0.75,ALP-SU2L,3,12.588394953817843,2,28.62335425346548,32.4534222319921,0.010193991860183969
0.75,ALP-SU2L,3,12.588394953817843,3,32.4534222319921,36.79598852187087,0.02066737728331632
0.75,ALP-SU2L,3,12.588394953817843,4,36.79598852187087,41.71963010936189,0.036674873347404185
0.75,ALP-SU2L,3,12.588394953817843,5,41.71963010936189,47.30210021202276,0.05462482530797213
0.75,ALP-SU2L,3,12.588394953817843,6,47.30210021202276,53.63155614282764,0.07588397720901782
0.75,ALP-SU2L,3,12.588394953817843,7,53.63155614282764,60.80795147379508,0.09563061444296043
0.75,ALP-SU2L,3,12.588394953817843,8,60.80795147379508,68.94461448390986,0.11378745145871529
0.75,ALP-SU2L,3,12.588394953817843,9,68.94461448390986,78.17003781788945,0.12128979285805015
0.75,ALP-SU2L,3,12.588394953817843,10,78.17003781788945,88.62990761774932,0.11946478818726529
0.75,ALP-SU2L,3,12.588394953817843,11,88.62990761774932,100.48940417082771,0.11068425158889968
0.75,ALP-SU2L,3,12.588394953817843,12,100.48940417082771,113.93581040567035,0.08922246736753602
0.75,ALP-SU2L,3,12.588394953817843,13,113.93581040567035,129.18146942864817,0.0648447181220074
0.75,ALP-SU2L,3,12.588394953817843,14,129.18146942864817,146.4671378061682,0.042146075797724926
0.75,ALP-SU2L,3,12.588394953817843,15,146.4671378061682,166.06578754687547,0.023207758669139513
0.75,ALP-SU2L,3,12.588394953817843,16,166.06578754687547,188.28691682403147,0.010517421519140131
0.75,ALP-SU2L,3,12.588394953817843,17,188.28691682403147,213.48143751218313,0.003816443864791085
0.75,ALP-SU2L,3,12.588394953817843,18,213.48143751218313,242.0472167211748,0.0011475706647860445
0.75,ALP-SU2L,3,12.588394953817843,19,242.0472167211748,400.0,0.00025269819961886835
0.75,ALP-SU2L,4,14.960291614872897,0,0.75,25.24530087651988,0.001586802998369077
0.75,ALP-SU2L,4,14.960291614872897,1,25.24530087651988,28.62335425346548,0.00424646463572556
0.75,ALP-SU2L,4,14.960291614872897,2,28.62335425346548,32.4534222319921,0.01002776070802452
0.75,ALP-SU2L,4,14.960291614872897,3,32.4534222319921,36.79598852187087,0.02106226739912033
0.75,ALP-SU2L,4,14.960291614872897,4,36.79598852187087,41.71963010936189,0.03621036462037933
0.75,ALP-SU2L,4,14.960291614872897,5,41.71963010936189,47.30210021202276,0.055020913588246165
0.75,ALP-SU2L,4,14.960291614872897,6,47.30210021202276,53.63155614282764,0.07663053261745474
0.75,ALP-SU2L,4,14.960291614872897,7,53.63155614282764,60.80795147379508,0.09597011176133377
0.75,ALP-SU2L,4,14.960291614872897,8,60.80795147379508,68.94461448390986,0.11338572225788815
0.75,ALP-SU2L,4,14.960291614872897,9,68.94461448390986,78.17003781788945,0.12122808102373561
0.75,ALP-SU2L,4,14.960291614872897,10,78.17003781788945,88.62990761774932,0.11955185489422598
0.75,ALP-SU2L,4,14.960291614872897,11,88.62990761774932,100.48940417082771,0.11075244341934258
0.75,ALP-SU2L,4,14.960291614872897,12,100.48940417082771,113.93581040567035,0.08896718618389023
0.75,ALP-SU2L,4,14.960291614872897,13,113.93581040567035,129.18146942864817,0.0645975353312636
0.75,ALP-SU2L,4,14.960291614872897,14,129.18146942864817,146.4671378061682,0.04203891631702187
0.75,ALP-SU2L,4,14.960291614872897,15,146.4671378061682,166.06578754687547,0.023090926209308672
0.75,ALP-SU2L,4,14.960291614872897,16,166.06578754687547,188.28691682403147,0.010447456767286645
0.75,ALP-SU2L,4,14.960291614872897,17,188.28691682403147,213.48143751218313,0.0037941669054055503
0.75,ALP-SU2L,4,14.960291614872897,18,213.48143751218313,242.0472167211748,0.0011382177421810457
0.75,ALP-SU2L,4,14.960291614872897,19,242.0472167211748,400.0,0.0002522746197965872
0.75,ALP-SU2L,5,17.779099402514248,0,0.75,25.24530087651988,0.001389841585311736
0.75,ALP-SU2L,5,17.779099402514248,1,25.24530087651988,28.62335425346548,0.004372305435152424
0.75,ALP-SU2L,5,17.779099402514248,2,28.62335425346548,32.4534222319921,0.010280541762150642
0.75,ALP-SU2L,5,17.779099402514248,3,32.4534222319921,36.79598852187087,0.020814424043605426
0.75,ALP-SU2L,5,17.779099402514248,4,36.79598852187087,41.71963010936189,0.036199036351033484
0.75,ALP-SU2L,5,17.779099402514248,5,41.71963010936189,47.30210021202276,0.05557764054705634
0.75,ALP-SU2L,5,17.779099402514248,6,47.30210021202276,53.63155614282764,0.076375525536963
0.75,ALP-SU2L,5,17.779099402514248,7,53.63155614282764,60.80795147379508,0.09600193814863305
0.75,ALP-SU2L,5,17.779099402514248,8,60.80795147379508,68.94461448390986,0.11424535679506352
0.75,ALP-SU2L,5,17.779099402514248,9,68.94461448390986,78.17003781788945,0.12092069401682787
0.75,ALP-SU2L,5,17.779099402514248,10,78.17003781788945,88.62990761774932,0.11961771038409756
0.75,ALP-SU2L,5,17.779099402514248,11,88.62990761774932,100.48940417082771,0.11050328633640899
0.75,ALP-SU2L,5,17.779099402514248,12,100.48940417082771,113.93581040567035,0.08871816606386412
0.75,ALP-SU2L,5,17.779099402514248,13,113.93581040567035,129.18146942864817,0.06448261747851283
0.75,ALP-SU2L,5,17.779099402514248,14,129.18146942864817,146.4671378061682,0.041889684604805875
0.75,ALP-SU2L,5,17.779099402514248,15,146.4671378061682,166.06578754687547,0.023041375794800017
0.75,ALP-SU2L,5,17.779099402514248,16,166.06578754687547,188.28691682403147,0.010397040781907277
0.75,ALP-SU2L,5,17.779099402514248,17,188.28691682403147,213.48143751218313,0.003784596364413349
0.75,ALP-SU2L,5,17.779099402514248,18,213.48143751218313,242.0472167211748,0.0011387224477490466
0.75,ALP-SU2L,5,17.779099402514248,19,242.0472167211748,400.0,0.00024949552164343203
0.75,ALP-SU2L,6,21.129025001774206,0,0.75,25.24530087651988,0.0015478290354173012
0.75,ALP-SU2L,6,21.129025001774206,1,25.24530087651988,28.62335425346548,0.0045094106802976265
0.75,ALP-SU2L,6,21.129025001774206,2,28.62335425346548,32.4534222319921,0.01040316779358662
0.75,ALP-SU2L,6,21.129025001774206,3,32.4534222319921,36.79598852187087,0.021040312425735615
0.75,ALP-SU2L,6,21.129025001774206,4,36.79598852187087,41.71963010936189,0.03647553101304572
0.75,ALP-SU2L,6,21.129025001774206,5,41.71963010936189,47.30210021202276,0.055135010977235034
0.75,ALP-SU2L,6,21.129025001774206,6,47.30210021202276,53.63155614282764,0.07653543240542975
0.75,ALP-SU2L,6,21.129025001774206,7,53.63155614282764,60.80795147379508,0.09610299297255365
0.75,ALP-SU2L,6,21.129025001774206,8,60.80795147379508,68.94461448390986,0.1135606768600856
0.75,ALP-SU2L,6,21.129025001774206,9,68.94461448390986,78.17003781788945,0.12124558842610002
0.75,ALP-SU2L,6,21.129025001774206,10,78.17003781788945,88.62990761774932,0.1198333525225427
0.75,ALP-SU2L,6,21.129025001774206,11,88.62990761774932,100.48940417082771,0.11027376143361615
0.75,ALP-SU2L,6,21.129025001774206,12,100.48940417082771,113.93581040567035,0.08885721139487905
0.75,ALP-SU2L,6,21.129025001774206,13,113.93581040567035,129.18146942864817,0.06410842588950975
0.75,ALP-SU2L,6,21.129025001774206,14,129.18146942864817,146.4671378061682,0.04187137075909024
0.75,ALP-SU2L,6,21.129025001774206,15,146.4671378061682,166.06578754687547,0.022941843382852597
0.75,ALP-SU2L,6,21.129025001774206,16,166.06578754687547,188.28691682403147,0.010402291534749915
0.75,ALP-SU2L,6,21.129025001774206,17,188.28691682403147,213.48143751218313,0.003771562422231357
0.75,ALP-SU2L,6,21.129025001774206,18,213.48143751218313,242.0472167211748,0.0011338931617236635
0.75,ALP-SU2L,6,21.129025001774206,19,242.0472167211748,400.0,0.0002503349093177543
0.75,ALP-SU2L,7,25.110141262974583,0,0.75,25.24530087651988,0.0015427701735714634
0.75,ALP-SU2L,7,25.110141262974583,1,25.24530087651988,28.62335425346548,0.004443126471150653
0.75,ALP-SU2L,7,25.110141262974583,2,28.62335425346548,32.4534222319921,0.010305931176187139
0.75,ALP-SU2L,7,25.110141262974583,3,32.4534222319921,36.79598852187087,0.02150900012343571
0.75,ALP-SU2L,7,25.110141262974583,4,36.79598852187087,41.71963010936189,0.03643176384001664
0.75,ALP-SU2L,7,25.110141262974583,5,41.71963010936189,47.30210021202276,0.055657454250238235
0.75,ALP-SU2L,7,25.110141262974583,6,47.30210021202276,53.63155614282764,0.07716421805067004
0.75,ALP-SU2L,7,25.110141262974583,7,53.63155614282764,60.80795147379508,0.0960853246833258
0.75,ALP-SU2L,7,25.110141262974583,8,60.80795147379508,68.94461448390986,0.11357886966093769
0.75,ALP-SU2L,7,25.110141262974583,9,68.94461448390986,78.17003781788945,0.12055461472870074
0.75,ALP-SU2L,7,25.110141262974583,10,78.17003781788945,88.62990761774932,0.11940167186050558
0.75,ALP-SU2L,7,25.110141262974583,11,88.62990761774932,100.48940417082771,0.11040578662253231
0.75,ALP-SU2L,7,25.110141262974583,12,100.48940417082771,113.93581040567035,0.08851490755706869
0.75,ALP-SU2L,7,25.110141262974583,13,113.93581040567035,129.18146942864817,0.06422880255925076
0.75,ALP-SU2L,7,25.110141262974583,14,129.18146942864817,146.4671378061682,0.04181740304066594
0.75,ALP-SU2L,7,25.110141262974583,15,146.4671378061682,166.06578754687547,0.022882767291759257
0.75,ALP-SU2L,7,25.110141262974583,16,166.06578754687547,188.28691682403147,0.01035801408922268
0.75,ALP-SU2L,7,25.110141262974583,17,188.28691682403147,213.48143751218313,0.0037423396983110955
0.75,ALP-SU2L,7,25.110141262974583,18,213.48143751218313,242.0472167211748,0.0011268786433622743
0.75,ALP-SU2L,7,25.110141262974583,19,242.0472167211748,400.0,0.0002483554790873065
0.75,ALP-SU2L,8,29.84137669360484,0,0.75,25.24530087651988,0.0013888400875392936
0.75,ALP-SU2L,8,29.84137669360484,1,25.24530087651988,28.62335425346548,0.004504468338943334
0.75,ALP-SU2L,8,29.84137669360484,2,28.62335425346548,32.4534222319921,0.010464599801211656
0.75,ALP-SU2L,8,29.84137669360484,3,32.4534222319921,36.79598852187087,0.020776216160960866
0.75,ALP-SU2L,8,29.84137669360484,4,36.79598852187087,41.71963010936189,0.0372540810132369
0.75,ALP-SU2L,8,29.84137669360484,5,41.71963010936189,47.30210021202276,0.05619158587619685
0.75,ALP-SU2L,8,29.84137669360484,6,47.30210021202276,53.63155614282764,0.07684259815317002
0.75,ALP-SU2L,8,29.84137669360484,7,53.63155614282764,60.80795147379508,0.09607951730674705
0.75,ALP-SU2L,8,29.84137669360484,8,60.80795147379508,68.94461448390986,0.11349339741492406
0.75,ALP-SU2L,8,29.84137669360484,9,68.94461448390986,78.17003781788945,0.12135744405166077
0.75,ALP-SU2L,8,29.84137669360484,10,78.17003781788945,88.62990761774932,0.11905297555179452
0.75,ALP-SU2L,8,29.84137669360484,11,88.62990761774932,100.48940417082771,0.11001171079175993
0.75,ALP-SU2L,8,29.84137669360484,12,100.48940417082771,113.93581040567035,0.08860910002484715
0.75,ALP-SU2L,8,29.84137669360484,13,113.93581040567035,129.18146942864817,0.06402272796177355
0.75,ALP-SU2L,8,29.84137669360484,14,129.18146942864817,146.4671378061682,0.04165997581824015
0.75,ALP-SU2L,8,29.84137669360484,15,146.4671378061682,166.06578754687547,0.02285554562475104
0.75,ALP-SU2L,8,29.84137669360484,16,166.06578754687547,188.28691682403147,0.010326311876543919
0.75,ALP-SU2L,8,29.84137669360484,17,188.28691682403147,213.48143751218313,0.0037385654195906974
0.75,ALP-SU2L,8,29.84137669360484,18,213.48143751218313,242.0472167211748,0.0011234035028196106
0.75,ALP-SU2L,8,29.84137669360484,19,242.0472167211748,400.0,0.00024693522328876903
0.75,ALP-SU2L,9,35.46406822819008,0,0.75,25.24530087651988,0.001599807562612272
0.75,ALP-SU2L,9,35.46406822819008,1,25.24530087651988,28.62335425346548,0.004699055568870938
0.75,ALP-SU2L,9,35.46406822819008,2,28.62335425346548,32.4534222319921,0.010323050918751325
0.75,ALP-SU2L,9,35.46406822819008,3,32.4534222319921,36.79598852187087,0.021178626876447396
0.75,ALP-SU2L,9,35.46406822819008,4,36.79598852187087,41.71963010936189,0.03693025854878199
0.75,ALP-SU2L,9,35.46406822819008,5,41.71963010936189,47.30210021202276,0.056000501152306606
0.75,ALP-SU2L,9,35.46406822819008,6,47.30210021202276,53.63155614282764,0.0769840675098023
0.75,ALP-SU2L,9,35.46406822819008,7,53.63155614282764,60.80795147379508,0.09653471683302445
0.75,ALP-SU2L,9,35.46406822819008,8,60.80795147379508,68.94461448390986,0.11412205563251697
0.75,ALP-SU2L,9,35.46406822819008,9,68.94461448390986,78.17003781788945,0.12093602042724018
0.75,ALP-SU2L,9,35.46406822819008,10,78.17003781788945,88.62990761774932,0.11891466520578466
0.75,ALP-SU2L,9,35.46406822819008,11,88.62990761774932,100.48940417082771,0.11000614310484079
0.75,ALP-SU2L,9,35.46406822819008,12,100.48940417082771,113.93581040567035,0.0884781760675581
0.75,ALP-SU2L,9,35.46406822819008,13,113.93581040567035,129.18146942864817,0.06366486977980425
0.75,ALP-SU2L,9,35.46406822819008,14,129.18146942864817,146.4671378061682,0.04148404286153263
0.75,ALP-SU2L,9,35.46406822819008,15,146.4671378061682,166.06578754687547,0.02276907434148165
0.75,ALP-SU2L,9,35.46406822819008,16,166.06578754687547,188.28691682403147,0.010269172264663014
0.75,ALP-SU2L,9,35.46406822819008,17,188.28691682403147,213.48143751218313,0.0037371472503245516
0.75,ALP-SU2L,9,35.46406822819008,18,213.48143751218313,242.0472167211748,0.0011224434725625174
0.75,ALP-SU2L,9,35.46406822819008,19,242.0472167211748,400.0,0.00024610462109341517
0.75,ALP-SU2L,10,42.14618340859766,0,0.75,25.24530087651988,0.0017109246613927613
0.75,ALP-SU2L,10,42.14618340859766,1,25.24530087651988,28.62335425346548,0.004604759026653235
0.75,ALP-SU2L,10,42.14618340859766,2,28.62335425346548,32.4534222319921,0.010600495378597462
0.75,ALP-SU2L,10,42.14618340859766,3,32.4534222319921,36.79598852187087,0.02140761527581693
0.75,ALP-SU2L,10,42.14618340859766,4,36.79598852187087,41.71963010936189,0.03709421845074362
0.75,ALP-SU2L,10,42.14618340859766,5,41.71963010936189,47.30210021202276,0.05579696529382755
0.75,ALP-SU2L,10,42.14618340859766,6,47.30210021202276,53.63155614282764,0.07710293218511374
0.75,ALP-SU2L,10,42.14618340859766,7,53.63155614282764,60.80795147379508,0.09685407441687467
0.75,ALP-SU2L,10,42.14618340859766,8,60.80795147379508,68.94461448390986,0.11360747911325549
0.75,ALP-SU2L,10,42.14618340859766,9,68.94461448390986,78.17003781788945,0.12081377713902217
0.75,ALP-SU2L,10,42.14618340859766,10,78.17003781788945,88.62990761774932,0.11873454626273851
0.75,ALP-SU2L,10,42.14618340859766,11,88.62990761774932,100.48940417082771,0.10993523501205836
0.75,ALP-SU2L,10,42.14618340859766,12,100.48940417082771,113.93581040567035,0.08839188998039614
0.75,ALP-SU2L,10,42.14618340859766,13,113.93581040567035,129.18146942864817,0.0637661653433345
0.75,ALP-SU2L,10,42.14618340859766,14,129.18146942864817,146.4671378061682,0.041372572418388966
0.75,ALP-SU2L,10,42.14618340859766,15,146.4671378061682,166.06578754687547,0.022822130310102735
0.75,ALP-SU2L,10,42.14618340859766,16,166.06578754687547,188.28691682403147,0.010289378857401258
0.75,ALP-SU2L,10,42.14618340859766,17,188.28691682403147,213.48143751218313,0.0037270950284013908
0.75,ALP-SU2L,10,42.14618340859766,18,213.48143751218313,242.0472167211748,0.0011235625528050284
0.75,ALP-SU2L,10,42.14618340859766,19,242.0472167211748,400.0,0.00024418329307565633
0.75,ALP-SU2L,11,50.08733810463367,0,0.75,25.24530087651988,0.0016329550174884343
0.75,ALP-SU2L,11,50.08733810463367,1,25.24530087651988,28.62335425346548,0.0044714324967167944
0.75,ALP-SU2L,11,50.08733810463367,2,28.62335425346548,32.4534222319921,0.010585046571870873
0.75,ALP-SU2L,11,50.08733810463367,3,32.4534222319921,36.79598852187087,0.02129212407579188
0.75,ALP-SU2L,11,50.08733810463367,4,36.79598852187087,41.71963010936189,0.03691311345732976
0.75,ALP-SU2L,11,50.08733810463367,5,41.71963010936189,47.30210021202276,0.05638790502935302
0.75,ALP-SU2L,11,50.08733810463367,6,47.30210021202276,53.63155614282764,0.07807373343011838
0.75,ALP-SU2L,11,50.08733810463367,7,53.63155614282764,60.80795147379508,0.09597892643559205
0.75,ALP-SU2L,11,50.08733810463367,8,60.80795147379508,68.94461448390986,0.11379013797071015
0.75,ALP-SU2L,11,50.08733810463367,9,68.94461448390986,78.17003781788945,0.12106585917261531
0.75,ALP-SU2L,11,50.08733810463367,10,78.17003781788945,88.62990761774932,0.11910148007133
0.75,ALP-SU2L,11,50.08733810463367,11,88.62990761774932,100.48940417082771,0.1093777226381483
0.75,ALP-SU2L,11,50.08733810463367,12,100.48940417082771,113.93581040567035,0.0879792210777679
0.75,ALP-SU2L,11,50.08733810463367,13,113.93581040567035,129.18146942864817,0.0638932444599146
0.75,ALP-SU2L,11,50.08733810463367,14,129.18146942864817,146.4671378061682,0.04136979912219977
0.75,ALP-SU2L,11,50.08733810463367,15,146.4671378061682,166.06578754687547,0.022753219513111888
0.75,ALP-SU2L,11,50.08733810463367,16,166.06578754687547,188.28691682403147,0.010254149648487828
0.75,ALP-SU2L,11,50.08733810463367,17,188.28691682403147,213.48143751218313,0.003715676151708938
0.75,ALP-SU2L,11,50.08733810463367,18,213.48143751218313,242.0472167211748,0.0011205639272500161
0.75,ALP-SU2L,11,50.08733810463367,19,242.0472167211748,400.0,0.0002436897324941373
0.75,ALP-SU2L,12,59.52475967007999,0,0.75,25.24530087651988,0.0015239259860456826
0.75,ALP-SU2L,12,59.52475967007999,1,25.24530087651988,28.62335425346548,0.004645889574727936
0.75,ALP-SU2L,12,59.52475967007999,2,28.62335425346548,32.4534222319921,0.01074997992392604
0.75,ALP-SU2L,12,59.52475967007999,3,32.4534222319921,36.79598852187087,0.021559548784804098
0.75,ALP-SU2L,12,59.52475967007999,4,36.79598852187087,41.71963010936189,0.037343380847329494
0.75,ALP-SU2L,12,59.52475967007999,5,41.71963010936189,47.30210021202276,0.05628198686790941
0.75,ALP-SU2L,12,59.52475967007999,6,47.30210021202276,53.63155614282764,0.0774160492471449
0.75,ALP-SU2L,12,59.52475967007999,7,53.63155614282764,60.80795147379508,0.09677702862235332
0.75,ALP-SU2L,12,59.52475967007999,8,60.80795147379508,68.94461448390986,0.1139687184489529
0.75,ALP-SU2L,12,59.52475967007999,9,68.94461448390986,78.17003781788945,0.12078629534472932
0.75,ALP-SU2L,12,59.52475967007999,10,78.17003781788945,88.62990761774932,0.118672864988892
0.75,ALP-SU2L,12,59.52475967007999,11,88.62990761774932,100.48940417082771,0.10939518445633478
0.75,ALP-SU2L,12,59.52475967007999,12,100.48940417082771,113.93581040567035,0.08791908806228085
0.75,ALP-SU2L,12,59.52475967007999,13,113.93581040567035,129.18146942864817,0.06361322116402654
0.75,ALP-SU2L,12,59.52475967007999,14,129.18146942864817,146.4671378061682,0.04133353078430603
0.75,ALP-SU2L,12,59.52475967007999,15,146.4671378061682,166.06578754687547,0.022709717203587717
0.75,ALP-SU2L,12,59.52475967007999,16,166.06578754687547,188.28691682403147,0.010233840525889614
0.75,ALP-SU2L,12,59.52475967007999,17,188.28691682403147,213.48143751218313,0.003703636693095301
0.75,ALP-SU2L,12,59.52475967007999,18,213.48143751218313,242.0472167211748,0.0011206330673197893
0.75,ALP-SU2L,12,59.52475967007999,19,242.0472167211748,400.0,0.00024547940634428477
0.75,ALP-SU2L,13,70.74037367246298,0,0.75,25.24530087651988,0.0016031609308955542
0.75,ALP-SU2L,13,70.74037367246298,1,25.24530087651988,28.62335425346548,0.004620961022997093
0.75,ALP-SU2L,13,70.74037367246298,2,28.62335425346548,32.4534222319921,0.010890176319343236
0.75,ALP-SU2L,13,70.74037367246298,3,32.4534222319921,36.79598852187087,0.0215851925081343
0.75,ALP-SU2L,13,70.74037367246298,4,36.79598852187087,41.71963010936189,0.03762667538634938
0.75,ALP-SU2L,13,70.74037367246298,5,41.71963010936189,47.30210021202276,0.056203084185792646
0.75,ALP-SU2L,13,70.74037367246298,6,47.30210021202276,53.63155614282764,0.07755547248057655
0.75,ALP-SU2L,13,70.74037367246298,7,53.63155614282764,60.80795147379508,0.09639095957213574
0.75,ALP-SU2L,13,70.74037367246298,8,60.80795147379508,68.94461448390986,0.11384893714429109
0.75,ALP-SU2L,13,70.74037367246298,9,68.94461448390986,78.17003781788945,0.12080790996851952
0.75,ALP-SU2L,13,70.74037367246298,10,78.17003781788945,88.62990761774932,0.11870618491738653
0.75,ALP-SU2L,13,70.74037367246298,11,88.62990761774932,100.48940417082771,0.10945113113522051
0.75,ALP-SU2L,13,70.74037367246298,12,100.48940417082771,113.93581040567035,0.08809588502823683
0.75,ALP-SU2L,13,70.74037367246298,13,113.93581040567035,129.18146942864817,0.06347708705440858
0.75,ALP-SU2L,13,70.74037367246298,14,129.18146942864817,146.4671378061682,0.04129384054235944
0.75,ALP-SU2L,13,70.74037367246298,15,146.4671378061682,166.06578754687547,0.022574025967854607
0.75,ALP-SU2L,13,70.74037367246298,16,166.06578754687547,188.28691682403147,0.010219015398588613
0.75,ALP-SU2L,13,70.74037367246298,17,188.28691682403147,213.48143751218313,0.003693304259611137
0.75,ALP-SU2L,13,70.74037367246298,18,213.48143751218313,242.0472167211748,0.001113749123438573
0.75,ALP-SU2L,13,70.74037367246298,19,242.0472167211748,400.0,0.00024324705386007388
0.75,ALP-SU2L,14,84.0692258995385,0,0.75,25.24530087651988,0.0016226801986360415
0.75,ALP-SU2L,14,84.0692258995385,1,25.24530087651988,28.62335425346548,0.004647784449237212
0.75,ALP-SU2L,14,84.0692258995385,2,28.62335425346548,32.4534222319921,0.010591151381012964
0.75,ALP-SU2L,14,84.0692258995385,3,32.4534222319921,36.79598852187087,0.02118289784644829
0.75,ALP-SU2L,14,84.0692258995385,4,36.79598852187087,41.71963010936189,0.037241549080670344
0.75,ALP-SU2L,14,84.0692258995385,5,41.71963010936189,47.30210021202276,0.056416918013536516
0.75,ALP-SU2L,14,84.0692258995385,6,47.30210021202276,53.63155614282764,0.07731869736901799
0.75,ALP-SU2L,14,84.0692258995385,7,53.63155614282764,60.80795147379508,0.09644550199166518
0.75,ALP-SU2L,14,84.0692258995385,8,60.80795147379508,68.94461448390986,0.11406188899165272
0.75,ALP-SU2L,14,84.0692258995385,9,68.94461448390986,78.17003781788945,0.12110536128263094
0.75,ALP-SU2L,14,84.0692258995385,10,78.17003781788945,88.62990761774932,0.11906971587086303
0.75,ALP-SU2L,14,84.0692258995385,11,88.62990761774932,100.48940417082771,0.10933669472913005
0.75,ALP-SU2L,14,84.0692258995385,12,100.48940417082771,113.93581040567035,0.08806493197614788
0.75,ALP-SU2L,14,84.0692258995385,13,113.93581040567035,129.18146942864817,0.06373205643393869
0.75,ALP-SU2L,14,84.0692258995385,14,129.18146942864817,146.4671378061682,0.04126558389633211
0.75,ALP-SU2L,14,84.0692258995385,15,146.4671378061682,166.06578754687547,0.022610809042904016
0.75,ALP-SU2L,14,84.0692258995385,16,166.06578754687547,188.28691682403147,0.010219248166883833
0.75,ALP-SU2L,14,84.0692258995385,17,188.28691682403147,213.48143751218313,0.0037122264892754287
0.75,ALP-SU2L,14,84.0692258995385,18,213.48143751218313,242.0472167211748,0.0011107854280516475
0.75,ALP-SU2L,14,84.0692258995385,19,242.0472167211748,400.0,0.00024351736196529276
0.75,ALP-SU2L,15,99.90949123440735,0,0.75,25.24530087651988,0.0014943125016978302
0.75,ALP-SU2L,15,99.90949123440735,1,25.24530087651988,28.62335425346548,0.004672204133930772
0.75,ALP-SU2L,15,99.90949123440735,2,28.62335425346548,32.4534222319921,0.010755273652576197
0.75,ALP-SU2L,15,99.90949123440735,3,32.4534222319921,36.79598852187087,0.021797702222165167
0.75,ALP-SU2L,15,99.90949123440735,4,36.79598852187087,41.71963010936189,0.03764553339550777
0.75,ALP-SU2L,15,99.90949123440735,5,41.71963010936189,47.30210021202276,0.05621707761952671
0.75,ALP-SU2L,15,99.90949123440735,6,47.30210021202276,53.63155614282764,0.07769850416825763
0.75,ALP-SU2L,15,99.90949123440735,7,53.63155614282764,60.80795147379508,0.09644765079093849
0.75,ALP-SU2L,15,99.90949123440735,8,60.80795147379508,68.94461448390986,0.11389288473888712
0.75,ALP-SU2L,15,99.90949123440735,9,68.94461448390986,78.17003781788945,0.12094687056326053
0.75,ALP-SU2L,15,99.90949123440735,10,78.17003781788945,88.62990761774932,0.11850857885087472
0.75,ALP-SU2L,15,99.90949123440735,11,88.62990761774932,100.48940417082771,0.10953966137870488
0.75,ALP-SU2L,15,99.90949123440735,12,100.48940417082771,113.93581040567035,0.08770288484234189
0.75,ALP-SU2L,15,99.90949123440735,13,113.93581040567035,129.18146942864817,0.06360700677525341
0.75,ALP-SU2L,15,99.90949123440735,14,129.18146942864817,146.4671378061682,0.04123736234456208
0.75,ALP-SU2L,15,99.90949123440735,15,146.4671378061682,166.06578754687547,0.022574185615875045
0.75,ALP-SU2L,15,99.90949123440735,16,166.06578754687547,188.28691682403147,0.010210459668511043
0.75,ALP-SU2L,15,99.90949123440735,17,188.28691682403147,213.48143751218313,0.0036964267419074413
0.75,ALP-SU2L,15,99.90949123440735,18,213.48143751218313,242.0472167211748,0.0011109659516015695
0.75,ALP-SU2L,15,99.90949123440735,19,242.0472167211748,400.0,0.0002444540436197257
0.75,ALP-SU2L,16,118.73436839594959,0,0.75,25.24530087651988,0.0016117846877783425
0.75,ALP-SU2L,16,118.73436839594959,1,25.24530087651988,28.62335425346548,0.004572521791303616
0.75,ALP-SU2L,16,118.73436839594959,2,28.62335425346548,32.4534222319921,0.011044198654907402
0.75,ALP-SU2L,16,118.73436839594959,3,32.4534222319921,36.79598852187087,0.021497023803428703
0.75,ALP-SU2L,16,118.73436839594959,4,36.79598852187087,41.71963010936189,0.03726559743324758
0.75,ALP-SU2L,16,118.73436839594959,5,41.71963010936189,47.30210021202276,0.056263181336492316
0.75,ALP-SU2L,16,118.73436839594959,6,47.30210021202276,53.63155614282764,0.07719643679307557
0.75,ALP-SU2L,16,118.73436839594959,7,53.63155614282764,60.80795147379508,0.09632961233043082
0.75,ALP-SU2L,16,118.73436839594959,8,60.80795147379508,68.94461448390986,0.11424479135237886
0.75,ALP-SU2L,16,118.73436839594959,9,68.94461448390986,78.17003781788945,0.1211758072580934
0.75,ALP-SU2L,16,118.73436839594959,10,78.17003781788945,88.62990761774932,0.11891857631299783
0.75,ALP-SU2L,16,118.73436839594959,11,88.62990761774932,100.48940417082771,0.10939451472676129
0.75,ALP-SU2L,16,118.73436839594959,12,100.48940417082771,113.93581040567035,0.08777549519340248
0.75,ALP-SU2L,16,118.73436839594959,13,113.93581040567035,129.18146942864817,0.06362119374377832
0.75,ALP-SU2L,16,118.73436839594959,14,129.18146942864817,146.4671378061682,0.041235033927105716
0.75,ALP-SU2L,16,118.73436839594959,15,146.4671378061682,166.06578754687547,0.022617239133226916
0.75,ALP-SU2L,16,118.73436839594959,16,166.06578754687547,188.28691682403147,0.010181436425489623
0.75,ALP-SU2L,16,118.73436839594959,17,188.28691682403147,213.48143751218313,0.003694772865125827
0.75,ALP-SU2L,16,118.73436839594959,18,213.48143751218313,242.0472167211748,0.0011187842016532404
0.75,ALP-SU2L,16,118.73436839594959,19,242.0472167211748,400.0,0.00024199802932208848
0.75,ALP-SU2L,17,141.10621587801643,0,0.75,25.24530087651988,0.0016838336734924181
0.75,ALP-SU2L,17,141.10621587801643,1,25.24530087651988,28.62335425346548,0.004448480294710757
0.75,ALP-SU2L,17,141.10621587801643,2,28.62335425346548,32.4534222319921,0.011128342859315516
0.75,ALP-SU2L,17,141.10621587801643,3,32.4534222319921,36.79598852187087,0.021501425801419137
0.75,ALP-SU2L,17,141.10621587801643,4,36.79598852187087,41.71963010936189,0.03771831157810898
0.75,ALP-SU2L,17,141.10621587801643,5,41.71963010936189,47.30210021202276,0.056585495796002735
0.75,ALP-SU2L,17,141.10621587801643,6,47.30210021202276,53.63155614282764,0.07740121307635993
0.75,ALP-SU2L,17,141.10621587801643,7,53.63155614282764,60.80795147379508,0.09669857609302501
0.75,ALP-SU2L,17,141.10621587801643,8,60.80795147379508,68.94461448390986,0.11357821604990344
0.75,ALP-SU2L,17,141.10621587801643,9,68.94461448390986,78.17003781788945,0.12081929308304135
0.75,ALP-SU2L,17,141.10621587801643,10,78.17003781788945,88.62990761774932,0.11875027995078766
0.75,ALP-SU2L,17,141.10621587801643,11,88.62990761774932,100.48940417082771,0.10923137346433108
0.75,ALP-SU2L,17,141.10621587801643,12,100.48940417082771,113.93581040567035,0.0878912458766801
0.75,ALP-SU2L,17,141.10621587801643,13,113.93581040567035,129.18146942864817,0.06341172727542786
0.75,ALP-SU2L,17,141.10621587801643,14,129.18146942864817,146.4671378061682,0.0412911688472646
0.75,ALP-SU2L,17,141.10621587801643,15,146.4671378061682,166.06578754687547,0.022632618651299286
0.75,ALP-SU2L,17,141.10621587801643,16,166.06578754687547,188.28691682403147,0.010178646286579485
0.75,ALP-SU2L,17,141.10621587801643,17,188.28691682403147,213.48143751218313,0.003700362143184148
0.75,ALP-SU2L,17,141.10621587801643,18,213.48143751218313,242.0472167211748,0.0011043657049233666
0.75,ALP-SU2L,17,141.10621587801643,19,242.0472167211748,400.0,0.00024502349414320533
0.75,ALP-SU2L,18,167.69335137249612,0,0.75,25.24530087651988,0.0015301588135169918
0.75,ALP-SU2L,18,167.69335137249612,1,25.24530087651988,28.62335425346548,0.004642542771122324
0.75,ALP-SU2L,18,167.69335137249612,2,28.62335425346548,32.4534222319921,0.01109630318850571
0.75,ALP-SU2L,18,167.69335137249612,3,32.4534222319921,36.79598852187087,0.02182249325011998
0.75,ALP-SU2L,18,167.69335137249612,4,36.79598852187087,41.71963010936189,0.03725389256221099
0.75,ALP-SU2L,18,167.69335137249612,5,41.71963010936189,47.30210021202276,0.05600110923341784
0.75,ALP-SU2L,18,167.69335137249612,6,47.30210021202276,53.63155614282764,0.0775231682110847
0.75,ALP-SU2L,18,167.69335137249612,7,53.63155614282764,60.80795147379508,0.09642179032865805
0.75,ALP-SU2L,18,167.69335137249612,8,60.80795147379508,68.94461448390986,0.1141929426135655
0.75,ALP-SU2L,18,167.69335137249612,9,68.94461448390986,78.17003781788945,0.12084034564521336
0.75,ALP-SU2L,18,167.69335137249612,10,78.17003781788945,88.62990761774932,0.11870733883873312
0.75,ALP-SU2L,18,167.69335137249612,11,88.62990761774932,100.48940417082771,0.10942766648473326
0.75,ALP-SU2L,18,167.69335137249612,12,100.48940417082771,113.93581040567035,0.08796240339080595
0.75,ALP-SU2L,18,167.69335137249612,13,113.93581040567035,129.18146942864817,0.0635035921991157
0.75,ALP-SU2L,18,167.69335137249612,14,129.18146942864817,146.4671378061682,0.04117201658630883
0.75,ALP-SU2L,18,167.69335137249612,15,146.4671378061682,166.06578754687547,0.0226327444210033
0.75,ALP-SU2L,18,167.69335137249612,16,166.06578754687547,188.28691682403147,0.0102237028376756
0.75,ALP-SU2L,18,167.69335137249612,17,188.28691682403147,213.48143751218313,0.003694745353220262
0.75,ALP-SU2L,18,167.69335137249612,18,213.48143751218313,242.0472167211748,0.0011081725510856076
0.75,ALP-SU2L,18,167.69335137249612,19,242.0472167211748,400.0,0.00024287071990295413
0.75,ALP-SU2L,19,199.29001652804294,0,0.75,25.24530087651988,0.001543731664585528
0.75,ALP-SU2L,19,199.29001652804294,1,25.24530087651988,28.62335425346548,0.004707567636312171
0.75,ALP-SU2L,19,199.29001652804294,2,28.62335425346548,32.4534222319921,0.01077693012889025
0.75,ALP-SU2L,19,199.29001652804294,3,32.4534222319921,36.79598852187087,0.021824473484932775
0.75,ALP-SU2L,19,199.29001652804294,4,36.79598852187087,41.71963010936189,0.03744027669230881
0.75,ALP-SU2L,19,199.29001652804294,5,41.71963010936189,47.30210021202276,0.056402161376630094
0.75,ALP-SU2L,19,199.29001652804294,6,47.30210021202276,53.63155614282764,0.07733044490090246
0.75,ALP-SU2L,19,199.29001652804294,7,53.63155614282764,60.80795147379508,0.09651076741511881
0.75,ALP-SU2L,19,199.29001652804294,8,60.80795147379508,68.94461448390986,0.11424129793253464
0.75,ALP-SU2L,19,199.29001652804294,9,68.94461448390986,78.17003781788945,0.1210897067235295
0.75,ALP-SU2L,19,199.29001652804294,10,78.17003781788945,88.62990761774932,0.11860842207640847
0.75,ALP-SU2L,19,199.29001652804294,11,88.62990761774932,100.48940417082771,0.10930220813889514
0.75,ALP-SU2L,19,199.29001652804294,12,100.48940417082771,113.93581040567035,0.08754602066383842
0.75,ALP-SU2L,19,199.29001652804294,13,113.93581040567035,129.18146942864817,0.06366015057862079
0.75,ALP-SU2L,19,199.29001652804294,14,129.18146942864817,146.4671378061682,0.04115215891329194
0.75,ALP-SU2L,19,199.29001652804294,15,146.4671378061682,166.06578754687547,0.022633377604957847
0.75,ALP-SU2L,19,199.29001652804294,16,166.06578754687547,188.28691682403147,0.010185461843863975
0.75,ALP-SU2L,19,199.29001652804294,17,188.28691682403147,213.48143751218313,0.0036902496945844117
0.75,ALP-SU2L,19,199.29001652804294,18,213.48143751218313,242.0472167211748,0.001110547446287229
0.75,ALP-SU2L,19,199.29001652804294,19,242.0472167211748,400.0,0.0002440450835067549
