category,artifact,quantity,comparison_mode,reference_count,current_count,max_abs_difference,max_relative_difference,absolute_tolerance,relative_tolerance,status,details
lifetime_raw_log_log_endpoints,observable_lifetime_domains.csv,alp_photon_combined:ma=0.3:raw_log_log_lower_m,frozen_scan_to_saved_csv,1,1,0.0,0.0,5e-15,1e-14,exact_agreement,
lifetime_raw_log_log_endpoints,observable_lifetime_domains.csv,alp_photon_combined:ma=0.3:raw_log_log_upper_m,frozen_scan_to_saved_csv,1,1,0.0,0.0,5e-15,1e-14,exact_agreement,
lifetime_raw_log_log_endpoints,observable_lifetime_domains.csv,alp_photon_combined:ma=0.3:lower_is_scan_boundary,frozen_scan_to_saved_csv,1,1,,,0.0,0.0,exact_agreement,
lifetime_raw_log_log_endpoints,observable_lifetime_domains.csv,alp_photon_combined:ma=0.3:upper_is_scan_boundary,frozen_scan_to_saved_csv,1,1,,,0.0,0.0,exact_agreement,
lifetime_raw_log_log_endpoints,observable_lifetime_domains.csv,alp_su2l:ma=0.3:raw_log_log_lower_m,frozen_scan_to_saved_csv,1,1,0.0,0.0,5e-15,1e-14,exact_agreement,
lifetime_raw_log_log_endpoints,observable_lifetime_domains.csv,alp_su2l:ma=0.3:raw_log_log_upper_m,frozen_scan_to_saved_csv,1,1,0.0,0.0,5e-15,1e-14,exact_agreement,
lifetime_raw_log_log_endpoints,observable_lifetime_domains.csv,alp_su2l:ma=0.3:lower_is_scan_boundary,frozen_scan_to_saved_csv,1,1,,,0.0,0.0,exact_agreement,
lifetime_raw_log_log_endpoints,observable_lifetime_domains.csv,alp_su2l:ma=0.3:upper_is_scan_boundary,frozen_scan_to_saved_csv,1,1,,,0.0,0.0,exact_agreement,
lifetime_raw_log_log_endpoints,observable_lifetime_domains.csv,alp_photon_combined:ma=0.4:raw_log_log_lower_m,frozen_scan_to_saved_csv,1,1,0.0,0.0,5e-15,1e-14,exact_agreement,
lifetime_raw_log_log_endpoints,observable_lifetime_domains.csv,alp_photon_combined:ma=0.4:raw_log_log_upper_m,frozen_scan_to_saved_csv,1,1,0.0,0.0,5e-15,1e-14,exact_agreement,
lifetime_raw_log_log_endpoints,observable_lifetime_domains.csv,alp_photon_combined:ma=0.4:lower_is_scan_boundary,frozen_scan_to_saved_csv,1,1,,,0.0,0.0,exact_agreement,
lifetime_raw_log_log_endpoints,observable_lifetime_domains.csv,alp_photon_combined:ma=0.4:upper_is_scan_boundary,frozen_scan_to_saved_csv,1,1,,,0.0,0.0,exact_agreement,
lifetime_raw_log_log_endpoints,observable_lifetime_domains.csv,alp_su2l:ma=0.4:raw_log_log_lower_m,frozen_scan_to_saved_csv,1,1,0.0,0.0,5e-15,1e-14,exact_agreement,
lifetime_raw_log_log_endpoints,observable_lifetime_domains.csv,alp_su2l:ma=0.4:raw_log_log_upper_m,frozen_scan_to_saved_csv,1,1,0.0,0.0,5e-15,1e-14,exact_agreement,
lifetime_raw_log_log_endpoints,observable_lifetime_domains.csv,alp_su2l:ma=0.4:lower_is_scan_boundary,frozen_scan_to_saved_csv,1,1,,,0.0,0.0,exact_agreement,
lifetime_raw_log_log_endpoints,observable_lifetime_domains.csv,alp_su2l:ma=0.4:upper_is_scan_boundary,frozen_scan_to_saved_csv,1,1,,,0.0,0.0,exact_agreement,
lifetime_raw_log_log_endpoints,observable_lifetime_domains.csv,alp_photon_combined:ma=0.5:raw_log_log_lower_m,frozen_scan_to_saved_csv,1,1,0.0,0.0,5e-15,1e-14,exact_agreement,
lifetime_raw_log_log_endpoints,observable_lifetime_domains.csv,alp_photon_combined:ma=0.5:raw_log_log_upper_m,frozen_scan_to_saved_csv,1,1,0.0,0.0,5e-15,1e-14,exact_agreement,
lifetime_raw_log_log_endpoints,observable_lifetime_domains.csv,alp_photon_combined:ma=0.5:lower_is_scan_boundary,frozen_scan_to_saved_csv,1,1,,,0.0,0.0,exact_agreement,
lifetime_raw_log_log_endpoints,observable_lifetime_domains.csv,alp_photon_combined:ma=0.5:upper_is_scan_boundary,frozen_scan_to_saved_csv,1,1,,,0.0,0.0,exact_agreement,
lifetime_raw_log_log_endpoints,observable_lifetime_domains.csv,alp_su2l:ma=0.5:raw_log_log_lower_m,frozen_scan_to_saved_csv,1,1,0.0,0.0,5e-15,1e-14,exact_agreement,
lifetime_raw_log_log_endpoints,observable_lifetime_domains.csv,alp_su2l:ma=0.5:raw_log_log_upper_m,frozen_scan_to_saved_csv,1,1,0.0,0.0,5e-15,1e-14,exact_agreement,
lifetime_raw_log_log_endpoints,observable_lifetime_domains.csv,alp_su2l:ma=0.5:lower_is_scan_boundary,frozen_scan_to_saved_csv,1,1,,,0.0,0.0,exact_agreement,
lifetime_raw_log_log_endpoints,observable_lifetime_domains.csv,alp_su2l:ma=0.5:upper_is_scan_boundary,frozen_scan_to_saved_csv,1,1,,,0.0,0.0,exact_agreement,
lifetime_raw_log_log_endpoints,observable_lifetime_domains.csv,alp_photon_combined:ma=0.6:raw_log_log_lower_m,frozen_scan_to_saved_csv,1,1,0.0,0.0,5e-15,1e-14,exact_agreement,
lifetime_raw_log_log_endpoints,observable_lifetime_domains.csv,alp_photon_combined:ma=0.6:raw_log_log_upper_m,frozen_scan_to_saved_csv,1,1,0.0,0.0,5e-15,1e-14,exact_agreement,
lifetime_raw_log_log_endpoints,observable_lifetime_domains.csv,alp_photon_combined:ma=0.6:lower_is_scan_boundary,frozen_scan_to_saved_csv,1,1,,,0.0,0.0,exact_agreement,
lifetime_raw_log_log_endpoints,observable_lifetime_domains.csv,alp_photon_combined:ma=0.6:upper_is_scan_boundary,frozen_scan_to_saved_csv,1,1,,,0.0,0.0,exact_agreement,
lifetime_raw_log_log_endpoints,observable_lifetime_domains.csv,alp_su2l:ma=0.6:raw_log_log_lower_m,frozen_scan_to_saved_csv,1,1,0.0,0.0,5e-15,1e-14,exact_agreement,
lifetime_raw_log_log_endpoints,observable_lifetime_domains.csv,alp_su2l:ma=0.6:raw_log_log_upper_m,frozen_scan_to_saved_csv,1,1,0.0,0.0,5e-15,1e-14,exact_agreement,
lifetime_raw_log_log_endpoints,observable_lifetime_domains.csv,alp_su2l:ma=0.6:lower_is_scan_boundary,frozen_scan_to_saved_csv,1,1,,,0.0,0.0,exact_agreement,
lifetime_raw_log_log_endpoints,observable_lifetime_domains.csv,alp_su2l:ma=0.6:upper_is_scan_boundary,frozen_scan_to_saved_csv,1,1,,,0.0,0.0,exact_agreement,
lifetime_raw_log_log_endpoints,observable_lifetime_domains.csv,alp_photon_combined:ma=0.75:raw_log_log_lower_m,frozen_scan_to_saved_csv,1,1,0.0,0.0,5e-15,1e-14,exact_agreement,
lifetime_raw_log_log_endpoints,observable_lifetime_domains.csv,alp_photon_combined:ma=0.75:raw_log_log_upper_m,frozen_scan_to_saved_csv,1,1,0.0,0.0,5e-15,1e-14,exact_agreement,
lifetime_raw_log_log_endpoints,observable_lifetime_domains.csv,alp_photon_combined:ma=0.75:lower_is_scan_boundary,frozen_scan_to_saved_csv,1,1,,,0.0,0.0,exact_agreement,
lifetime_raw_log_log_endpoints,observable_lifetime_domains.csv,alp_photon_combined:ma=0.75:upper_is_scan_boundary,frozen_scan_to_saved_csv,1,1,,,0.0,0.0,exact_agreement,
lifetime_raw_log_log_endpoints,observable_lifetime_domains.csv,alp_su2l:ma=0.75:raw_log_log_lower_m,frozen_scan_to_saved_csv,1,1,0.0,0.0,5e-15,1e-14,exact_agreement,
lifetime_raw_log_log_endpoints,observable_lifetime_domains.csv,alp_su2l:ma=0.75:raw_log_log_upper_m,frozen_scan_to_saved_csv,1,1,2.842170943040401e-14,1.4168050438048534e-16,5e-15,1e-14,csv_roundtrip_agreement,
lifetime_raw_log_log_endpoints,observable_lifetime_domains.csv,alp_su2l:ma=0.75:lower_is_scan_boundary,frozen_scan_to_saved_csv,1,1,,,0.0,0.0,exact_agreement,
lifetime_raw_log_log_endpoints,observable_lifetime_domains.csv,alp_su2l:ma=0.75:upper_is_scan_boundary,frozen_scan_to_saved_csv,1,1,,,0.0,0.0,exact_agreement,
lifetime_raw_log_log_endpoints,observable_lifetime_domains.csv,alp_photon_combined:ma=0.9:raw_log_log_lower_m,frozen_scan_to_saved_csv,1,1,0.0,0.0,5e-15,1e-14,exact_agreement,
lifetime_raw_log_log_endpoints,observable_lifetime_domains.csv,alp_photon_combined:ma=0.9:raw_log_log_upper_m,frozen_scan_to_saved_csv,1,1,3.552713678800501e-15,1.8734324624545844e-16,5e-15,1e-14,csv_roundtrip_agreement,
lifetime_raw_log_log_endpoints,observable_lifetime_domains.csv,alp_photon_combined:ma=0.9:lower_is_scan_boundary,frozen_scan_to_saved_csv,1,1,,,0.0,0.0,exact_agreement,
lifetime_raw_log_log_endpoints,observable_lifetime_domains.csv,alp_photon_combined:ma=0.9:upper_is_scan_boundary,frozen_scan_to_saved_csv,1,1,,,0.0,0.0,exact_agreement,
lifetime_raw_log_log_endpoints,observable_lifetime_domains.csv,alp_su2l:ma=0.9:raw_log_log_lower_m,frozen_scan_to_saved_csv,1,1,0.0,0.0,5e-15,1e-14,exact_agreement,
lifetime_raw_log_log_endpoints,observable_lifetime_domains.csv,alp_su2l:ma=0.9:raw_log_log_upper_m,frozen_scan_to_saved_csv,1,1,1.7053025658242404e-13,1.0468144609126698e-15,5e-15,1e-14,csv_roundtrip_agreement,
lifetime_raw_log_log_endpoints,observable_lifetime_domains.csv,alp_su2l:ma=0.9:lower_is_scan_boundary,frozen_scan_to_saved_csv,1,1,,,0.0,0.0,exact_agreement,
lifetime_raw_log_log_endpoints,observable_lifetime_domains.csv,alp_su2l:ma=0.9:upper_is_scan_boundary,frozen_scan_to_saved_csv,1,1,,,0.0,0.0,exact_agreement,
lifetime_raw_log_log_endpoints,observable_lifetime_domains.csv,alp_photon_combined:ma=1:raw_log_log_lower_m,frozen_scan_to_saved_csv,1,1,0.0,0.0,5e-15,1e-14,exact_agreement,
lifetime_raw_log_log_endpoints,observable_lifetime_domains.csv,alp_photon_combined:ma=1:raw_log_log_upper_m,frozen_scan_to_saved_csv,1,1,0.0,0.0,5e-15,1e-14,exact_agreement,
lifetime_raw_log_log_endpoints,observable_lifetime_domains.csv,alp_photon_combined:ma=1:lower_is_scan_boundary,frozen_scan_to_saved_csv,1,1,,,0.0,0.0,exact_agreement,
lifetime_raw_log_log_endpoints,observable_lifetime_domains.csv,alp_photon_combined:ma=1:upper_is_scan_boundary,frozen_scan_to_saved_csv,1,1,,,0.0,0.0,exact_agreement,
lifetime_raw_log_log_endpoints,observable_lifetime_domains.csv,alp_su2l:ma=1:raw_log_log_lower_m,frozen_scan_to_saved_csv,1,1,0.0,0.0,5e-15,1e-14,exact_agreement,
lifetime_raw_log_log_endpoints,observable_lifetime_domains.csv,alp_su2l:ma=1:raw_log_log_upper_m,frozen_scan_to_saved_csv,1,1,0.0,0.0,5e-15,1e-14,exact_agreement,
lifetime_raw_log_log_endpoints,observable_lifetime_domains.csv,alp_su2l:ma=1:lower_is_scan_boundary,frozen_scan_to_saved_csv,1,1,,,0.0,0.0,exact_agreement,
lifetime_raw_log_log_endpoints,observable_lifetime_domains.csv,alp_su2l:ma=1:upper_is_scan_boundary,frozen_scan_to_saved_csv,1,1,,,0.0,0.0,exact_agreement,
lifetime_raw_log_log_endpoints,observable_lifetime_domains.csv,alp_photon_combined:ma=1.05:raw_log_log_lower_m,frozen_scan_to_saved_csv,1,1,0.0,0.0,5e-15,1e-14,exact_agreement,
lifetime_raw_log_log_endpoints,observable_lifetime_domains.csv,alp_photon_combined:ma=1.05:raw_log_log_upper_m,frozen_scan_to_saved_csv,1,1,1.7763568394002505e-15,1.4670821507962042e-16,5e-15,1e-14,csv_roundtrip_agreement,
lifetime_raw_log_log_endpoints,observable_lifetime_domains.csv,alp_photon_combined:ma=1.05:lower_is_scan_boundary,frozen_scan_to_saved_csv,1,1,,,0.0,0.0,exact_agreement,
lifetime_raw_log_log_endpoints,observable_lifetime_domains.csv,alp_photon_combined:ma=1.05:upper_is_scan_boundary,frozen_scan_to_saved_csv,1,1,,,0.0,0.0,exact_agreement,
lifetime_raw_log_log_endpoints,observable_lifetime_domains.csv,alp_su2l:ma=1.05:raw_log_log_lower_m,frozen_scan_to_saved_csv,1,1,0.0,0.0,5e-15,1e-14,exact_agreement,
lifetime_raw_log_log_endpoints,observable_lifetime_domains.csv,alp_su2l:ma=1.05:raw_log_log_upper_m,frozen_scan_to_saved_csv,1,1,0.0,0.0,5e-15,1e-14,exact_agreement,
lifetime_raw_log_log_endpoints,observable_lifetime_domains.csv,alp_su2l:ma=1.05:lower_is_scan_boundary,frozen_scan_to_saved_csv,1,1,,,0.0,0.0,exact_agreement,
lifetime_raw_log_log_endpoints,observable_lifetime_domains.csv,alp_su2l:ma=1.05:upper_is_scan_boundary,frozen_scan_to_saved_csv,1,1,,,0.0,0.0,exact_agreement,
lifetime_production_padded_endpoints,observable_lifetime_domains.csv,alp_photon_combined:ma=0.3:production_padded_grid_lower_m,frozen_scan_to_saved_csv,1,1,0.0,0.0,5e-15,1e-14,exact_agreement,
lifetime_production_padded_endpoints,observable_lifetime_domains.csv,alp_photon_combined:ma=0.3:production_padded_grid_upper_m,frozen_scan_to_saved_csv,1,1,0.0,0.0,5e-15,1e-14,exact_agreement,
lifetime_production_padded_endpoints,observable_lifetime_domains.csv,alp_su2l:ma=0.3:production_padded_grid_lower_m,frozen_scan_to_saved_csv,1,1,0.0,0.0,5e-15,1e-14,exact_agreement,
lifetime_production_padded_endpoints,observable_lifetime_domains.csv,alp_su2l:ma=0.3:production_padded_grid_upper_m,frozen_scan_to_saved_csv,1,1,0.0,0.0,5e-15,1e-14,exact_agreement,
lifetime_production_padded_endpoints,observable_lifetime_domains.csv,alp_photon_combined:ma=0.4:production_padded_grid_lower_m,frozen_scan_to_saved_csv,1,1,0.0,0.0,5e-15,1e-14,exact_agreement,
lifetime_production_padded_endpoints,observable_lifetime_domains.csv,alp_photon_combined:ma=0.4:production_padded_grid_upper_m,frozen_scan_to_saved_csv,1,1,2.842170943040401e-14,1.9936472245465313e-16,5e-15,1e-14,csv_roundtrip_agreement,
lifetime_production_padded_endpoints,observable_lifetime_domains.csv,alp_su2l:ma=0.4:production_padded_grid_lower_m,frozen_scan_to_saved_csv,1,1,0.0,0.0,5e-15,1e-14,exact_agreement,
lifetime_production_padded_endpoints,observable_lifetime_domains.csv,alp_su2l:ma=0.4:production_padded_grid_upper_m,frozen_scan_to_saved_csv,1,1,5.684341886080802e-14,1.428609342758503e-16,5e-15,1e-14,csv_roundtrip_agreement,
lifetime_production_padded_endpoints,observable_lifetime_domains.csv,alp_photon_combined:ma=0.5:production_padded_grid_lower_m,frozen_scan_to_saved_csv,1,1,0.0,0.0,5e-15,1e-14,exact_agreement,
lifetime_production_padded_endpoints,observable_lifetime_domains.csv,alp_photon_combined:ma=0.5:production_padded_grid_upper_m,frozen_scan_to_saved_csv,1,1,0.0,0.0,5e-15,1e-14,exact_agreement,
lifetime_production_padded_endpoints,observable_lifetime_domains.csv,alp_su2l:ma=0.5:production_padded_grid_lower_m,frozen_scan_to_saved_csv,1,1,0.0,0.0,5e-15,1e-14,exact_agreement,
lifetime_production_padded_endpoints,observable_lifetime_domains.csv,alp_su2l:ma=0.5:production_padded_grid_upper_m,frozen_scan_to_saved_csv,1,1,0.0,0.0,5e-15,1e-14,exact_agreement,
lifetime_production_padded_endpoints,observable_lifetime_domains.csv,alp_photon_combined:ma=0.6:production_padded_grid_lower_m,frozen_scan_to_saved_csv,1,1,0.0,0.0,5e-15,1e-14,exact_agreement,
lifetime_production_padded_endpoints,observable_lifetime_domains.csv,alp_photon_combined:ma=0.6:production_padded_grid_upper_m,frozen_scan_to_saved_csv,1,1,0.0,0.0,5e-15,1e-14,exact_agreement,
lifetime_production_padded_endpoints,observable_lifetime_domains.csv,alp_su2l:ma=0.6:production_padded_grid_lower_m,frozen_scan_to_saved_csv,1,1,0.0,0.0,5e-15,1e-14,exact_agreement,
lifetime_production_padded_endpoints,observable_lifetime_domains.csv,alp_su2l:ma=0.6:production_padded_grid_upper_m,frozen_scan_to_saved_csv,1,1,0.0,0.0,5e-15,1e-14,exact_agreement,
lifetime_production_padded_endpoints,observable_lifetime_domains.csv,alp_photon_combined:ma=0.75:production_padded_grid_lower_m,frozen_scan_to_saved_csv,1,1,0.0,0.0,5e-15,1e-14,exact_agreement,
lifetime_production_padded_endpoints,observable_lifetime_domains.csv,alp_photon_combined:ma=0.75:production_padded_grid_upper_m,frozen_scan_to_saved_csv,1,1,0.0,0.0,5e-15,1e-14,exact_agreement,
lifetime_production_padded_endpoints,observable_lifetime_domains.csv,alp_su2l:ma=0.75:production_padded_grid_lower_m,frozen_scan_to_saved_csv,1,1,0.0,0.0,5e-15,1e-14,exact_agreement,
lifetime_production_padded_endpoints,observable_lifetime_domains.csv,alp_su2l:ma=0.75:production_padded_grid_upper_m,frozen_scan_to_saved_csv,1,1,2.842170943040401e-14,1.426148179700947e-16,5e-15,1e-14,csv_roundtrip_agreement,
lifetime_production_padded_endpoints,observable_lifetime_domains.csv,alp_photon_combined:ma=0.9:production_padded_grid_lower_m,frozen_scan_to_saved_csv,1,1,0.0,0.0,5e-15,1e-14,exact_agreement,
lifetime_production_padded_endpoints,observable_lifetime_domains.csv,alp_photon_combined:ma=0.9:production_padded_grid_upper_m,frozen_scan_to_saved_csv,1,1,0.0,0.0,5e-15,1e-14,exact_agreement,
lifetime_production_padded_endpoints,observable_lifetime_domains.csv,alp_su2l:ma=0.9:production_padded_grid_lower_m,frozen_scan_to_saved_csv,1,1,0.0,0.0,5e-15,1e-14,exact_agreement,
lifetime_production_padded_endpoints,observable_lifetime_domains.csv,alp_su2l:ma=0.9:production_padded_grid_upper_m,frozen_scan_to_saved_csv,1,1,3.410605131648481e-13,2.105790138578369e-15,5e-15,1e-14,csv_roundtrip_agreement,
lifetime_production_padded_endpoints,observable_lifetime_domains.csv,alp_photon_combined:ma=1:production_padded_grid_lower_m,frozen_scan_to_saved_csv,1,1,0.0,0.0,5e-15,1e-14,exact_agreement,
lifetime_production_padded_endpoints,observable_lifetime_domains.csv,alp_photon_combined:ma=1:production_padded_grid_upper_m,frozen_scan_to_saved_csv,1,1,0.0,0.0,5e-15,1e-14,exact_agreement,
lifetime_production_padded_endpoints,observable_lifetime_domains.csv,alp_su2l:ma=1:production_padded_grid_lower_m,frozen_scan_to_saved_csv,1,1,0.0,0.0,5e-15,1e-14,exact_agreement,
lifetime_production_padded_endpoints,observable_lifetime_domains.csv,alp_su2l:ma=1:production_padded_grid_upper_m,frozen_scan_to_saved_csv,1,1,0.0,0.0,5e-15,1e-14,exact_agreement,
lifetime_production_padded_endpoints,observable_lifetime_domains.csv,alp_photon_combined:ma=1.05:production_padded_grid_lower_m,frozen_scan_to_saved_csv,1,1,0.0,0.0,5e-15,1e-14,exact_agreement,
lifetime_production_padded_endpoints,observable_lifetime_domains.csv,alp_photon_combined:ma=1.05:production_padded_grid_upper_m,frozen_scan_to_saved_csv,1,1,0.0,0.0,5e-15,1e-14,exact_agreement,
lifetime_production_padded_endpoints,observable_lifetime_domains.csv,alp_su2l:ma=1.05:production_padded_grid_lower_m,frozen_scan_to_saved_csv,1,1,0.0,0.0,5e-15,1e-14,exact_agreement,
lifetime_production_padded_endpoints,observable_lifetime_domains.csv,alp_su2l:ma=1.05:production_padded_grid_upper_m,frozen_scan_to_saved_csv,1,1,0.0,0.0,5e-15,1e-14,exact_agreement,
lifetime_endpoint_metadata,observable_lifetime_domains.csv,alp_photon_combined:ma=0.3:number_of_lifetime_templates,frozen_scan_to_saved_csv,1,1,0.0,0.0,5e-15,1e-14,exact_agreement,
lifetime_endpoint_metadata,observable_lifetime_domains.csv,alp_photon_combined:ma=0.3:template_endpoint_convention,frozen_scan_to_saved_csv,1,1,,,0.0,0.0,exact_agreement,
lifetime_endpoint_metadata,observable_lifetime_domains.csv,alp_photon_combined:ma=0.3:diagnostic_endpoint_convention,frozen_scan_to_saved_csv,1,1,,,0.0,0.0,exact_agreement,
lifetime_endpoint_metadata,observable_lifetime_domains.csv,alp_photon_combined:ma=0.3:template_log_endpoint_padding_fraction,frozen_scan_to_saved_csv,1,1,0.0,0.0,5e-15,1e-14,exact_agreement,
lifetime_endpoint_metadata,observable_lifetime_domains.csv,alp_su2l:ma=0.3:number_of_lifetime_templates,frozen_scan_to_saved_csv,1,1,0.0,0.0,5e-15,1e-14,exact_agreement,
lifetime_endpoint_metadata,observable_lifetime_domains.csv,alp_su2l:ma=0.3:template_endpoint_convention,frozen_scan_to_saved_csv,1,1,,,0.0,0.0,exact_agreement,
lifetime_endpoint_metadata,observable_lifetime_domains.csv,alp_su2l:ma=0.3:diagnostic_endpoint_convention,frozen_scan_to_saved_csv,1,1,,,0.0,0.0,exact_agreement,
lifetime_endpoint_metadata,observable_lifetime_domains.csv,alp_su2l:ma=0.3:template_log_endpoint_padding_fraction,frozen_scan_to_saved_csv,1,1,0.0,0.0,5e-15,1e-14,exact_agreement,
lifetime_endpoint_metadata,observable_lifetime_domains.csv,alp_photon_combined:ma=0.4:number_of_lifetime_templates,frozen_scan_to_saved_csv,1,1,0.0,0.0,5e-15,1e-14,exact_agreement,
lifetime_endpoint_metadata,observable_lifetime_domains.csv,alp_photon_combined:ma=0.4:template_endpoint_convention,frozen_scan_to_saved_csv,1,1,,,0.0,0.0,exact_agreement,
lifetime_endpoint_metadata,observable_lifetime_domains.csv,alp_photon_combined:ma=0.4:diagnostic_endpoint_convention,frozen_scan_to_saved_csv,1,1,,,0.0,0.0,exact_agreement,
lifetime_endpoint_metadata,observable_lifetime_domains.csv,alp_photon_combined:ma=0.4:template_log_endpoint_padding_fraction,frozen_scan_to_saved_csv,1,1,0.0,0.0,5e-15,1e-14,exact_agreement,
lifetime_endpoint_metadata,observable_lifetime_domains.csv,alp_su2l:ma=0.4:number_of_lifetime_templates,frozen_scan_to_saved_csv,1,1,0.0,0.0,5e-15,1e-14,exact_agreement,
lifetime_endpoint_metadata,observable_lifetime_domains.csv,alp_su2l:ma=0.4:template_endpoint_convention,frozen_scan_to_saved_csv,1,1,,,0.0,0.0,exact_agreement,
lifetime_endpoint_metadata,observable_lifetime_domains.csv,alp_su2l:ma=0.4:diagnostic_endpoint_convention,frozen_scan_to_saved_csv,1,1,,,0.0,0.0,exact_agreement,
lifetime_endpoint_metadata,observable_lifetime_domains.csv,alp_su2l:ma=0.4:template_log_endpoint_padding_fraction,frozen_scan_to_saved_csv,1,1,0.0,0.0,5e-15,1e-14,exact_agreement,
lifetime_endpoint_metadata,observable_lifetime_domains.csv,alp_photon_combined:ma=0.5:number_of_lifetime_templates,frozen_scan_to_saved_csv,1,1,0.0,0.0,5e-15,1e-14,exact_agreement,
lifetime_endpoint_metadata,observable_lifetime_domains.csv,alp_photon_combined:ma=0.5:template_endpoint_convention,frozen_scan_to_saved_csv,1,1,,,0.0,0.0,exact_agreement,
lifetime_endpoint_metadata,observable_lifetime_domains.csv,alp_photon_combined:ma=0.5:diagnostic_endpoint_convention,frozen_scan_to_saved_csv,1,1,,,0.0,0.0,exact_agreement,
lifetime_endpoint_metadata,observable_lifetime_domains.csv,alp_photon_combined:ma=0.5:template_log_endpoint_padding_fraction,frozen_scan_to_saved_csv,1,1,0.0,0.0,5e-15,1e-14,exact_agreement,
lifetime_endpoint_metadata,observable_lifetime_domains.csv,alp_su2l:ma=0.5:number_of_lifetime_templates,frozen_scan_to_saved_csv,1,1,0.0,0.0,5e-15,1e-14,exact_agreement,
lifetime_endpoint_metadata,observable_lifetime_domains.csv,alp_su2l:ma=0.5:template_endpoint_convention,frozen_scan_to_saved_csv,1,1,,,0.0,0.0,exact_agreement,
lifetime_endpoint_metadata,observable_lifetime_domains.csv,alp_su2l:ma=0.5:diagnostic_endpoint_convention,frozen_scan_to_saved_csv,1,1,,,0.0,0.0,exact_agreement,
lifetime_endpoint_metadata,observable_lifetime_domains.csv,alp_su2l:ma=0.5:template_log_endpoint_padding_fraction,frozen_scan_to_saved_csv,1,1,0.0,0.0,5e-15,1e-14,exact_agreement,
lifetime_endpoint_metadata,observable_lifetime_domains.csv,alp_photon_combined:ma=0.6:number_of_lifetime_templates,frozen_scan_to_saved_csv,1,1,0.0,0.0,5e-15,1e-14,exact_agreement,
lifetime_endpoint_metadata,observable_lifetime_domains.csv,alp_photon_combined:ma=0.6:template_endpoint_convention,frozen_scan_to_saved_csv,1,1,,,0.0,0.0,exact_agreement,
lifetime_endpoint_metadata,observable_lifetime_domains.csv,alp_photon_combined:ma=0.6:diagnostic_endpoint_convention,frozen_scan_to_saved_csv,1,1,,,0.0,0.0,exact_agreement,
lifetime_endpoint_metadata,observable_lifetime_domains.csv,alp_photon_combined:ma=0.6:template_log_endpoint_padding_fraction,frozen_scan_to_saved_csv,1,1,0.0,0.0,5e-15,1e-14,exact_agreement,
lifetime_endpoint_metadata,observable_lifetime_domains.csv,alp_su2l:ma=0.6:number_of_lifetime_templates,frozen_scan_to_saved_csv,1,1,0.0,0.0,5e-15,1e-14,exact_agreement,
lifetime_endpoint_metadata,observable_lifetime_domains.csv,alp_su2l:ma=0.6:template_endpoint_convention,frozen_scan_to_saved_csv,1,1,,,0.0,0.0,exact_agreement,
lifetime_endpoint_metadata,observable_lifetime_domains.csv,alp_su2l:ma=0.6:diagnostic_endpoint_convention,frozen_scan_to_saved_csv,1,1,,,0.0,0.0,exact_agreement,
lifetime_endpoint_metadata,observable_lifetime_domains.csv,alp_su2l:ma=0.6:template_log_endpoint_padding_fraction,frozen_scan_to_saved_csv,1,1,0.0,0.0,5e-15,1e-14,exact_agreement,
lifetime_endpoint_metadata,observable_lifetime_domains.csv,alp_photon_combined:ma=0.75:number_of_lifetime_templates,frozen_scan_to_saved_csv,1,1,0.0,0.0,5e-15,1e-14,exact_agreement,
lifetime_endpoint_metadata,observable_lifetime_domains.csv,alp_photon_combined:ma=0.75:template_endpoint_convention,frozen_scan_to_saved_csv,1,1,,,0.0,0.0,exact_agreement,
lifetime_endpoint_metadata,observable_lifetime_domains.csv,alp_photon_combined:ma=0.75:diagnostic_endpoint_convention,frozen_scan_to_saved_csv,1,1,,,0.0,0.0,exact_agreement,
lifetime_endpoint_metadata,observable_lifetime_domains.csv,alp_photon_combined:ma=0.75:template_log_endpoint_padding_fraction,frozen_scan_to_saved_csv,1,1,0.0,0.0,5e-15,1e-14,exact_agreement,
lifetime_endpoint_metadata,observable_lifetime_domains.csv,alp_su2l:ma=0.75:number_of_lifetime_templates,frozen_scan_to_saved_csv,1,1,0.0,0.0,5e-15,1e-14,exact_agreement,
lifetime_endpoint_metadata,observable_lifetime_domains.csv,alp_su2l:ma=0.75:template_endpoint_convention,frozen_scan_to_saved_csv,1,1,,,0.0,0.0,exact_agreement,
lifetime_endpoint_metadata,observable_lifetime_domains.csv,alp_su2l:ma=0.75:diagnostic_endpoint_convention,frozen_scan_to_saved_csv,1,1,,,0.0,0.0,exact_agreement,
lifetime_endpoint_metadata,observable_lifetime_domains.csv,alp_su2l:ma=0.75:template_log_endpoint_padding_fraction,frozen_scan_to_saved_csv,1,1,0.0,0.0,5e-15,1e-14,exact_agreement,
lifetime_endpoint_metadata,observable_lifetime_domains.csv,alp_photon_combined:ma=0.9:number_of_lifetime_templates,frozen_scan_to_saved_csv,1,1,0.0,0.0,5e-15,1e-14,exact_agreement,
lifetime_endpoint_metadata,observable_lifetime_domains.csv,alp_photon_combined:ma=0.9:template_endpoint_convention,frozen_scan_to_saved_csv,1,1,,,0.0,0.0,exact_agreement,
lifetime_endpoint_metadata,observable_lifetime_domains.csv,alp_photon_combined:ma=0.9:diagnostic_endpoint_convention,frozen_scan_to_saved_csv,1,1,,,0.0,0.0,exact_agreement,
lifetime_endpoint_metadata,observable_lifetime_domains.csv,alp_photon_combined:ma=0.9:template_log_endpoint_padding_fraction,frozen_scan_to_saved_csv,1,1,0.0,0.0,5e-15,1e-14,exact_agreement,
lifetime_endpoint_metadata,observable_lifetime_domains.csv,alp_su2l:ma=0.9:number_of_lifetime_templates,frozen_scan_to_saved_csv,1,1,0.0,0.0,5e-15,1e-14,exact_agreement,
lifetime_endpoint_metadata,observable_lifetime_domains.csv,alp_su2l:ma=0.9:template_endpoint_convention,frozen_scan_to_saved_csv,1,1,,,0.0,0.0,exact_agreement,
lifetime_endpoint_metadata,observable_lifetime_domains.csv,alp_su2l:ma=0.9:diagnostic_endpoint_convention,frozen_scan_to_saved_csv,1,1,,,0.0,0.0,exact_agreement,
lifetime_endpoint_metadata,observable_lifetime_domains.csv,alp_su2l:ma=0.9:template_log_endpoint_padding_fraction,frozen_scan_to_saved_csv,1,1,0.0,0.0,5e-15,1e-14,exact_agreement,
lifetime_endpoint_metadata,observable_lifetime_domains.csv,alp_photon_combined:ma=1:number_of_lifetime_templates,frozen_scan_to_saved_csv,1,1,0.0,0.0,5e-15,1e-14,exact_agreement,
lifetime_endpoint_metadata,observable_lifetime_domains.csv,alp_photon_combined:ma=1:template_endpoint_convention,frozen_scan_to_saved_csv,1,1,,,0.0,0.0,exact_agreement,
lifetime_endpoint_metadata,observable_lifetime_domains.csv,alp_photon_combined:ma=1:diagnostic_endpoint_convention,frozen_scan_to_saved_csv,1,1,,,0.0,0.0,exact_agreement,
lifetime_endpoint_metadata,observable_lifetime_domains.csv,alp_photon_combined:ma=1:template_log_endpoint_padding_fraction,frozen_scan_to_saved_csv,1,1,0.0,0.0,5e-15,1e-14,exact_agreement,
lifetime_endpoint_metadata,observable_lifetime_domains.csv,alp_su2l:ma=1:number_of_lifetime_templates,frozen_scan_to_saved_csv,1,1,0.0,0.0,5e-15,1e-14,exact_agreement,
lifetime_endpoint_metadata,observable_lifetime_domains.csv,alp_su2l:ma=1:template_endpoint_convention,frozen_scan_to_saved_csv,1,1,,,0.0,0.0,exact_agreement,
lifetime_endpoint_metadata,observable_lifetime_domains.csv,alp_su2l:ma=1:diagnostic_endpoint_convention,frozen_scan_to_saved_csv,1,1,,,0.0,0.0,exact_agreement,
lifetime_endpoint_metadata,observable_lifetime_domains.csv,alp_su2l:ma=1:template_log_endpoint_padding_fraction,frozen_scan_to_saved_csv,1,1,0.0,0.0,5e-15,1e-14,exact_agreement,
lifetime_endpoint_metadata,observable_lifetime_domains.csv,alp_photon_combined:ma=1.05:number_of_lifetime_templates,frozen_scan_to_saved_csv,1,1,0.0,0.0,5e-15,1e-14,exact_agreement,
lifetime_endpoint_metadata,observable_lifetime_domains.csv,alp_photon_combined:ma=1.05:template_endpoint_convention,frozen_scan_to_saved_csv,1,1,,,0.0,0.0,exact_agreement,
lifetime_endpoint_metadata,observable_lifetime_domains.csv,alp_photon_combined:ma=1.05:diagnostic_endpoint_convention,frozen_scan_to_saved_csv,1,1,,,0.0,0.0,exact_agreement,
lifetime_endpoint_metadata,observable_lifetime_domains.csv,alp_photon_combined:ma=1.05:template_log_endpoint_padding_fraction,frozen_scan_to_saved_csv,1,1,0.0,0.0,5e-15,1e-14,exact_agreement,
lifetime_endpoint_metadata,observable_lifetime_domains.csv,alp_su2l:ma=1.05:number_of_lifetime_templates,frozen_scan_to_saved_csv,1,1,0.0,0.0,5e-15,1e-14,exact_agreement,
lifetime_endpoint_metadata,observable_lifetime_domains.csv,alp_su2l:ma=1.05:template_endpoint_convention,frozen_scan_to_saved_csv,1,1,,,0.0,0.0,exact_agreement,
lifetime_endpoint_metadata,observable_lifetime_domains.csv,alp_su2l:ma=1.05:diagnostic_endpoint_convention,frozen_scan_to_saved_csv,1,1,,,0.0,0.0,exact_agreement,
lifetime_endpoint_metadata,observable_lifetime_domains.csv,alp_su2l:ma=1.05:template_log_endpoint_padding_fraction,frozen_scan_to_saved_csv,1,1,0.0,0.0,5e-15,1e-14,exact_agreement,
lifetime_fixed_step_bisection_diagnostics,bisection_diagnostic_ranges.csv,alp_photon_combined:ma=0.3:fixed_step_bisection_diagnostic_lower_m,frozen_scan_to_saved_csv,1,1,0.0,0.0,5e-15,1e-14,exact_agreement,
lifetime_fixed_step_bisection_diagnostics,bisection_diagnostic_ranges.csv,alp_photon_combined:ma=0.3:fixed_step_bisection_diagnostic_upper_m,frozen_scan_to_saved_csv,1,1,0.0,0.0,5e-15,1e-14,exact_agreement,
lifetime_fixed_step_bisection_diagnostics,bisection_diagnostic_ranges.csv,alp_su2l:ma=0.3:fixed_step_bisection_diagnostic_lower_m,frozen_scan_to_saved_csv,1,1,0.0,0.0,5e-15,1e-14,exact_agreement,
lifetime_fixed_step_bisection_diagnostics,bisection_diagnostic_ranges.csv,alp_su2l:ma=0.3:fixed_step_bisection_diagnostic_upper_m,frozen_scan_to_saved_csv,1,1,0.0,0.0,5e-15,1e-14,exact_agreement,
lifetime_fixed_step_bisection_diagnostics,bisection_diagnostic_ranges.csv,alp_photon_combined:ma=0.4:fixed_step_bisection_diagnostic_lower_m,frozen_scan_to_saved_csv,1,1,0.0,0.0,5e-15,1e-14,exact_agreement,
lifetime_fixed_step_bisection_diagnostics,bisection_diagnostic_ranges.csv,alp_photon_combined:ma=0.4:fixed_step_bisection_diagnostic_upper_m,frozen_scan_to_saved_csv,1,1,0.0,0.0,5e-15,1e-14,exact_agreement,
lifetime_fixed_step_bisection_diagnostics,bisection_diagnostic_ranges.csv,alp_su2l:ma=0.4:fixed_step_bisection_diagnostic_lower_m,frozen_scan_to_saved_csv,1,1,0.0,0.0,5e-15,1e-14,exact_agreement,
lifetime_fixed_step_bisection_diagnostics,bisection_diagnostic_ranges.csv,alp_su2l:ma=0.4:fixed_step_bisection_diagnostic_upper_m,frozen_scan_to_saved_csv,1,1,0.0,0.0,5e-15,1e-14,exact_agreement,
lifetime_fixed_step_bisection_diagnostics,bisection_diagnostic_ranges.csv,alp_photon_combined:ma=0.5:fixed_step_bisection_diagnostic_lower_m,frozen_scan_to_saved_csv,1,1,0.0,0.0,5e-15,1e-14,exact_agreement,
lifetime_fixed_step_bisection_diagnostics,bisection_diagnostic_ranges.csv,alp_photon_combined:ma=0.5:fixed_step_bisection_diagnostic_upper_m,frozen_scan_to_saved_csv,1,1,0.0,0.0,5e-15,1e-14,exact_agreement,
lifetime_fixed_step_bisection_diagnostics,bisection_diagnostic_ranges.csv,alp_su2l:ma=0.5:fixed_step_bisection_diagnostic_lower_m,frozen_scan_to_saved_csv,1,1,0.0,0.0,5e-15,1e-14,exact_agreement,
lifetime_fixed_step_bisection_diagnostics,bisection_diagnostic_ranges.csv,alp_su2l:ma=0.5:fixed_step_bisection_diagnostic_upper_m,frozen_scan_to_saved_csv,1,1,0.0,0.0,5e-15,1e-14,exact_agreement,
lifetime_fixed_step_bisection_diagnostics,bisection_diagnostic_ranges.csv,alp_photon_combined:ma=0.6:fixed_step_bisection_diagnostic_lower_m,frozen_scan_to_saved_csv,1,1,0.0,0.0,5e-15,1e-14,exact_agreement,
lifetime_fixed_step_bisection_diagnostics,bisection_diagnostic_ranges.csv,alp_photon_combined:ma=0.6:fixed_step_bisection_diagnostic_upper_m,frozen_scan_to_saved_csv,1,1,0.0,0.0,5e-15,1e-14,exact_agreement,
lifetime_fixed_step_bisection_diagnostics,bisection_diagnostic_ranges.csv,alp_su2l:ma=0.6:fixed_step_bisection_diagnostic_lower_m,frozen_scan_to_saved_csv,1,1,0.0,0.0,5e-15,1e-14,exact_agreement,
lifetime_fixed_step_bisection_diagnostics,bisection_diagnostic_ranges.csv,alp_su2l:ma=0.6:fixed_step_bisection_diagnostic_upper_m,frozen_scan_to_saved_csv,1,1,0.0,0.0,5e-15,1e-14,exact_agreement,
lifetime_fixed_step_bisection_diagnostics,bisection_diagnostic_ranges.csv,alp_photon_combined:ma=0.75:fixed_step_bisection_diagnostic_lower_m,frozen_scan_to_saved_csv,1,1,0.0,0.0,5e-15,1e-14,exact_agreement,
lifetime_fixed_step_bisection_diagnostics,bisection_diagnostic_ranges.csv,alp_photon_combined:ma=0.75:fixed_step_bisection_diagnostic_upper_m,frozen_scan_to_saved_csv,1,1,3.552713678800501e-15,1.151617892014919e-16,5e-15,1e-14,csv_roundtrip_agreement,
lifetime_fixed_step_bisection_diagnostics,bisection_diagnostic_ranges.csv,alp_su2l:ma=0.75:fixed_step_bisection_diagnostic_lower_m,frozen_scan_to_saved_csv,1,1,0.0,0.0,5e-15,1e-14,exact_agreement,
lifetime_fixed_step_bisection_diagnostics,bisection_diagnostic_ranges.csv,alp_su2l:ma=0.75:fixed_step_bisection_diagnostic_upper_m,frozen_scan_to_saved_csv,1,1,0.0,0.0,5e-15,1e-14,exact_agreement,
lifetime_fixed_step_bisection_diagnostics,bisection_diagnostic_ranges.csv,alp_photon_combined:ma=0.9:fixed_step_bisection_diagnostic_lower_m,frozen_scan_to_saved_csv,1,1,0.0,0.0,5e-15,1e-14,exact_agreement,
lifetime_fixed_step_bisection_diagnostics,bisection_diagnostic_ranges.csv,alp_photon_combined:ma=0.9:fixed_step_bisection_diagnostic_upper_m,frozen_scan_to_saved_csv,1,1,0.0,0.0,5e-15,1e-14,exact_agreement,
lifetime_fixed_step_bisection_diagnostics,bisection_diagnostic_ranges.csv,alp_su2l:ma=0.9:fixed_step_bisection_diagnostic_lower_m,frozen_scan_to_saved_csv,1,1,0.0,0.0,5e-15,1e-14,exact_agreement,
lifetime_fixed_step_bisection_diagnostics,bisection_diagnostic_ranges.csv,alp_su2l:ma=0.9:fixed_step_bisection_diagnostic_upper_m,frozen_scan_to_saved_csv,1,1,0.0,0.0,5e-15,1e-14,exact_agreement,
lifetime_fixed_step_bisection_diagnostics,bisection_diagnostic_ranges.csv,alp_photon_combined:ma=1:fixed_step_bisection_diagnostic_lower_m,frozen_scan_to_saved_csv,1,1,0.0,0.0,5e-15,1e-14,exact_agreement,
lifetime_fixed_step_bisection_diagnostics,bisection_diagnostic_ranges.csv,alp_photon_combined:ma=1:fixed_step_bisection_diagnostic_upper_m,frozen_scan_to_saved_csv,1,1,0.0,0.0,5e-15,1e-14,exact_agreement,
lifetime_fixed_step_bisection_diagnostics,bisection_diagnostic_ranges.csv,alp_su2l:ma=1:fixed_step_bisection_diagnostic_lower_m,frozen_scan_to_saved_csv,1,1,0.0,0.0,5e-15,1e-14,exact_agreement,
lifetime_fixed_step_bisection_diagnostics,bisection_diagnostic_ranges.csv,alp_su2l:ma=1:fixed_step_bisection_diagnostic_upper_m,frozen_scan_to_saved_csv,1,1,0.0,0.0,5e-15,1e-14,exact_agreement,
lifetime_fixed_step_bisection_diagnostics,bisection_diagnostic_ranges.csv,alp_photon_combined:ma=1.05:fixed_step_bisection_diagnostic_lower_m,frozen_scan_to_saved_csv,1,1,0.0,0.0,5e-15,1e-14,exact_agreement,
lifetime_fixed_step_bisection_diagnostics,bisection_diagnostic_ranges.csv,alp_photon_combined:ma=1.05:fixed_step_bisection_diagnostic_upper_m,frozen_scan_to_saved_csv,1,1,0.0,0.0,5e-15,1e-14,exact_agreement,
lifetime_fixed_step_bisection_diagnostics,bisection_diagnostic_ranges.csv,alp_su2l:ma=1.05:fixed_step_bisection_diagnostic_lower_m,frozen_scan_to_saved_csv,1,1,0.0,0.0,5e-15,1e-14,exact_agreement,
lifetime_fixed_step_bisection_diagnostics,bisection_diagnostic_ranges.csv,alp_su2l:ma=1.05:fixed_step_bisection_diagnostic_upper_m,frozen_scan_to_saved_csv,1,1,0.0,0.0,5e-15,1e-14,exact_agreement,
template_bank,template_bank_ma_0p3.npz,scientific_key_set,exact_npz_scientific,21,21,,,0.0,0.0,exact_agreement,
template_bank,template_bank_ma_0p3.npz,metadata_key_set,validated_npz_metadata,0,3,,,0.0,0.0,validated_metadata_extension,"bank_format_version, profile, selection_name"
template_bank,template_bank_ma_0p3.npz,energy_edges_GeV,exact_npz,19,19,0.0,0.0,0.0,0.0,exact_agreement,
template_bank,template_bank_ma_0p3.npz,event_threshold,exact_npz,1,1,0.0,0.0,0.0,0.0,exact_agreement,
template_bank,template_bank_ma_0p3.npz,jeffreys_alpha,exact_npz,1,1,0.0,0.0,0.0,0.0,exact_agreement,
template_bank,template_bank_ma_0p3.npz,mass_GeV,exact_npz,1,1,0.0,0.0,0.0,0.0,exact_agreement,
template_bank,template_bank_ma_0p3.npz,minimum_bin_N_eff,exact_npz,1,1,0.0,0.0,0.0,0.0,exact_agreement,
template_bank,template_bank_ma_0p3.npz,photon_ctau_m,exact_npz,20,20,0.0,0.0,0.0,0.0,exact_agreement,
template_bank,template_bank_ma_0p3.npz,photon_epsilon_ecal_weighted,exact_npz,20,20,0.0,0.0,0.0,0.0,exact_agreement,
template_bank,template_bank_ma_0p3.npz,photon_interval_m,exact_npz,2,2,0.0,0.0,0.0,0.0,exact_agreement,
template_bank,template_bank_ma_0p3.npz,photon_n_events,exact_npz,20,20,0.0,0.0,0.0,0.0,exact_agreement,
template_bank,template_bank_ma_0p3.npz,photon_n_events_before_ecal,exact_npz,20,20,0.0,0.0,0.0,0.0,exact_agreement,
template_bank,template_bank_ma_0p3.npz,photon_probabilities,exact_npz,360,360,0.0,0.0,0.0,0.0,exact_agreement,
template_bank,template_bank_ma_0p3.npz,photon_total_n_eff,exact_npz,20,20,0.0,0.0,0.0,0.0,exact_agreement,
template_bank,template_bank_ma_0p3.npz,su2_ctau_m,exact_npz,20,20,0.0,0.0,0.0,0.0,exact_agreement,
template_bank,template_bank_ma_0p3.npz,su2_epsilon_ecal_weighted,exact_npz,20,20,0.0,0.0,0.0,0.0,exact_agreement,
template_bank,template_bank_ma_0p3.npz,su2_interval_m,exact_npz,2,2,0.0,0.0,0.0,0.0,exact_agreement,
template_bank,template_bank_ma_0p3.npz,su2_n_events,exact_npz,20,20,0.0,0.0,0.0,0.0,exact_agreement,
template_bank,template_bank_ma_0p3.npz,su2_n_events_before_ecal,exact_npz,20,20,0.0,0.0,0.0,0.0,exact_agreement,
template_bank,template_bank_ma_0p3.npz,su2_probabilities,exact_npz,360,360,0.0,0.0,0.0,0.0,exact_agreement,
template_bank,template_bank_ma_0p3.npz,su2_total_n_eff,exact_npz,20,20,0.0,0.0,0.0,0.0,exact_agreement,
template_bank,template_bank_ma_0p3.npz,template_base_seed,exact_npz,1,1,0.0,0.0,0.0,0.0,exact_agreement,
template_bank,template_bank_ma_0p3.npz,template_seed_offset,exact_npz,1,1,0.0,0.0,0.0,0.0,exact_agreement,
template_bank,template_bank_ma_0p3.npz,metadata:bank_format_version,validated_npz_metadata,0,1,,,0.0,0.0,validated_metadata_extension,
template_bank,template_bank_ma_0p3.npz,metadata:profile,validated_npz_metadata,0,1,,,0.0,0.0,validated_metadata_extension,
template_bank,template_bank_ma_0p3.npz,metadata:selection_name,validated_npz_metadata,0,1,,,0.0,0.0,validated_metadata_extension,
template_bank,template_bank_ma_0p4.npz,scientific_key_set,exact_npz_scientific,21,21,,,0.0,0.0,exact_agreement,
template_bank,template_bank_ma_0p4.npz,metadata_key_set,validated_npz_metadata,0,3,,,0.0,0.0,validated_metadata_extension,"bank_format_version, profile, selection_name"
template_bank,template_bank_ma_0p4.npz,energy_edges_GeV,exact_npz,19,19,0.0,0.0,0.0,0.0,exact_agreement,
template_bank,template_bank_ma_0p4.npz,event_threshold,exact_npz,1,1,0.0,0.0,0.0,0.0,exact_agreement,
template_bank,template_bank_ma_0p4.npz,jeffreys_alpha,exact_npz,1,1,0.0,0.0,0.0,0.0,exact_agreement,
template_bank,template_bank_ma_0p4.npz,mass_GeV,exact_npz,1,1,0.0,0.0,0.0,0.0,exact_agreement,
template_bank,template_bank_ma_0p4.npz,minimum_bin_N_eff,exact_npz,1,1,0.0,0.0,0.0,0.0,exact_agreement,
template_bank,template_bank_ma_0p4.npz,photon_ctau_m,exact_npz,20,20,0.0,0.0,0.0,0.0,exact_agreement,
template_bank,template_bank_ma_0p4.npz,photon_epsilon_ecal_weighted,exact_npz,20,20,0.0,0.0,0.0,0.0,exact_agreement,
template_bank,template_bank_ma_0p4.npz,photon_interval_m,exact_npz,2,2,0.0,0.0,0.0,0.0,exact_agreement,
template_bank,template_bank_ma_0p4.npz,photon_n_events,exact_npz,20,20,0.0,0.0,0.0,0.0,exact_agreement,
template_bank,template_bank_ma_0p4.npz,photon_n_events_before_ecal,exact_npz,20,20,0.0,0.0,0.0,0.0,exact_agreement,
template_bank,template_bank_ma_0p4.npz,photon_probabilities,exact_npz,360,360,0.0,0.0,0.0,0.0,exact_agreement,
template_bank,template_bank_ma_0p4.npz,photon_total_n_eff,exact_npz,20,20,0.0,0.0,0.0,0.0,exact_agreement,
template_bank,template_bank_ma_0p4.npz,su2_ctau_m,exact_npz,20,20,0.0,0.0,0.0,0.0,exact_agreement,
template_bank,template_bank_ma_0p4.npz,su2_epsilon_ecal_weighted,exact_npz,20,20,0.0,0.0,0.0,0.0,exact_agreement,
template_bank,template_bank_ma_0p4.npz,su2_interval_m,exact_npz,2,2,0.0,0.0,0.0,0.0,exact_agreement,
template_bank,template_bank_ma_0p4.npz,su2_n_events,exact_npz,20,20,0.0,0.0,0.0,0.0,exact_agreement,
template_bank,template_bank_ma_0p4.npz,su2_n_events_before_ecal,exact_npz,20,20,0.0,0.0,0.0,0.0,exact_agreement,
template_bank,template_bank_ma_0p4.npz,su2_probabilities,exact_npz,360,360,0.0,0.0,0.0,0.0,exact_agreement,
template_bank,template_bank_ma_0p4.npz,su2_total_n_eff,exact_npz,20,20,0.0,0.0,0.0,0.0,exact_agreement,
template_bank,template_bank_ma_0p4.npz,template_base_seed,exact_npz,1,1,0.0,0.0,0.0,0.0,exact_agreement,
template_bank,template_bank_ma_0p4.npz,template_seed_offset,exact_npz,1,1,0.0,0.0,0.0,0.0,exact_agreement,
template_bank,template_bank_ma_0p4.npz,metadata:bank_format_version,validated_npz_metadata,0,1,,,0.0,0.0,validated_metadata_extension,
template_bank,template_bank_ma_0p4.npz,metadata:profile,validated_npz_metadata,0,1,,,0.0,0.0,validated_metadata_extension,
template_bank,template_bank_ma_0p4.npz,metadata:selection_name,validated_npz_metadata,0,1,,,0.0,0.0,validated_metadata_extension,
template_bank,template_bank_ma_0p5.npz,scientific_key_set,exact_npz_scientific,21,21,,,0.0,0.0,exact_agreement,
template_bank,template_bank_ma_0p5.npz,metadata_key_set,validated_npz_metadata,0,3,,,0.0,0.0,validated_metadata_extension,"bank_format_version, profile, selection_name"
template_bank,template_bank_ma_0p5.npz,energy_edges_GeV,exact_npz,20,20,0.0,0.0,0.0,0.0,exact_agreement,
template_bank,template_bank_ma_0p5.npz,event_threshold,exact_npz,1,1,0.0,0.0,0.0,0.0,exact_agreement,
template_bank,template_bank_ma_0p5.npz,jeffreys_alpha,exact_npz,1,1,0.0,0.0,0.0,0.0,exact_agreement,
template_bank,template_bank_ma_0p5.npz,mass_GeV,exact_npz,1,1,0.0,0.0,0.0,0.0,exact_agreement,
template_bank,template_bank_ma_0p5.npz,minimum_bin_N_eff,exact_npz,1,1,0.0,0.0,0.0,0.0,exact_agreement,
template_bank,template_bank_ma_0p5.npz,photon_ctau_m,exact_npz,20,20,0.0,0.0,0.0,0.0,exact_agreement,
template_bank,template_bank_ma_0p5.npz,photon_epsilon_ecal_weighted,exact_npz,20,20,0.0,0.0,0.0,0.0,exact_agreement,
template_bank,template_bank_ma_0p5.npz,photon_interval_m,exact_npz,2,2,0.0,0.0,0.0,0.0,exact_agreement,
template_bank,template_bank_ma_0p5.npz,photon_n_events,exact_npz,20,20,0.0,0.0,0.0,0.0,exact_agreement,
template_bank,template_bank_ma_0p5.npz,photon_n_events_before_ecal,exact_npz,20,20,0.0,0.0,0.0,0.0,exact_agreement,
template_bank,template_bank_ma_0p5.npz,photon_probabilities,exact_npz,380,380,0.0,0.0,0.0,0.0,exact_agreement,
template_bank,template_bank_ma_0p5.npz,photon_total_n_eff,exact_npz,20,20,0.0,0.0,0.0,0.0,exact_agreement,
template_bank,template_bank_ma_0p5.npz,su2_ctau_m,exact_npz,20,20,0.0,0.0,0.0,0.0,exact_agreement,
template_bank,template_bank_ma_0p5.npz,su2_epsilon_ecal_weighted,exact_npz,20,20,0.0,0.0,0.0,0.0,exact_agreement,
template_bank,template_bank_ma_0p5.npz,su2_interval_m,exact_npz,2,2,0.0,0.0,0.0,0.0,exact_agreement,
template_bank,template_bank_ma_0p5.npz,su2_n_events,exact_npz,20,20,0.0,0.0,0.0,0.0,exact_agreement,
template_bank,template_bank_ma_0p5.npz,su2_n_events_before_ecal,exact_npz,20,20,0.0,0.0,0.0,0.0,exact_agreement,
template_bank,template_bank_ma_0p5.npz,su2_probabilities,exact_npz,380,380,0.0,0.0,0.0,0.0,exact_agreement,
template_bank,template_bank_ma_0p5.npz,su2_total_n_eff,exact_npz,20,20,0.0,0.0,0.0,0.0,exact_agreement,
template_bank,template_bank_ma_0p5.npz,template_base_seed,exact_npz,1,1,0.0,0.0,0.0,0.0,exact_agreement,
template_bank,template_bank_ma_0p5.npz,template_seed_offset,exact_npz,1,1,0.0,0.0,0.0,0.0,exact_agreement,
template_bank,template_bank_ma_0p5.npz,metadata:bank_format_version,validated_npz_metadata,0,1,,,0.0,0.0,validated_metadata_extension,
template_bank,template_bank_ma_0p5.npz,metadata:profile,validated_npz_metadata,0,1,,,0.0,0.0,validated_metadata_extension,
template_bank,template_bank_ma_0p5.npz,metadata:selection_name,validated_npz_metadata,0,1,,,0.0,0.0,validated_metadata_extension,
template_bank,template_bank_ma_0p6.npz,scientific_key_set,exact_npz_scientific,21,21,,,0.0,0.0,exact_agreement,
template_bank,template_bank_ma_0p6.npz,metadata_key_set,validated_npz_metadata,0,3,,,0.0,0.0,validated_metadata_extension,"bank_format_version, profile, selection_name"
template_bank,template_bank_ma_0p6.npz,energy_edges_GeV,exact_npz,20,20,0.0,0.0,0.0,0.0,exact_agreement,
template_bank,template_bank_ma_0p6.npz,event_threshold,exact_npz,1,1,0.0,0.0,0.0,0.0,exact_agreement,
template_bank,template_bank_ma_0p6.npz,jeffreys_alpha,exact_npz,1,1,0.0,0.0,0.0,0.0,exact_agreement,
template_bank,template_bank_ma_0p6.npz,mass_GeV,exact_npz,1,1,0.0,0.0,0.0,0.0,exact_agreement,
template_bank,template_bank_ma_0p6.npz,minimum_bin_N_eff,exact_npz,1,1,0.0,0.0,0.0,0.0,exact_agreement,
template_bank,template_bank_ma_0p6.npz,photon_ctau_m,exact_npz,20,20,0.0,0.0,0.0,0.0,exact_agreement,
template_bank,template_bank_ma_0p6.npz,photon_epsilon_ecal_weighted,exact_npz,20,20,0.0,0.0,0.0,0.0,exact_agreement,
template_bank,template_bank_ma_0p6.npz,photon_interval_m,exact_npz,2,2,0.0,0.0,0.0,0.0,exact_agreement,
template_bank,template_bank_ma_0p6.npz,photon_n_events,exact_npz,20,20,0.0,0.0,0.0,0.0,exact_agreement,
template_bank,template_bank_ma_0p6.npz,photon_n_events_before_ecal,exact_npz,20,20,0.0,0.0,0.0,0.0,exact_agreement,
template_bank,template_bank_ma_0p6.npz,photon_probabilities,exact_npz,380,380,0.0,0.0,0.0,0.0,exact_agreement,
template_bank,template_bank_ma_0p6.npz,photon_total_n_eff,exact_npz,20,20,0.0,0.0,0.0,0.0,exact_agreement,
template_bank,template_bank_ma_0p6.npz,su2_ctau_m,exact_npz,20,20,0.0,0.0,0.0,0.0,exact_agreement,
template_bank,template_bank_ma_0p6.npz,su2_epsilon_ecal_weighted,exact_npz,20,20,0.0,0.0,0.0,0.0,exact_agreement,
template_bank,template_bank_ma_0p6.npz,su2_interval_m,exact_npz,2,2,0.0,0.0,0.0,0.0,exact_agreement,
template_bank,template_bank_ma_0p6.npz,su2_n_events,exact_npz,20,20,0.0,0.0,0.0,0.0,exact_agreement,
template_bank,template_bank_ma_0p6.npz,su2_n_events_before_ecal,exact_npz,20,20,0.0,0.0,0.0,0.0,exact_agreement,
template_bank,template_bank_ma_0p6.npz,su2_probabilities,exact_npz,380,380,0.0,0.0,0.0,0.0,exact_agreement,
template_bank,template_bank_ma_0p6.npz,su2_total_n_eff,exact_npz,20,20,0.0,0.0,0.0,0.0,exact_agreement,
template_bank,template_bank_ma_0p6.npz,template_base_seed,exact_npz,1,1,0.0,0.0,0.0,0.0,exact_agreement,
template_bank,template_bank_ma_0p6.npz,template_seed_offset,exact_npz,1,1,0.0,0.0,0.0,0.0,exact_agreement,
template_bank,template_bank_ma_0p6.npz,metadata:bank_format_version,validated_npz_metadata,0,1,,,0.0,0.0,validated_metadata_extension,
template_bank,template_bank_ma_0p6.npz,metadata:profile,validated_npz_metadata,0,1,,,0.0,0.0,validated_metadata_extension,
template_bank,template_bank_ma_0p6.npz,metadata:selection_name,validated_npz_metadata,0,1,,,0.0,0.0,validated_metadata_extension,
template_bank,template_bank_ma_0p75.npz,scientific_key_set,exact_npz_scientific,21,21,,,0.0,0.0,exact_agreement,
template_bank,template_bank_ma_0p75.npz,metadata_key_set,validated_npz_metadata,0,3,,,0.0,0.0,validated_metadata_extension,"bank_format_version, profile, selection_name"
template_bank,template_bank_ma_0p75.npz,energy_edges_GeV,exact_npz,21,21,0.0,0.0,0.0,0.0,exact_agreement,
template_bank,template_bank_ma_0p75.npz,event_threshold,exact_npz,1,1,0.0,0.0,0.0,0.0,exact_agreement,
template_bank,template_bank_ma_0p75.npz,jeffreys_alpha,exact_npz,1,1,0.0,0.0,0.0,0.0,exact_agreement,
template_bank,template_bank_ma_0p75.npz,mass_GeV,exact_npz,1,1,0.0,0.0,0.0,0.0,exact_agreement,
template_bank,template_bank_ma_0p75.npz,minimum_bin_N_eff,exact_npz,1,1,0.0,0.0,0.0,0.0,exact_agreement,
template_bank,template_bank_ma_0p75.npz,photon_ctau_m,exact_npz,20,20,0.0,0.0,0.0,0.0,exact_agreement,
template_bank,template_bank_ma_0p75.npz,photon_epsilon_ecal_weighted,exact_npz,20,20,0.0,0.0,0.0,0.0,exact_agreement,
template_bank,template_bank_ma_0p75.npz,photon_interval_m,exact_npz,2,2,0.0,0.0,0.0,0.0,exact_agreement,
template_bank,template_bank_ma_0p75.npz,photon_n_events,exact_npz,20,20,0.0,0.0,0.0,0.0,exact_agreement,
template_bank,template_bank_ma_0p75.npz,photon_n_events_before_ecal,exact_npz,20,20,0.0,0.0,0.0,0.0,exact_agreement,
template_bank,template_bank_ma_0p75.npz,photon_probabilities,exact_npz,400,400,0.0,0.0,0.0,0.0,exact_agreement,
template_bank,template_bank_ma_0p75.npz,photon_total_n_eff,exact_npz,20,20,0.0,0.0,0.0,0.0,exact_agreement,
template_bank,template_bank_ma_0p75.npz,su2_ctau_m,exact_npz,20,20,0.0,0.0,0.0,0.0,exact_agreement,
template_bank,template_bank_ma_0p75.npz,su2_epsilon_ecal_weighted,exact_npz,20,20,0.0,0.0,0.0,0.0,exact_agreement,
template_bank,template_bank_ma_0p75.npz,su2_interval_m,exact_npz,2,2,0.0,0.0,0.0,0.0,exact_agreement,
template_bank,template_bank_ma_0p75.npz,su2_n_events,exact_npz,20,20,0.0,0.0,0.0,0.0,exact_agreement,
template_bank,template_bank_ma_0p75.npz,su2_n_events_before_ecal,exact_npz,20,20,0.0,0.0,0.0,0.0,exact_agreement,
template_bank,template_bank_ma_0p75.npz,su2_probabilities,exact_npz,400,400,0.0,0.0,0.0,0.0,exact_agreement,
template_bank,template_bank_ma_0p75.npz,su2_total_n_eff,exact_npz,20,20,0.0,0.0,0.0,0.0,exact_agreement,
template_bank,template_bank_ma_0p75.npz,template_base_seed,exact_npz,1,1,0.0,0.0,0.0,0.0,exact_agreement,
template_bank,template_bank_ma_0p75.npz,template_seed_offset,exact_npz,1,1,0.0,0.0,0.0,0.0,exact_agreement,
template_bank,template_bank_ma_0p75.npz,metadata:bank_format_version,validated_npz_metadata,0,1,,,0.0,0.0,validated_metadata_extension,
template_bank,template_bank_ma_0p75.npz,metadata:profile,validated_npz_metadata,0,1,,,0.0,0.0,validated_metadata_extension,
template_bank,template_bank_ma_0p75.npz,metadata:selection_name,validated_npz_metadata,0,1,,,0.0,0.0,validated_metadata_extension,
template_bank,template_bank_ma_0p9.npz,scientific_key_set,exact_npz_scientific,21,21,,,0.0,0.0,exact_agreement,
template_bank,template_bank_ma_0p9.npz,metadata_key_set,validated_npz_metadata,0,3,,,0.0,0.0,validated_metadata_extension,"bank_format_version, profile, selection_name"
template_bank,template_bank_ma_0p9.npz,energy_edges_GeV,exact_npz,21,21,0.0,0.0,0.0,0.0,exact_agreement,
template_bank,template_bank_ma_0p9.npz,event_threshold,exact_npz,1,1,0.0,0.0,0.0,0.0,exact_agreement,
template_bank,template_bank_ma_0p9.npz,jeffreys_alpha,exact_npz,1,1,0.0,0.0,0.0,0.0,exact_agreement,
template_bank,template_bank_ma_0p9.npz,mass_GeV,exact_npz,1,1,0.0,0.0,0.0,0.0,exact_agreement,
template_bank,template_bank_ma_0p9.npz,minimum_bin_N_eff,exact_npz,1,1,0.0,0.0,0.0,0.0,exact_agreement,
template_bank,template_bank_ma_0p9.npz,photon_ctau_m,exact_npz,20,20,0.0,0.0,0.0,0.0,exact_agreement,
template_bank,template_bank_ma_0p9.npz,photon_epsilon_ecal_weighted,exact_npz,20,20,0.0,0.0,0.0,0.0,exact_agreement,
template_bank,template_bank_ma_0p9.npz,photon_interval_m,exact_npz,2,2,0.0,0.0,0.0,0.0,exact_agreement,
template_bank,template_bank_ma_0p9.npz,photon_n_events,exact_npz,20,20,0.0,0.0,0.0,0.0,exact_agreement,
template_bank,template_bank_ma_0p9.npz,photon_n_events_before_ecal,exact_npz,20,20,0.0,0.0,0.0,0.0,exact_agreement,
template_bank,template_bank_ma_0p9.npz,photon_probabilities,exact_npz,400,400,0.0,0.0,0.0,0.0,exact_agreement,
template_bank,template_bank_ma_0p9.npz,photon_total_n_eff,exact_npz,20,20,0.0,0.0,0.0,0.0,exact_agreement,
template_bank,template_bank_ma_0p9.npz,su2_ctau_m,exact_npz,20,20,0.0,0.0,0.0,0.0,exact_agreement,
template_bank,template_bank_ma_0p9.npz,su2_epsilon_ecal_weighted,exact_npz,20,20,0.0,0.0,0.0,0.0,exact_agreement,
template_bank,template_bank_ma_0p9.npz,su2_interval_m,exact_npz,2,2,0.0,0.0,0.0,0.0,exact_agreement,
template_bank,template_bank_ma_0p9.npz,su2_n_events,exact_npz,20,20,0.0,0.0,0.0,0.0,exact_agreement,
template_bank,template_bank_ma_0p9.npz,su2_n_events_before_ecal,exact_npz,20,20,0.0,0.0,0.0,0.0,exact_agreement,
template_bank,template_bank_ma_0p9.npz,su2_probabilities,exact_npz,400,400,0.0,0.0,0.0,0.0,exact_agreement,
template_bank,template_bank_ma_0p9.npz,su2_total_n_eff,exact_npz,20,20,0.0,0.0,0.0,0.0,exact_agreement,
template_bank,template_bank_ma_0p9.npz,template_base_seed,exact_npz,1,1,0.0,0.0,0.0,0.0,exact_agreement,
template_bank,template_bank_ma_0p9.npz,template_seed_offset,exact_npz,1,1,0.0,0.0,0.0,0.0,exact_agreement,
template_bank,template_bank_ma_0p9.npz,metadata:bank_format_version,validated_npz_metadata,0,1,,,0.0,0.0,validated_metadata_extension,
template_bank,template_bank_ma_0p9.npz,metadata:profile,validated_npz_metadata,0,1,,,0.0,0.0,validated_metadata_extension,
template_bank,template_bank_ma_0p9.npz,metadata:selection_name,validated_npz_metadata,0,1,,,0.0,0.0,validated_metadata_extension,
template_bank,template_bank_ma_1.npz,scientific_key_set,exact_npz_scientific,21,21,,,0.0,0.0,exact_agreement,
template_bank,template_bank_ma_1.npz,metadata_key_set,validated_npz_metadata,0,3,,,0.0,0.0,validated_metadata_extension,"bank_format_version, profile, selection_name"
template_bank,template_bank_ma_1.npz,energy_edges_GeV,exact_npz,22,22,0.0,0.0,0.0,0.0,exact_agreement,
template_bank,template_bank_ma_1.npz,event_threshold,exact_npz,1,1,0.0,0.0,0.0,0.0,exact_agreement,
template_bank,template_bank_ma_1.npz,jeffreys_alpha,exact_npz,1,1,0.0,0.0,0.0,0.0,exact_agreement,
template_bank,template_bank_ma_1.npz,mass_GeV,exact_npz,1,1,0.0,0.0,0.0,0.0,exact_agreement,
template_bank,template_bank_ma_1.npz,minimum_bin_N_eff,exact_npz,1,1,0.0,0.0,0.0,0.0,exact_agreement,
template_bank,template_bank_ma_1.npz,photon_ctau_m,exact_npz,20,20,0.0,0.0,0.0,0.0,exact_agreement,
template_bank,template_bank_ma_1.npz,photon_epsilon_ecal_weighted,exact_npz,20,20,0.0,0.0,0.0,0.0,exact_agreement,
template_bank,template_bank_ma_1.npz,photon_interval_m,exact_npz,2,2,0.0,0.0,0.0,0.0,exact_agreement,
template_bank,template_bank_ma_1.npz,photon_n_events,exact_npz,20,20,0.0,0.0,0.0,0.0,exact_agreement,
template_bank,template_bank_ma_1.npz,photon_n_events_before_ecal,exact_npz,20,20,0.0,0.0,0.0,0.0,exact_agreement,
template_bank,template_bank_ma_1.npz,photon_probabilities,exact_npz,420,420,0.0,0.0,0.0,0.0,exact_agreement,
template_bank,template_bank_ma_1.npz,photon_total_n_eff,exact_npz,20,20,0.0,0.0,0.0,0.0,exact_agreement,
template_bank,template_bank_ma_1.npz,su2_ctau_m,exact_npz,20,20,0.0,0.0,0.0,0.0,exact_agreement,
template_bank,template_bank_ma_1.npz,su2_epsilon_ecal_weighted,exact_npz,20,20,0.0,0.0,0.0,0.0,exact_agreement,
template_bank,template_bank_ma_1.npz,su2_interval_m,exact_npz,2,2,0.0,0.0,0.0,0.0,exact_agreement,
template_bank,template_bank_ma_1.npz,su2_n_events,exact_npz,20,20,0.0,0.0,0.0,0.0,exact_agreement,
template_bank,template_bank_ma_1.npz,su2_n_events_before_ecal,exact_npz,20,20,0.0,0.0,0.0,0.0,exact_agreement,
template_bank,template_bank_ma_1.npz,su2_probabilities,exact_npz,420,420,0.0,0.0,0.0,0.0,exact_agreement,
template_bank,template_bank_ma_1.npz,su2_total_n_eff,exact_npz,20,20,0.0,0.0,0.0,0.0,exact_agreement,
template_bank,template_bank_ma_1.npz,template_base_seed,exact_npz,1,1,0.0,0.0,0.0,0.0,exact_agreement,
template_bank,template_bank_ma_1.npz,template_seed_offset,exact_npz,1,1,0.0,0.0,0.0,0.0,exact_agreement,
template_bank,template_bank_ma_1.npz,metadata:bank_format_version,validated_npz_metadata,0,1,,,0.0,0.0,validated_metadata_extension,
template_bank,template_bank_ma_1.npz,metadata:profile,validated_npz_metadata,0,1,,,0.0,0.0,validated_metadata_extension,
template_bank,template_bank_ma_1.npz,metadata:selection_name,validated_npz_metadata,0,1,,,0.0,0.0,validated_metadata_extension,
template_bank,template_bank_ma_1p05.npz,scientific_key_set,exact_npz_scientific,21,21,,,0.0,0.0,exact_agreement,
template_bank,template_bank_ma_1p05.npz,metadata_key_set,validated_npz_metadata,0,3,,,0.0,0.0,validated_metadata_extension,"bank_format_version, profile, selection_name"
template_bank,template_bank_ma_1p05.npz,energy_edges_GeV,exact_npz,22,22,0.0,0.0,0.0,0.0,exact_agreement,
template_bank,template_bank_ma_1p05.npz,event_threshold,exact_npz,1,1,0.0,0.0,0.0,0.0,exact_agreement,
template_bank,template_bank_ma_1p05.npz,jeffreys_alpha,exact_npz,1,1,0.0,0.0,0.0,0.0,exact_agreement,
template_bank,template_bank_ma_1p05.npz,mass_GeV,exact_npz,1,1,0.0,0.0,0.0,0.0,exact_agreement,
template_bank,template_bank_ma_1p05.npz,minimum_bin_N_eff,exact_npz,1,1,0.0,0.0,0.0,0.0,exact_agreement,
template_bank,template_bank_ma_1p05.npz,photon_ctau_m,exact_npz,20,20,0.0,0.0,0.0,0.0,exact_agreement,
template_bank,template_bank_ma_1p05.npz,photon_epsilon_ecal_weighted,exact_npz,20,20,0.0,0.0,0.0,0.0,exact_agreement,
template_bank,template_bank_ma_1p05.npz,photon_interval_m,exact_npz,2,2,0.0,0.0,0.0,0.0,exact_agreement,
template_bank,template_bank_ma_1p05.npz,photon_n_events,exact_npz,20,20,0.0,0.0,0.0,0.0,exact_agreement,
template_bank,template_bank_ma_1p05.npz,photon_n_events_before_ecal,exact_npz,20,20,0.0,0.0,0.0,0.0,exact_agreement,
template_bank,template_bank_ma_1p05.npz,photon_probabilities,exact_npz,420,420,0.0,0.0,0.0,0.0,exact_agreement,
template_bank,template_bank_ma_1p05.npz,photon_total_n_eff,exact_npz,20,20,0.0,0.0,0.0,0.0,exact_agreement,
template_bank,template_bank_ma_1p05.npz,su2_ctau_m,exact_npz,20,20,0.0,0.0,0.0,0.0,exact_agreement,
template_bank,template_bank_ma_1p05.npz,su2_epsilon_ecal_weighted,exact_npz,20,20,0.0,0.0,0.0,0.0,exact_agreement,
template_bank,template_bank_ma_1p05.npz,su2_interval_m,exact_npz,2,2,0.0,0.0,0.0,0.0,exact_agreement,
template_bank,template_bank_ma_1p05.npz,su2_n_events,exact_npz,20,20,0.0,0.0,0.0,0.0,exact_agreement,
template_bank,template_bank_ma_1p05.npz,su2_n_events_before_ecal,exact_npz,20,20,0.0,0.0,0.0,0.0,exact_agreement,
template_bank,template_bank_ma_1p05.npz,su2_probabilities,exact_npz,420,420,0.0,0.0,0.0,0.0,exact_agreement,
template_bank,template_bank_ma_1p05.npz,su2_total_n_eff,exact_npz,20,20,0.0,0.0,0.0,0.0,exact_agreement,
template_bank,template_bank_ma_1p05.npz,template_base_seed,exact_npz,1,1,0.0,0.0,0.0,0.0,exact_agreement,
template_bank,template_bank_ma_1p05.npz,template_seed_offset,exact_npz,1,1,0.0,0.0,0.0,0.0,exact_agreement,
template_bank,template_bank_ma_1p05.npz,metadata:bank_format_version,validated_npz_metadata,0,1,,,0.0,0.0,validated_metadata_extension,
template_bank,template_bank_ma_1p05.npz,metadata:profile,validated_npz_metadata,0,1,,,0.0,0.0,validated_metadata_extension,
template_bank,template_bank_ma_1p05.npz,metadata:selection_name,validated_npz_metadata,0,1,,,0.0,0.0,validated_metadata_extension,
distance_summary,distance_map_summary.csv,table_structure,csv_roundtrip,8,8,,,0.0,0.0,exact_agreement,
distance_summary,distance_map_summary.csv,mass_GeV,csv_roundtrip,8,8,0.0,0.0,5e-15,1e-14,exact_agreement,
distance_summary,distance_map_summary.csv,number_of_energy_bins,csv_roundtrip,8,8,0.0,0.0,0.0,0.0,exact_agreement,
distance_summary,distance_map_summary.csv,number_of_photon_lifetimes,csv_roundtrip,8,8,0.0,0.0,0.0,0.0,exact_agreement,
distance_summary,distance_map_summary.csv,number_of_su2_lifetimes,csv_roundtrip,8,8,0.0,0.0,0.0,0.0,exact_agreement,
distance_summary,distance_map_summary.csv,minimum_D_TV,csv_roundtrip,8,8,0.0,0.0,5e-15,1e-14,exact_agreement,
distance_summary,distance_map_summary.csv,minimum_photon_lifetime_index,csv_roundtrip,8,8,0.0,0.0,0.0,0.0,exact_agreement,
distance_summary,distance_map_summary.csv,minimum_photon_ctau_m,csv_roundtrip,8,8,0.0,0.0,5e-15,1e-14,exact_agreement,
distance_summary,distance_map_summary.csv,minimum_photon_N_events,csv_roundtrip,8,8,0.0,0.0,5e-15,1e-14,exact_agreement,
distance_summary,distance_map_summary.csv,minimum_su2_lifetime_index,csv_roundtrip,8,8,0.0,0.0,0.0,0.0,exact_agreement,
distance_summary,distance_map_summary.csv,minimum_su2_ctau_m,csv_roundtrip,8,8,0.0,0.0,5e-15,1e-14,exact_agreement,
distance_summary,distance_map_summary.csv,minimum_su2_N_events,csv_roundtrip,8,8,0.0,0.0,5e-15,1e-14,exact_agreement,
distance_summary,distance_map_summary.csv,maximum_D_TV,csv_roundtrip,8,8,0.0,0.0,5e-15,1e-14,exact_agreement,
distance_summary,distance_map_summary.csv,maximum_photon_lifetime_index,csv_roundtrip,8,8,0.0,0.0,0.0,0.0,exact_agreement,
distance_summary,distance_map_summary.csv,maximum_photon_ctau_m,csv_roundtrip,8,8,0.0,0.0,5e-15,1e-14,exact_agreement,
distance_summary,distance_map_summary.csv,maximum_su2_lifetime_index,csv_roundtrip,8,8,0.0,0.0,0.0,0.0,exact_agreement,
distance_summary,distance_map_summary.csv,maximum_su2_ctau_m,csv_roundtrip,8,8,0.0,0.0,5e-15,1e-14,exact_agreement,
profiled_threshold_summary,profiled_threshold_summary.csv,table_structure,csv_roundtrip,8,8,,,0.0,0.0,exact_agreement,
profiled_threshold_summary,profiled_threshold_summary.csv,mass_GeV,csv_roundtrip,8,8,0.0,0.0,5e-15,1e-14,exact_agreement,
profiled_threshold_summary,profiled_threshold_summary.csv,rebin_factor,csv_roundtrip,8,8,0.0,0.0,0.0,0.0,exact_agreement,
profiled_threshold_summary,profiled_threshold_summary.csv,number_of_energy_bins,csv_roundtrip,8,8,0.0,0.0,0.0,0.0,exact_agreement,
profiled_threshold_summary,profiled_threshold_summary.csv,jeffreys_alpha,csv_roundtrip,8,8,0.0,0.0,5e-15,1e-14,exact_agreement,
profiled_threshold_summary,profiled_threshold_summary.csv,stored_jeffreys_alpha,csv_roundtrip,8,8,0.0,0.0,5e-15,1e-14,exact_agreement,
profiled_threshold_summary,profiled_threshold_summary.csv,truth_grid,csv_roundtrip,8,8,,,0.0,0.0,exact_agreement,
profiled_threshold_summary,profiled_threshold_summary.csv,profile_grid,csv_roundtrip,8,8,,,0.0,0.0,exact_agreement,
profiled_threshold_summary,profiled_threshold_summary.csv,number_of_photon_truth_lifetimes,csv_roundtrip,8,8,0.0,0.0,0.0,0.0,exact_agreement,
profiled_threshold_summary,profiled_threshold_summary.csv,number_of_su2_truth_lifetimes,csv_roundtrip,8,8,0.0,0.0,0.0,0.0,exact_agreement,
profiled_threshold_summary,profiled_threshold_summary.csv,number_of_photon_profile_lifetimes,csv_roundtrip,8,8,0.0,0.0,0.0,0.0,exact_agreement,
profiled_threshold_summary,profiled_threshold_summary.csv,number_of_su2_profile_lifetimes,csv_roundtrip,8,8,0.0,0.0,0.0,0.0,exact_agreement,
profiled_threshold_summary,profiled_threshold_summary.csv,pseudoexperiments_per_truth_and_seed,csv_roundtrip,8,8,0.0,0.0,0.0,0.0,exact_agreement,
profiled_threshold_summary,profiled_threshold_summary.csv,number_of_seeds,csv_roundtrip,8,8,0.0,0.0,0.0,0.0,exact_agreement,
profiled_threshold_summary,profiled_threshold_summary.csv,target_accuracy,csv_roundtrip,8,8,0.0,0.0,5e-15,1e-14,exact_agreement,
profiled_threshold_summary,profiled_threshold_summary.csv,threshold_reached,csv_roundtrip,8,8,0.0,0.0,0.0,0.0,exact_agreement,
profiled_threshold_summary,profiled_threshold_summary.csv,minimum_persistent_events,csv_roundtrip,8,8,0.0,0.0,0.0,0.0,exact_agreement,
profiled_threshold_summary,profiled_threshold_summary.csv,maximum_tested_events,csv_roundtrip,8,8,0.0,0.0,0.0,0.0,exact_agreement,
profiled_threshold_summary,profiled_threshold_summary.csv,worst_case_accuracy_at_maximum_events,csv_roundtrip,8,8,0.0,0.0,5e-15,1e-14,exact_agreement,
profiled_threshold_summary,profiled_threshold_summary.csv,accuracy_at_threshold,csv_roundtrip,8,8,0.0,0.0,5e-15,1e-14,exact_agreement,
profiled_threshold_summary,profiled_threshold_summary.csv,limiting_seed_at_threshold,csv_roundtrip,8,8,0.0,0.0,0.0,0.0,exact_agreement,
profiled_threshold_summary,profiled_threshold_summary.csv,limiting_truth_model_at_threshold,csv_roundtrip,8,8,,,0.0,0.0,exact_agreement,
profiled_threshold_summary,profiled_threshold_summary.csv,limiting_truth_lifetime_index_at_threshold,csv_roundtrip,8,8,0.0,0.0,0.0,0.0,exact_agreement,
profiled_threshold_summary,profiled_threshold_summary.csv,limiting_truth_ctau_m_at_threshold,csv_roundtrip,8,8,0.0,0.0,5e-15,1e-14,exact_agreement,
distance_table,distance_map_ma_0p3.csv,table_structure,csv_roundtrip,400,400,,,0.0,0.0,exact_agreement,
distance_table,distance_map_ma_0p3.csv,mass_GeV,csv_roundtrip,400,400,0.0,0.0,5e-15,1e-14,exact_agreement,
distance_table,distance_map_ma_0p3.csv,photon_lifetime_index,csv_roundtrip,400,400,0.0,0.0,0.0,0.0,exact_agreement,
distance_table,distance_map_ma_0p3.csv,photon_ctau_m,csv_roundtrip,400,400,0.0,0.0,5e-15,1e-14,exact_agreement,
distance_table,distance_map_ma_0p3.csv,photon_N_events,csv_roundtrip,400,400,0.0,0.0,5e-15,1e-14,exact_agreement,
distance_table,distance_map_ma_0p3.csv,su2_lifetime_index,csv_roundtrip,400,400,0.0,0.0,0.0,0.0,exact_agreement,
distance_table,distance_map_ma_0p3.csv,su2_ctau_m,csv_roundtrip,400,400,0.0,0.0,5e-15,1e-14,exact_agreement,
distance_table,distance_map_ma_0p3.csv,su2_N_events,csv_roundtrip,400,400,0.0,0.0,5e-15,1e-14,exact_agreement,
distance_table,distance_map_ma_0p3.csv,D_TV,csv_roundtrip,400,400,0.0,0.0,5e-15,1e-14,exact_agreement,
profiled_worst_case_by_seed,profiled_worst_case_by_seed_ma_0p3.csv,table_structure,csv_roundtrip,60,60,,,0.0,0.0,exact_agreement,
profiled_worst_case_by_seed,profiled_worst_case_by_seed_ma_0p3.csv,mass_GeV,csv_roundtrip,60,60,0.0,0.0,5e-15,1e-14,exact_agreement,
profiled_worst_case_by_seed,profiled_worst_case_by_seed_ma_0p3.csv,seed,csv_roundtrip,60,60,0.0,0.0,0.0,0.0,exact_agreement,
profiled_worst_case_by_seed,profiled_worst_case_by_seed_ma_0p3.csv,number_of_events,csv_roundtrip,60,60,0.0,0.0,0.0,0.0,exact_agreement,
profiled_worst_case_by_seed,profiled_worst_case_by_seed_ma_0p3.csv,photon_truth_worst_accuracy,csv_roundtrip,60,60,0.0,0.0,5e-15,1e-14,exact_agreement,
profiled_worst_case_by_seed,profiled_worst_case_by_seed_ma_0p3.csv,photon_limiting_lifetime_index,csv_roundtrip,60,60,0.0,0.0,0.0,0.0,exact_agreement,
profiled_worst_case_by_seed,profiled_worst_case_by_seed_ma_0p3.csv,photon_limiting_ctau_m,csv_roundtrip,60,60,0.0,0.0,5e-15,1e-14,exact_agreement,
profiled_worst_case_by_seed,profiled_worst_case_by_seed_ma_0p3.csv,su2_truth_worst_accuracy,csv_roundtrip,60,60,0.0,0.0,5e-15,1e-14,exact_agreement,
profiled_worst_case_by_seed,profiled_worst_case_by_seed_ma_0p3.csv,su2_limiting_lifetime_index,csv_roundtrip,60,60,0.0,0.0,0.0,0.0,exact_agreement,
profiled_worst_case_by_seed,profiled_worst_case_by_seed_ma_0p3.csv,su2_limiting_ctau_m,csv_roundtrip,60,60,0.0,0.0,5e-15,1e-14,exact_agreement,
profiled_worst_case_by_seed,profiled_worst_case_by_seed_ma_0p3.csv,worst_case_correct_fraction,csv_roundtrip,60,60,0.0,0.0,5e-15,1e-14,exact_agreement,
profiled_worst_case_by_seed,profiled_worst_case_by_seed_ma_0p3.csv,limiting_truth_model,csv_roundtrip,60,60,,,0.0,0.0,exact_agreement,
profiled_worst_case_by_seed,profiled_worst_case_by_seed_ma_0p3.csv,limiting_truth_lifetime_index,csv_roundtrip,60,60,0.0,0.0,0.0,0.0,exact_agreement,
profiled_worst_case_by_seed,profiled_worst_case_by_seed_ma_0p3.csv,limiting_truth_ctau_m,csv_roundtrip,60,60,0.0,0.0,5e-15,1e-14,exact_agreement,
distance_table,distance_map_ma_0p4.csv,table_structure,csv_roundtrip,400,400,,,0.0,0.0,exact_agreement,
distance_table,distance_map_ma_0p4.csv,mass_GeV,csv_roundtrip,400,400,0.0,0.0,5e-15,1e-14,exact_agreement,
distance_table,distance_map_ma_0p4.csv,photon_lifetime_index,csv_roundtrip,400,400,0.0,0.0,0.0,0.0,exact_agreement,
distance_table,distance_map_ma_0p4.csv,photon_ctau_m,csv_roundtrip,400,400,0.0,0.0,5e-15,1e-14,exact_agreement,
distance_table,distance_map_ma_0p4.csv,photon_N_events,csv_roundtrip,400,400,0.0,0.0,5e-15,1e-14,exact_agreement,
distance_table,distance_map_ma_0p4.csv,su2_lifetime_index,csv_roundtrip,400,400,0.0,0.0,0.0,0.0,exact_agreement,
distance_table,distance_map_ma_0p4.csv,su2_ctau_m,csv_roundtrip,400,400,0.0,0.0,5e-15,1e-14,exact_agreement,
distance_table,distance_map_ma_0p4.csv,su2_N_events,csv_roundtrip,400,400,0.0,0.0,5e-15,1e-14,exact_agreement,
distance_table,distance_map_ma_0p4.csv,D_TV,csv_roundtrip,400,400,0.0,0.0,5e-15,1e-14,exact_agreement,
profiled_worst_case_by_seed,profiled_worst_case_by_seed_ma_0p4.csv,table_structure,csv_roundtrip,60,60,,,0.0,0.0,exact_agreement,
profiled_worst_case_by_seed,profiled_worst_case_by_seed_ma_0p4.csv,mass_GeV,csv_roundtrip,60,60,0.0,0.0,5e-15,1e-14,exact_agreement,
profiled_worst_case_by_seed,profiled_worst_case_by_seed_ma_0p4.csv,seed,csv_roundtrip,60,60,0.0,0.0,0.0,0.0,exact_agreement,
profiled_worst_case_by_seed,profiled_worst_case_by_seed_ma_0p4.csv,number_of_events,csv_roundtrip,60,60,0.0,0.0,0.0,0.0,exact_agreement,
profiled_worst_case_by_seed,profiled_worst_case_by_seed_ma_0p4.csv,photon_truth_worst_accuracy,csv_roundtrip,60,60,0.0,0.0,5e-15,1e-14,exact_agreement,
profiled_worst_case_by_seed,profiled_worst_case_by_seed_ma_0p4.csv,photon_limiting_lifetime_index,csv_roundtrip,60,60,0.0,0.0,0.0,0.0,exact_agreement,
profiled_worst_case_by_seed,profiled_worst_case_by_seed_ma_0p4.csv,photon_limiting_ctau_m,csv_roundtrip,60,60,0.0,0.0,5e-15,1e-14,exact_agreement,
profiled_worst_case_by_seed,profiled_worst_case_by_seed_ma_0p4.csv,su2_truth_worst_accuracy,csv_roundtrip,60,60,0.0,0.0,5e-15,1e-14,exact_agreement,
profiled_worst_case_by_seed,profiled_worst_case_by_seed_ma_0p4.csv,su2_limiting_lifetime_index,csv_roundtrip,60,60,0.0,0.0,0.0,0.0,exact_agreement,
profiled_worst_case_by_seed,profiled_worst_case_by_seed_ma_0p4.csv,su2_limiting_ctau_m,csv_roundtrip,60,60,0.0,0.0,5e-15,1e-14,exact_agreement,
profiled_worst_case_by_seed,profiled_worst_case_by_seed_ma_0p4.csv,worst_case_correct_fraction,csv_roundtrip,60,60,0.0,0.0,5e-15,1e-14,exact_agreement,
profiled_worst_case_by_seed,profiled_worst_case_by_seed_ma_0p4.csv,limiting_truth_model,csv_roundtrip,60,60,,,0.0,0.0,exact_agreement,
profiled_worst_case_by_seed,profiled_worst_case_by_seed_ma_0p4.csv,limiting_truth_lifetime_index,csv_roundtrip,60,60,0.0,0.0,0.0,0.0,exact_agreement,
profiled_worst_case_by_seed,profiled_worst_case_by_seed_ma_0p4.csv,limiting_truth_ctau_m,csv_roundtrip,60,60,0.0,0.0,5e-15,1e-14,exact_agreement,
distance_table,distance_map_ma_0p5.csv,table_structure,csv_roundtrip,400,400,,,0.0,0.0,exact_agreement,
distance_table,distance_map_ma_0p5.csv,mass_GeV,csv_roundtrip,400,400,0.0,0.0,5e-15,1e-14,exact_agreement,
distance_table,distance_map_ma_0p5.csv,photon_lifetime_index,csv_roundtrip,400,400,0.0,0.0,0.0,0.0,exact_agreement,
distance_table,distance_map_ma_0p5.csv,photon_ctau_m,csv_roundtrip,400,400,0.0,0.0,5e-15,1e-14,exact_agreement,
distance_table,distance_map_ma_0p5.csv,photon_N_events,csv_roundtrip,400,400,0.0,0.0,5e-15,1e-14,exact_agreement,
distance_table,distance_map_ma_0p5.csv,su2_lifetime_index,csv_roundtrip,400,400,0.0,0.0,0.0,0.0,exact_agreement,
distance_table,distance_map_ma_0p5.csv,su2_ctau_m,csv_roundtrip,400,400,0.0,0.0,5e-15,1e-14,exact_agreement,
distance_table,distance_map_ma_0p5.csv,su2_N_events,csv_roundtrip,400,400,0.0,0.0,5e-15,1e-14,exact_agreement,
distance_table,distance_map_ma_0p5.csv,D_TV,csv_roundtrip,400,400,0.0,0.0,5e-15,1e-14,exact_agreement,
profiled_worst_case_by_seed,profiled_worst_case_by_seed_ma_0p5.csv,table_structure,csv_roundtrip,60,60,,,0.0,0.0,exact_agreement,
profiled_worst_case_by_seed,profiled_worst_case_by_seed_ma_0p5.csv,mass_GeV,csv_roundtrip,60,60,0.0,0.0,5e-15,1e-14,exact_agreement,
profiled_worst_case_by_seed,profiled_worst_case_by_seed_ma_0p5.csv,seed,csv_roundtrip,60,60,0.0,0.0,0.0,0.0,exact_agreement,
profiled_worst_case_by_seed,profiled_worst_case_by_seed_ma_0p5.csv,number_of_events,csv_roundtrip,60,60,0.0,0.0,0.0,0.0,exact_agreement,
profiled_worst_case_by_seed,profiled_worst_case_by_seed_ma_0p5.csv,photon_truth_worst_accuracy,csv_roundtrip,60,60,0.0,0.0,5e-15,1e-14,exact_agreement,
profiled_worst_case_by_seed,profiled_worst_case_by_seed_ma_0p5.csv,photon_limiting_lifetime_index,csv_roundtrip,60,60,0.0,0.0,0.0,0.0,exact_agreement,
profiled_worst_case_by_seed,profiled_worst_case_by_seed_ma_0p5.csv,photon_limiting_ctau_m,csv_roundtrip,60,60,0.0,0.0,5e-15,1e-14,exact_agreement,
profiled_worst_case_by_seed,profiled_worst_case_by_seed_ma_0p5.csv,su2_truth_worst_accuracy,csv_roundtrip,60,60,0.0,0.0,5e-15,1e-14,exact_agreement,
profiled_worst_case_by_seed,profiled_worst_case_by_seed_ma_0p5.csv,su2_limiting_lifetime_index,csv_roundtrip,60,60,0.0,0.0,0.0,0.0,exact_agreement,
profiled_worst_case_by_seed,profiled_worst_case_by_seed_ma_0p5.csv,su2_limiting_ctau_m,csv_roundtrip,60,60,0.0,0.0,5e-15,1e-14,exact_agreement,
profiled_worst_case_by_seed,profiled_worst_case_by_seed_ma_0p5.csv,worst_case_correct_fraction,csv_roundtrip,60,60,0.0,0.0,5e-15,1e-14,exact_agreement,
profiled_worst_case_by_seed,profiled_worst_case_by_seed_ma_0p5.csv,limiting_truth_model,csv_roundtrip,60,60,,,0.0,0.0,exact_agreement,
profiled_worst_case_by_seed,profiled_worst_case_by_seed_ma_0p5.csv,limiting_truth_lifetime_index,csv_roundtrip,60,60,0.0,0.0,0.0,0.0,exact_agreement,
profiled_worst_case_by_seed,profiled_worst_case_by_seed_ma_0p5.csv,limiting_truth_ctau_m,csv_roundtrip,60,60,0.0,0.0,5e-15,1e-14,exact_agreement,
distance_table,distance_map_ma_0p6.csv,table_structure,csv_roundtrip,400,400,,,0.0,0.0,exact_agreement,
distance_table,distance_map_ma_0p6.csv,mass_GeV,csv_roundtrip,400,400,0.0,0.0,5e-15,1e-14,exact_agreement,
distance_table,distance_map_ma_0p6.csv,photon_lifetime_index,csv_roundtrip,400,400,0.0,0.0,0.0,0.0,exact_agreement,
distance_table,distance_map_ma_0p6.csv,photon_ctau_m,csv_roundtrip,400,400,0.0,0.0,5e-15,1e-14,exact_agreement,
distance_table,distance_map_ma_0p6.csv,photon_N_events,csv_roundtrip,400,400,0.0,0.0,5e-15,1e-14,exact_agreement,
distance_table,distance_map_ma_0p6.csv,su2_lifetime_index,csv_roundtrip,400,400,0.0,0.0,0.0,0.0,exact_agreement,
distance_table,distance_map_ma_0p6.csv,su2_ctau_m,csv_roundtrip,400,400,0.0,0.0,5e-15,1e-14,exact_agreement,
distance_table,distance_map_ma_0p6.csv,su2_N_events,csv_roundtrip,400,400,0.0,0.0,5e-15,1e-14,exact_agreement,
distance_table,distance_map_ma_0p6.csv,D_TV,csv_roundtrip,400,400,0.0,0.0,5e-15,1e-14,exact_agreement,
profiled_worst_case_by_seed,profiled_worst_case_by_seed_ma_0p6.csv,table_structure,csv_roundtrip,60,60,,,0.0,0.0,exact_agreement,
profiled_worst_case_by_seed,profiled_worst_case_by_seed_ma_0p6.csv,mass_GeV,csv_roundtrip,60,60,0.0,0.0,5e-15,1e-14,exact_agreement,
profiled_worst_case_by_seed,profiled_worst_case_by_seed_ma_0p6.csv,seed,csv_roundtrip,60,60,0.0,0.0,0.0,0.0,exact_agreement,
profiled_worst_case_by_seed,profiled_worst_case_by_seed_ma_0p6.csv,number_of_events,csv_roundtrip,60,60,0.0,0.0,0.0,0.0,exact_agreement,
profiled_worst_case_by_seed,profiled_worst_case_by_seed_ma_0p6.csv,photon_truth_worst_accuracy,csv_roundtrip,60,60,0.0,0.0,5e-15,1e-14,exact_agreement,
profiled_worst_case_by_seed,profiled_worst_case_by_seed_ma_0p6.csv,photon_limiting_lifetime_index,csv_roundtrip,60,60,0.0,0.0,0.0,0.0,exact_agreement,
profiled_worst_case_by_seed,profiled_worst_case_by_seed_ma_0p6.csv,photon_limiting_ctau_m,csv_roundtrip,60,60,0.0,0.0,5e-15,1e-14,exact_agreement,
profiled_worst_case_by_seed,profiled_worst_case_by_seed_ma_0p6.csv,su2_truth_worst_accuracy,csv_roundtrip,60,60,0.0,0.0,5e-15,1e-14,exact_agreement,
profiled_worst_case_by_seed,profiled_worst_case_by_seed_ma_0p6.csv,su2_limiting_lifetime_index,csv_roundtrip,60,60,0.0,0.0,0.0,0.0,exact_agreement,
profiled_worst_case_by_seed,profiled_worst_case_by_seed_ma_0p6.csv,su2_limiting_ctau_m,csv_roundtrip,60,60,0.0,0.0,5e-15,1e-14,exact_agreement,
profiled_worst_case_by_seed,profiled_worst_case_by_seed_ma_0p6.csv,worst_case_correct_fraction,csv_roundtrip,60,60,0.0,0.0,5e-15,1e-14,exact_agreement,
profiled_worst_case_by_seed,profiled_worst_case_by_seed_ma_0p6.csv,limiting_truth_model,csv_roundtrip,60,60,,,0.0,0.0,exact_agreement,
profiled_worst_case_by_seed,profiled_worst_case_by_seed_ma_0p6.csv,limiting_truth_lifetime_index,csv_roundtrip,60,60,0.0,0.0,0.0,0.0,exact_agreement,
profiled_worst_case_by_seed,profiled_worst_case_by_seed_ma_0p6.csv,limiting_truth_ctau_m,csv_roundtrip,60,60,0.0,0.0,5e-15,1e-14,exact_agreement,
distance_table,distance_map_ma_0p75.csv,table_structure,csv_roundtrip,400,400,,,0.0,0.0,exact_agreement,
distance_table,distance_map_ma_0p75.csv,mass_GeV,csv_roundtrip,400,400,0.0,0.0,5e-15,1e-14,exact_agreement,
distance_table,distance_map_ma_0p75.csv,photon_lifetime_index,csv_roundtrip,400,400,0.0,0.0,0.0,0.0,exact_agreement,
distance_table,distance_map_ma_0p75.csv,photon_ctau_m,csv_roundtrip,400,400,0.0,0.0,5e-15,1e-14,exact_agreement,
distance_table,distance_map_ma_0p75.csv,photon_N_events,csv_roundtrip,400,400,0.0,0.0,5e-15,1e-14,exact_agreement,
distance_table,distance_map_ma_0p75.csv,su2_lifetime_index,csv_roundtrip,400,400,0.0,0.0,0.0,0.0,exact_agreement,
distance_table,distance_map_ma_0p75.csv,su2_ctau_m,csv_roundtrip,400,400,0.0,0.0,5e-15,1e-14,exact_agreement,
distance_table,distance_map_ma_0p75.csv,su2_N_events,csv_roundtrip,400,400,0.0,0.0,5e-15,1e-14,exact_agreement,
distance_table,distance_map_ma_0p75.csv,D_TV,csv_roundtrip,400,400,0.0,0.0,5e-15,1e-14,exact_agreement,
profiled_worst_case_by_seed,profiled_worst_case_by_seed_ma_0p75.csv,table_structure,csv_roundtrip,60,60,,,0.0,0.0,exact_agreement,
profiled_worst_case_by_seed,profiled_worst_case_by_seed_ma_0p75.csv,mass_GeV,csv_roundtrip,60,60,0.0,0.0,5e-15,1e-14,exact_agreement,
profiled_worst_case_by_seed,profiled_worst_case_by_seed_ma_0p75.csv,seed,csv_roundtrip,60,60,0.0,0.0,0.0,0.0,exact_agreement,
profiled_worst_case_by_seed,profiled_worst_case_by_seed_ma_0p75.csv,number_of_events,csv_roundtrip,60,60,0.0,0.0,0.0,0.0,exact_agreement,
profiled_worst_case_by_seed,profiled_worst_case_by_seed_ma_0p75.csv,photon_truth_worst_accuracy,csv_roundtrip,60,60,0.0,0.0,5e-15,1e-14,exact_agreement,
profiled_worst_case_by_seed,profiled_worst_case_by_seed_ma_0p75.csv,photon_limiting_lifetime_index,csv_roundtrip,60,60,0.0,0.0,0.0,0.0,exact_agreement,
profiled_worst_case_by_seed,profiled_worst_case_by_seed_ma_0p75.csv,photon_limiting_ctau_m,csv_roundtrip,60,60,0.0,0.0,5e-15,1e-14,exact_agreement,
profiled_worst_case_by_seed,profiled_worst_case_by_seed_ma_0p75.csv,su2_truth_worst_accuracy,csv_roundtrip,60,60,0.0,0.0,5e-15,1e-14,exact_agreement,
profiled_worst_case_by_seed,profiled_worst_case_by_seed_ma_0p75.csv,su2_limiting_lifetime_index,csv_roundtrip,60,60,0.0,0.0,0.0,0.0,exact_agreement,
profiled_worst_case_by_seed,profiled_worst_case_by_seed_ma_0p75.csv,su2_limiting_ctau_m,csv_roundtrip,60,60,0.0,0.0,5e-15,1e-14,exact_agreement,
profiled_worst_case_by_seed,profiled_worst_case_by_seed_ma_0p75.csv,worst_case_correct_fraction,csv_roundtrip,60,60,0.0,0.0,5e-15,1e-14,exact_agreement,
profiled_worst_case_by_seed,profiled_worst_case_by_seed_ma_0p75.csv,limiting_truth_model,csv_roundtrip,60,60,,,0.0,0.0,exact_agreement,
profiled_worst_case_by_seed,profiled_worst_case_by_seed_ma_0p75.csv,limiting_truth_lifetime_index,csv_roundtrip,60,60,0.0,0.0,0.0,0.0,exact_agreement,
profiled_worst_case_by_seed,profiled_worst_case_by_seed_ma_0p75.csv,limiting_truth_ctau_m,csv_roundtrip,60,60,0.0,0.0,5e-15,1e-14,exact_agreement,
distance_table,distance_map_ma_0p9.csv,table_structure,csv_roundtrip,400,400,,,0.0,0.0,exact_agreement,
distance_table,distance_map_ma_0p9.csv,mass_GeV,csv_roundtrip,400,400,0.0,0.0,5e-15,1e-14,exact_agreement,
distance_table,distance_map_ma_0p9.csv,photon_lifetime_index,csv_roundtrip,400,400,0.0,0.0,0.0,0.0,exact_agreement,
distance_table,distance_map_ma_0p9.csv,photon_ctau_m,csv_roundtrip,400,400,0.0,0.0,5e-15,1e-14,exact_agreement,
distance_table,distance_map_ma_0p9.csv,photon_N_events,csv_roundtrip,400,400,0.0,0.0,5e-15,1e-14,exact_agreement,
distance_table,distance_map_ma_0p9.csv,su2_lifetime_index,csv_roundtrip,400,400,0.0,0.0,0.0,0.0,exact_agreement,
distance_table,distance_map_ma_0p9.csv,su2_ctau_m,csv_roundtrip,400,400,0.0,0.0,5e-15,1e-14,exact_agreement,
distance_table,distance_map_ma_0p9.csv,su2_N_events,csv_roundtrip,400,400,0.0,0.0,5e-15,1e-14,exact_agreement,
distance_table,distance_map_ma_0p9.csv,D_TV,csv_roundtrip,400,400,0.0,0.0,5e-15,1e-14,exact_agreement,
profiled_worst_case_by_seed,profiled_worst_case_by_seed_ma_0p9.csv,table_structure,csv_roundtrip,60,60,,,0.0,0.0,exact_agreement,
profiled_worst_case_by_seed,profiled_worst_case_by_seed_ma_0p9.csv,mass_GeV,csv_roundtrip,60,60,0.0,0.0,5e-15,1e-14,exact_agreement,
profiled_worst_case_by_seed,profiled_worst_case_by_seed_ma_0p9.csv,seed,csv_roundtrip,60,60,0.0,0.0,0.0,0.0,exact_agreement,
profiled_worst_case_by_seed,profiled_worst_case_by_seed_ma_0p9.csv,number_of_events,csv_roundtrip,60,60,0.0,0.0,0.0,0.0,exact_agreement,
profiled_worst_case_by_seed,profiled_worst_case_by_seed_ma_0p9.csv,photon_truth_worst_accuracy,csv_roundtrip,60,60,0.0,0.0,5e-15,1e-14,exact_agreement,
profiled_worst_case_by_seed,profiled_worst_case_by_seed_ma_0p9.csv,photon_limiting_lifetime_index,csv_roundtrip,60,60,0.0,0.0,0.0,0.0,exact_agreement,
profiled_worst_case_by_seed,profiled_worst_case_by_seed_ma_0p9.csv,photon_limiting_ctau_m,csv_roundtrip,60,60,0.0,0.0,5e-15,1e-14,exact_agreement,
profiled_worst_case_by_seed,profiled_worst_case_by_seed_ma_0p9.csv,su2_truth_worst_accuracy,csv_roundtrip,60,60,0.0,0.0,5e-15,1e-14,exact_agreement,
profiled_worst_case_by_seed,profiled_worst_case_by_seed_ma_0p9.csv,su2_limiting_lifetime_index,csv_roundtrip,60,60,0.0,0.0,0.0,0.0,exact_agreement,
profiled_worst_case_by_seed,profiled_worst_case_by_seed_ma_0p9.csv,su2_limiting_ctau_m,csv_roundtrip,60,60,0.0,0.0,5e-15,1e-14,exact_agreement,
profiled_worst_case_by_seed,profiled_worst_case_by_seed_ma_0p9.csv,worst_case_correct_fraction,csv_roundtrip,60,60,0.0,0.0,5e-15,1e-14,exact_agreement,
profiled_worst_case_by_seed,profiled_worst_case_by_seed_ma_0p9.csv,limiting_truth_model,csv_roundtrip,60,60,,,0.0,0.0,exact_agreement,
profiled_worst_case_by_seed,profiled_worst_case_by_seed_ma_0p9.csv,limiting_truth_lifetime_index,csv_roundtrip,60,60,0.0,0.0,0.0,0.0,exact_agreement,
profiled_worst_case_by_seed,profiled_worst_case_by_seed_ma_0p9.csv,limiting_truth_ctau_m,csv_roundtrip,60,60,0.0,0.0,5e-15,1e-14,exact_agreement,
distance_table,distance_map_ma_1.csv,table_structure,csv_roundtrip,400,400,,,0.0,0.0,exact_agreement,
distance_table,distance_map_ma_1.csv,mass_GeV,csv_roundtrip,400,400,0.0,0.0,5e-15,1e-14,exact_agreement,
distance_table,distance_map_ma_1.csv,photon_lifetime_index,csv_roundtrip,400,400,0.0,0.0,0.0,0.0,exact_agreement,
distance_table,distance_map_ma_1.csv,photon_ctau_m,csv_roundtrip,400,400,0.0,0.0,5e-15,1e-14,exact_agreement,
distance_table,distance_map_ma_1.csv,photon_N_events,csv_roundtrip,400,400,0.0,0.0,5e-15,1e-14,exact_agreement,
distance_table,distance_map_ma_1.csv,su2_lifetime_index,csv_roundtrip,400,400,0.0,0.0,0.0,0.0,exact_agreement,
distance_table,distance_map_ma_1.csv,su2_ctau_m,csv_roundtrip,400,400,0.0,0.0,5e-15,1e-14,exact_agreement,
distance_table,distance_map_ma_1.csv,su2_N_events,csv_roundtrip,400,400,0.0,0.0,5e-15,1e-14,exact_agreement,
distance_table,distance_map_ma_1.csv,D_TV,csv_roundtrip,400,400,0.0,0.0,5e-15,1e-14,exact_agreement,
profiled_worst_case_by_seed,profiled_worst_case_by_seed_ma_1.csv,table_structure,csv_roundtrip,60,60,,,0.0,0.0,exact_agreement,
profiled_worst_case_by_seed,profiled_worst_case_by_seed_ma_1.csv,mass_GeV,csv_roundtrip,60,60,0.0,0.0,5e-15,1e-14,exact_agreement,
profiled_worst_case_by_seed,profiled_worst_case_by_seed_ma_1.csv,seed,csv_roundtrip,60,60,0.0,0.0,0.0,0.0,exact_agreement,
profiled_worst_case_by_seed,profiled_worst_case_by_seed_ma_1.csv,number_of_events,csv_roundtrip,60,60,0.0,0.0,0.0,0.0,exact_agreement,
profiled_worst_case_by_seed,profiled_worst_case_by_seed_ma_1.csv,photon_truth_worst_accuracy,csv_roundtrip,60,60,0.0,0.0,5e-15,1e-14,exact_agreement,
profiled_worst_case_by_seed,profiled_worst_case_by_seed_ma_1.csv,photon_limiting_lifetime_index,csv_roundtrip,60,60,0.0,0.0,0.0,0.0,exact_agreement,
profiled_worst_case_by_seed,profiled_worst_case_by_seed_ma_1.csv,photon_limiting_ctau_m,csv_roundtrip,60,60,0.0,0.0,5e-15,1e-14,exact_agreement,
profiled_worst_case_by_seed,profiled_worst_case_by_seed_ma_1.csv,su2_truth_worst_accuracy,csv_roundtrip,60,60,0.0,0.0,5e-15,1e-14,exact_agreement,
profiled_worst_case_by_seed,profiled_worst_case_by_seed_ma_1.csv,su2_limiting_lifetime_index,csv_roundtrip,60,60,0.0,0.0,0.0,0.0,exact_agreement,
profiled_worst_case_by_seed,profiled_worst_case_by_seed_ma_1.csv,su2_limiting_ctau_m,csv_roundtrip,60,60,0.0,0.0,5e-15,1e-14,exact_agreement,
profiled_worst_case_by_seed,profiled_worst_case_by_seed_ma_1.csv,worst_case_correct_fraction,csv_roundtrip,60,60,0.0,0.0,5e-15,1e-14,exact_agreement,
profiled_worst_case_by_seed,profiled_worst_case_by_seed_ma_1.csv,limiting_truth_model,csv_roundtrip,60,60,,,0.0,0.0,exact_agreement,
profiled_worst_case_by_seed,profiled_worst_case_by_seed_ma_1.csv,limiting_truth_lifetime_index,csv_roundtrip,60,60,0.0,0.0,0.0,0.0,exact_agreement,
profiled_worst_case_by_seed,profiled_worst_case_by_seed_ma_1.csv,limiting_truth_ctau_m,csv_roundtrip,60,60,0.0,0.0,5e-15,1e-14,exact_agreement,
distance_table,distance_map_ma_1p05.csv,table_structure,csv_roundtrip,400,400,,,0.0,0.0,exact_agreement,
distance_table,distance_map_ma_1p05.csv,mass_GeV,csv_roundtrip,400,400,0.0,0.0,5e-15,1e-14,exact_agreement,
distance_table,distance_map_ma_1p05.csv,photon_lifetime_index,csv_roundtrip,400,400,0.0,0.0,0.0,0.0,exact_agreement,
distance_table,distance_map_ma_1p05.csv,photon_ctau_m,csv_roundtrip,400,400,0.0,0.0,5e-15,1e-14,exact_agreement,
distance_table,distance_map_ma_1p05.csv,photon_N_events,csv_roundtrip,400,400,0.0,0.0,5e-15,1e-14,exact_agreement,
distance_table,distance_map_ma_1p05.csv,su2_lifetime_index,csv_roundtrip,400,400,0.0,0.0,0.0,0.0,exact_agreement,
distance_table,distance_map_ma_1p05.csv,su2_ctau_m,csv_roundtrip,400,400,0.0,0.0,5e-15,1e-14,exact_agreement,
distance_table,distance_map_ma_1p05.csv,su2_N_events,csv_roundtrip,400,400,0.0,0.0,5e-15,1e-14,exact_agreement,
distance_table,distance_map_ma_1p05.csv,D_TV,csv_roundtrip,400,400,0.0,0.0,5e-15,1e-14,exact_agreement,
profiled_worst_case_by_seed,profiled_worst_case_by_seed_ma_1p05.csv,table_structure,csv_roundtrip,60,60,,,0.0,0.0,exact_agreement,
profiled_worst_case_by_seed,profiled_worst_case_by_seed_ma_1p05.csv,mass_GeV,csv_roundtrip,60,60,0.0,0.0,5e-15,1e-14,exact_agreement,
profiled_worst_case_by_seed,profiled_worst_case_by_seed_ma_1p05.csv,seed,csv_roundtrip,60,60,0.0,0.0,0.0,0.0,exact_agreement,
profiled_worst_case_by_seed,profiled_worst_case_by_seed_ma_1p05.csv,number_of_events,csv_roundtrip,60,60,0.0,0.0,0.0,0.0,exact_agreement,
profiled_worst_case_by_seed,profiled_worst_case_by_seed_ma_1p05.csv,photon_truth_worst_accuracy,csv_roundtrip,60,60,0.0,0.0,5e-15,1e-14,exact_agreement,
profiled_worst_case_by_seed,profiled_worst_case_by_seed_ma_1p05.csv,photon_limiting_lifetime_index,csv_roundtrip,60,60,0.0,0.0,0.0,0.0,exact_agreement,
profiled_worst_case_by_seed,profiled_worst_case_by_seed_ma_1p05.csv,photon_limiting_ctau_m,csv_roundtrip,60,60,0.0,0.0,5e-15,1e-14,exact_agreement,
profiled_worst_case_by_seed,profiled_worst_case_by_seed_ma_1p05.csv,su2_truth_worst_accuracy,csv_roundtrip,60,60,0.0,0.0,5e-15,1e-14,exact_agreement,
profiled_worst_case_by_seed,profiled_worst_case_by_seed_ma_1p05.csv,su2_limiting_lifetime_index,csv_roundtrip,60,60,0.0,0.0,0.0,0.0,exact_agreement,
profiled_worst_case_by_seed,profiled_worst_case_by_seed_ma_1p05.csv,su2_limiting_ctau_m,csv_roundtrip,60,60,0.0,0.0,5e-15,1e-14,exact_agreement,
profiled_worst_case_by_seed,profiled_worst_case_by_seed_ma_1p05.csv,worst_case_correct_fraction,csv_roundtrip,60,60,0.0,0.0,5e-15,1e-14,exact_agreement,
profiled_worst_case_by_seed,profiled_worst_case_by_seed_ma_1p05.csv,limiting_truth_model,csv_roundtrip,60,60,,,0.0,0.0,exact_agreement,
profiled_worst_case_by_seed,profiled_worst_case_by_seed_ma_1p05.csv,limiting_truth_lifetime_index,csv_roundtrip,60,60,0.0,0.0,0.0,0.0,exact_agreement,
profiled_worst_case_by_seed,profiled_worst_case_by_seed_ma_1p05.csv,limiting_truth_ctau_m,csv_roundtrip,60,60,0.0,0.0,5e-15,1e-14,exact_agreement,
