template_bank_path,mass_GeV,model,lifetime_index,ctau_m,N_events,N_events_before_ECAL,epsilon_ECAL_weighted,template_total_N_eff,number_of_common_energy_bins,passes_N_events_threshold
/Users/MalteFogdeMikkelsen/Library/CloudStorage/OneDrive-Personligt/CERN/SHiP_codes/EventCalc-SHiP/analysis/lifetime_blind_discrimination_final/template_banks/template_bank_ma_0p3.npz,0.3,ALP-photon-combined,0,3.0000000000000004,42039.876177269885,127707.0754663132,0.32918987474863315,512729.38794068445,18,True
/Users/MalteFogdeMikkelsen/Library/CloudStorage/OneDrive-Personligt/CERN/SHiP_codes/EventCalc-SHiP/analysis/lifetime_blind_discrimination_final/template_banks/template_bank_ma_0p3.npz,0.3,ALP-photon-combined,1,3.8038567214123518,29636.020039344123,100017.97720232041,0.2963069326966609,489302.4681402017,18,True
/Users/MalteFogdeMikkelsen/Library/CloudStorage/OneDrive-Personligt/CERN/SHiP_codes/EventCalc-SHiP/analysis/lifetime_blind_discrimination_final/template_banks/template_bank_ma_0p3.npz,0.3,ALP-photon-combined,2,4.823108652344642,20460.943792296115,76370.3874229695,0.26791724492603775,467069.5731749399,18,True
/Users/MalteFogdeMikkelsen/Library/CloudStorage/OneDrive-Personligt/CERN/SHiP_codes/EventCalc-SHiP/analysis/lifetime_blind_discrimination_final/template_banks/template_bank_ma_0p3.npz,0.3,ALP-photon-combined,3,6.115471421774413,13918.923980521042,56857.39759922618,0.2448040988198601,446051.5639313873,18,True
/Users/MalteFogdeMikkelsen/Library/CloudStorage/OneDrive-Personligt/CERN/SHiP_codes/EventCalc-SHiP/analysis/lifetime_blind_discrimination_final/template_banks/template_bank_ma_0p3.npz,0.3,ALP-photon-combined,4,7.7541256907739164,9309.239031653331,41320.07869557635,0.22529577206855517,427802.8957147618,18,True
/Users/MalteFogdeMikkelsen/Library/CloudStorage/OneDrive-Personligt/CERN/SHiP_codes/EventCalc-SHiP/analysis/lifetime_blind_discrimination_final/template_banks/template_bank_ma_0p3.npz,0.3,ALP-photon-combined,5,9.831861042508852,6150.7895405807885,29354.484512355186,0.20953491920431938,411929.5206969998,18,True
/Users/MalteFogdeMikkelsen/Library/CloudStorage/OneDrive-Personligt/CERN/SHiP_codes/EventCalc-SHiP/analysis/lifetime_blind_discrimination_final/template_banks/template_bank_ma_0p3.npz,0.3,ALP-photon-combined,6,12.466330236846515,4037.3795659716616,20424.480834356807,0.19767354669697307,398722.37877814635,18,True
/Users/MalteFogdeMikkelsen/Library/CloudStorage/OneDrive-Personligt/CERN/SHiP_codes/EventCalc-SHiP/analysis/lifetime_blind_discrimination_final/template_banks/template_bank_ma_0p3.npz,0.3,ALP-photon-combined,7,15.806711354258216,2609.6168075034666,13953.454348672716,0.18702299389768665,387151.97010102664,18,True
/Users/MalteFogdeMikkelsen/Library/CloudStorage/OneDrive-Personligt/CERN/SHiP_codes/EventCalc-SHiP/analysis/lifetime_blind_discrimination_final/template_banks/template_bank_ma_0p3.npz,0.3,ALP-photon-combined,8,20.04215507610668,1674.5468999946752,9379.98426920829,0.1785234230607099,378290.35676165466,18,True
/Users/MalteFogdeMikkelsen/Library/CloudStorage/OneDrive-Personligt/CERN/SHiP_codes/EventCalc-SHiP/analysis/lifetime_blind_discrimination_final/template_banks/template_bank_ma_0p3.npz,0.3,ALP-photon-combined,9,25.41249543261236,1070.4981565003814,6218.08872077663,0.17215871380598083,369328.96658828,18,True
/Users/MalteFogdeMikkelsen/Library/CloudStorage/OneDrive-Personligt/CERN/SHiP_codes/EventCalc-SHiP/analysis/lifetime_blind_discrimination_final/template_banks/template_bank_ma_0p3.npz,0.3,ALP-photon-combined,10,32.221830519734404,680.3954117285898,4073.7687646294708,0.16701866282547215,364110.9295932926,18,True
/Users/MalteFogdeMikkelsen/Library/CloudStorage/OneDrive-Personligt/CERN/SHiP_codes/EventCalc-SHiP/analysis/lifetime_blind_discrimination_final/template_banks/template_bank_ma_0p3.npz,0.3,ALP-photon-combined,11,40.85574219956714,429.3595967169982,2642.693456158545,0.16247045063679885,359188.65016010543,18,True
/Users/MalteFogdeMikkelsen/Library/CloudStorage/OneDrive-Personligt/CERN/SHiP_codes/EventCalc-SHiP/analysis/lifetime_blind_discrimination_final/template_banks/template_bank_ma_0p3.npz,0.3,ALP-photon-combined,12,51.80312985803788,271.3612740229137,1700.4259204819432,0.15958429635441168,355435.80512752937,18,True
/Users/MalteFogdeMikkelsen/Library/CloudStorage/OneDrive-Personligt/CERN/SHiP_codes/EventCalc-SHiP/analysis/lifetime_blind_discrimination_final/template_banks/template_bank_ma_0p3.npz,0.3,ALP-photon-combined,13,65.68389456689812,170.71531061633058,1086.8639160042703,0.15707146782823161,351804.599113442,18,True
/Users/MalteFogdeMikkelsen/Library/CloudStorage/OneDrive-Personligt/CERN/SHiP_codes/EventCalc-SHiP/analysis/lifetime_blind_discrimination_final/template_banks/template_bank_ma_0p3.npz,0.3,ALP-photon-combined,14,83.28404127894517,107.03473291638267,690.9062218731302,0.15491933568957966,350020.8576729425,18,True
/Users/MalteFogdeMikkelsen/Library/CloudStorage/OneDrive-Personligt/CERN/SHiP_codes/EventCalc-SHiP/analysis/lifetime_blind_discrimination_final/template_banks/template_bank_ma_0p3.npz,0.3,ALP-photon-combined,15,105.60018673509983,66.95990397541317,437.2701649394569,0.1531316548538916,347544.18834226544,18,True
/Users/MalteFogdeMikkelsen/Library/CloudStorage/OneDrive-Personligt/CERN/SHiP_codes/EventCalc-SHiP/analysis/lifetime_blind_discrimination_final/template_banks/template_bank_ma_0p3.npz,0.3,ALP-photon-combined,16,133.8959933649029,41.914440696037374,275.77154227907397,0.151989724355318,345513.77457994275,18,True
/Users/MalteFogdeMikkelsen/Library/CloudStorage/OneDrive-Personligt/CERN/SHiP_codes/EventCalc-SHiP/analysis/lifetime_blind_discrimination_final/template_banks/template_bank_ma_0p3.npz,0.3,ALP-photon-combined,17,169.77372477708994,26.129180005070623,173.4160817308226,0.15067333862166532,344494.6179824305,18,True
/Users/MalteFogdeMikkelsen/Library/CloudStorage/OneDrive-Personligt/CERN/SHiP_codes/EventCalc-SHiP/analysis/lifetime_blind_discrimination_final/template_banks/template_bank_ma_0p3.npz,0.3,ALP-photon-combined,18,215.26497470418127,16.354842778384054,108.81170121345788,0.15030408123387817,344480.6500635342,18,True
/Users/MalteFogdeMikkelsen/Library/CloudStorage/OneDrive-Personligt/CERN/SHiP_codes/EventCalc-SHiP/analysis/lifetime_blind_discrimination_final/template_banks/template_bank_ma_0p3.npz,0.3,ALP-photon-combined,19,272.9457069710534,10.18690323420639,68.15029615686078,0.14947702077125694,341670.80401811714,18,True
/Users/MalteFogdeMikkelsen/Library/CloudStorage/OneDrive-Personligt/CERN/SHiP_codes/EventCalc-SHiP/analysis/lifetime_blind_discrimination_final/template_banks/template_bank_ma_0p3.npz,0.3,ALP-SU2L,0,3.0000000000000004,305112.9766442093,431371.1211385265,0.7073096962052501,405054.516808364,18,True
/Users/MalteFogdeMikkelsen/Library/CloudStorage/OneDrive-Personligt/CERN/SHiP_codes/EventCalc-SHiP/analysis/lifetime_blind_discrimination_final/template_banks/template_bank_ma_0p3.npz,0.3,ALP-SU2L,1,3.9434983368143994,179992.7829029946,255275.8294853135,0.7050913643720035,402254.4657746934,18,True
/Users/MalteFogdeMikkelsen/Library/CloudStorage/OneDrive-Personligt/CERN/SHiP_codes/EventCalc-SHiP/analysis/lifetime_blind_discrimination_final/template_banks/template_bank_ma_0p3.npz,0.3,ALP-SU2L,2,5.1837263774859785,105838.95494569323,150281.64049539776,0.7042706919940394,400555.1763722299,18,True
/Users/MalteFogdeMikkelsen/Library/CloudStorage/OneDrive-Personligt/CERN/SHiP_codes/EventCalc-SHiP/analysis/lifetime_blind_discrimination_final/template_banks/template_bank_ma_0p3.npz,0.3,ALP-SU2L,3,6.814005449372293,61999.20066140259,88114.39974182578,0.7036216650520183,398848.2638408292,18,True
/Users/MalteFogdeMikkelsen/Library/CloudStorage/OneDrive-Personligt/CERN/SHiP_codes/EventCalc-SHiP/analysis/lifetime_blind_discrimination_final/template_banks/template_bank_ma_0p3.npz,0.3,ALP-SU2L,4,8.957006385547963,36258.69679777422,51506.96903150732,0.7039571048258425,398108.3141508937,18,True
/Users/MalteFogdeMikkelsen/Library/CloudStorage/OneDrive-Personligt/CERN/SHiP_codes/EventCalc-SHiP/analysis/lifetime_blind_discrimination_final/template_banks/template_bank_ma_0p3.npz,0.3,ALP-SU2L,5,11.773979928081449,21096.650825392888,30036.598166869077,0.7023648519779075,396896.10870179563,18,True
/Users/MalteFogdeMikkelsen/Library/CloudStorage/OneDrive-Personligt/CERN/SHiP_codes/EventCalc-SHiP/analysis/lifetime_blind_discrimination_final/template_banks/template_bank_ma_0p3.npz,0.3,ALP-SU2L,6,15.476890088025105,12273.94497708653,17485.705431634702,0.7019416531449063,396126.64358138485,18,True
/Users/MalteFogdeMikkelsen/Library/CloudStorage/OneDrive-Personligt/CERN/SHiP_codes/EventCalc-SHiP/analysis/lifetime_blind_discrimination_final/template_banks/template_bank_ma_0p3.npz,0.3,ALP-SU2L,7,20.34436344039542,7141.630628029952,10165.37791583089,0.7025445278240022,395855.3667631458,18,True
/Users/MalteFogdeMikkelsen/Library/CloudStorage/OneDrive-Personligt/CERN/SHiP_codes/EventCalc-SHiP/analysis/lifetime_blind_discrimination_final/template_banks/template_bank_ma_0p3.npz,0.3,ALP-SU2L,8,26.742654463582337,4145.785207999004,5903.604438015352,0.7022464413948297,395717.72449717915,18,True
/Users/MalteFogdeMikkelsen/Library/CloudStorage/OneDrive-Personligt/CERN/SHiP_codes/EventCalc-SHiP/analysis/lifetime_blind_discrimination_final/template_banks/template_bank_ma_0p3.npz,0.3,ALP-SU2L,9,35.153204466379705,2403.4410028267466,3425.829140056141,0.7015647612791804,395122.93152051204,18,True
/Users/MalteFogdeMikkelsen/Library/CloudStorage/OneDrive-Personligt/CERN/SHiP_codes/EventCalc-SHiP/analysis/lifetime_blind_discrimination_final/template_banks/template_bank_ma_0p3.npz,0.3,ALP-SU2L,10,46.208867782288266,1393.466703253645,1986.8035325954447,0.7013610960482343,395009.15621850267,18,True
/Users/MalteFogdeMikkelsen/Library/CloudStorage/OneDrive-Personligt/CERN/SHiP_codes/EventCalc-SHiP/analysis/lifetime_blind_discrimination_final/template_banks/template_bank_ma_0p3.npz,0.3,ALP-SU2L,11,60.74153108184345,807.3272470339829,1151.693965558735,0.700991123663928,394565.8975886983,18,True
/Users/MalteFogdeMikkelsen/Library/CloudStorage/OneDrive-Personligt/CERN/SHiP_codes/EventCalc-SHiP/analysis/lifetime_blind_discrimination_final/template_banks/template_bank_ma_0p3.npz,0.3,ALP-SU2L,12,79.84470893226988,468.40312374854926,667.3521655356458,0.7018829756438846,394913.14415114606,18,True
/Users/MalteFogdeMikkelsen/Library/CloudStorage/OneDrive-Personligt/CERN/SHiP_codes/EventCalc-SHiP/analysis/lifetime_blind_discrimination_final/template_banks/template_bank_ma_0p3.npz,0.3,ALP-SU2L,13,104.95582562594541,270.9201199086895,386.5885228304831,0.7007971109051431,394512.3249090559,18,True
/Users/MalteFogdeMikkelsen/Library/CloudStorage/OneDrive-Personligt/CERN/SHiP_codes/EventCalc-SHiP/analysis/lifetime_blind_discrimination_final/template_banks/template_bank_ma_0p3.npz,0.3,ALP-SU2L,14,137.9643745982992,156.85316448970985,223.89602779083893,0.7005625157237727,394220.98651911074,18,True
/Users/MalteFogdeMikkelsen/Library/CloudStorage/OneDrive-Personligt/CERN/SHiP_codes/EventCalc-SHiP/analysis/lifetime_blind_discrimination_final/template_banks/template_bank_ma_0p3.npz,0.3,ALP-SU2L,15,181.35409392267732,90.8478056532811,129.64955436030988,0.7007182253847584,394363.70617828943,18,True
/Users/MalteFogdeMikkelsen/Library/CloudStorage/OneDrive-Personligt/CERN/SHiP_codes/EventCalc-SHiP/analysis/lifetime_blind_discrimination_final/template_banks/template_bank_ma_0p3.npz,0.3,ALP-SU2L,16,238.38985591952,52.632030247578356,75.06524155699128,0.7011504813132305,394394.437405685,18,True
/Users/MalteFogdeMikkelsen/Library/CloudStorage/OneDrive-Personligt/CERN/SHiP_codes/EventCalc-SHiP/analysis/lifetime_blind_discrimination_final/template_banks/template_bank_ma_0p3.npz,0.3,ALP-SU2L,17,313.36333344401726,30.466740767608414,43.457064698660126,0.7010768209696355,394376.7289851919,18,True
/Users/MalteFogdeMikkelsen/Library/CloudStorage/OneDrive-Personligt/CERN/SHiP_codes/EventCalc-SHiP/analysis/lifetime_blind_discrimination_final/template_banks/template_bank_ma_0p3.npz,0.3,ALP-SU2L,18,411.9159280850325,17.640263823726364,25.156398852922216,0.7012237294718054,394510.5280191431,18,True
/Users/MalteFogdeMikkelsen/Library/CloudStorage/OneDrive-Personligt/CERN/SHiP_codes/EventCalc-SHiP/analysis/lifetime_blind_discrimination_final/template_banks/template_bank_ma_0p3.npz,0.3,ALP-SU2L,19,541.4632591035622,10.210375625826991,14.561684922812969,0.7011809196496879,394464.2087323634,18,True
/Users/MalteFogdeMikkelsen/Library/CloudStorage/OneDrive-Personligt/CERN/SHiP_codes/EventCalc-SHiP/analysis/lifetime_blind_discrimination_final/template_banks/template_bank_ma_0p4.npz,0.4,ALP-photon-combined,0,4.0,7582.764232594722,24267.908698215117,0.31246055549699786,584950.0644773454,18,True
/Users/MalteFogdeMikkelsen/Library/CloudStorage/OneDrive-Personligt/CERN/SHiP_codes/EventCalc-SHiP/analysis/lifetime_blind_discrimination_final/template_banks/template_bank_ma_0p4.npz,0.4,ALP-photon-combined,1,4.827709658906259,5648.169521306418,19372.800726384743,0.29155152118061617,567673.9337798767,18,True
/Users/MalteFogdeMikkelsen/Library/CloudStorage/OneDrive-Personligt/CERN/SHiP_codes/EventCalc-SHiP/analysis/lifetime_blind_discrimination_final/template_banks/template_bank_ma_0p4.npz,0.4,ALP-photon-combined,2,5.8266951376741964,4157.187735641528,15227.294442937022,0.2730089544941967,550577.5666084639,18,True
/Users/MalteFogdeMikkelsen/Library/CloudStorage/OneDrive-Personligt/CERN/SHiP_codes/EventCalc-SHiP/analysis/lifetime_blind_discrimination_final/template_banks/template_bank_ma_0p4.npz,0.4,ALP-photon-combined,3,7.032398098912962,3034.5169850249613,11792.61037276897,0.25732360258693426,534716.1839415303,18,True
/Users/MalteFogdeMikkelsen/Library/CloudStorage/OneDrive-Personligt/CERN/SHiP_codes/EventCalc-SHiP/analysis/lifetime_blind_discrimination_final/template_banks/template_bank_ma_0p4.npz,0.4,ALP-photon-combined,4,8.48759405684903,2194.8309417857754,9005.09423202935,0.24373214596458004,520341.935324415,18,True
/Users/MalteFogdeMikkelsen/Library/CloudStorage/OneDrive-Personligt/CERN/SHiP_codes/EventCalc-SHiP/analysis/lifetime_blind_discrimination_final/template_banks/template_bank_ma_0p4.npz,0.4,ALP-photon-combined,5,10.243909952281355,1577.3677518073082,6786.851105932592,0.23241525814946543,507334.4865586689,18,True
/Users/MalteFogdeMikkelsen/Library/CloudStorage/OneDrive-Personligt/CERN/SHiP_codes/EventCalc-SHiP/analysis/lifetime_blind_discrimination_final/template_banks/template_bank_ma_0p4.npz,0.4,ALP-photon-combined,6,12.363655755398659,1124.5588983900093,5053.207393538504,0.22254358683713907,495713.37167597946,18,True
/Users/MalteFogdeMikkelsen/Library/CloudStorage/OneDrive-Personligt/CERN/SHiP_codes/EventCalc-SHiP/analysis/lifetime_blind_discrimination_final/template_banks/template_bank_ma_0p4.npz,0.4,ALP-photon-combined,7,14.922035077432518,797.1350048314043,3721.370596800277,0.2142046818762958,486091.51062798494,18,True
/Users/MalteFogdeMikkelsen/Library/CloudStorage/OneDrive-Personligt/CERN/SHiP_codes/EventCalc-SHiP/analysis/lifetime_blind_discrimination_final/template_banks/template_bank_ma_0p4.npz,0.4,ALP-photon-combined,8,18.009813218464746,562.8084504025721,2713.539624437021,0.20740749290489474,477096.7898224549,18,True
/Users/MalteFogdeMikkelsen/Library/CloudStorage/OneDrive-Personligt/CERN/SHiP_codes/EventCalc-SHiP/analysis/lifetime_blind_discrimination_final/template_banks/template_bank_ma_0p4.npz,0.4,ALP-photon-combined,9,21.736537307469963,395.26642763305347,1961.6589011953627,0.20149600289438324,468974.26212953374,18,True
/Users/MalteFogdeMikkelsen/Library/CloudStorage/OneDrive-Personligt/CERN/SHiP_codes/EventCalc-SHiP/analysis/lifetime_blind_discrimination_final/template_banks/template_bank_ma_0p4.npz,0.4,ALP-photon-combined,10,26.234422777612238,276.59587261116286,1407.224442177112,0.1965541986914627,462479.1602994088,18,True
/Users/MalteFogdeMikkelsen/Library/CloudStorage/OneDrive-Personligt/CERN/SHiP_codes/EventCalc-SHiP/analysis/lifetime_blind_discrimination_final/template_banks/template_bank_ma_0p4.npz,0.4,ALP-photon-combined,11,31.66304405982725,193.07592278191453,1002.7374209092499,0.19254883557336427,457280.11551203934,18,True
/Users/MalteFogdeMikkelsen/Library/CloudStorage/OneDrive-Personligt/CERN/SHiP_codes/EventCalc-SHiP/analysis/lifetime_blind_discrimination_final/template_banks/template_bank_ma_0p4.npz,0.4,ALP-photon-combined,12,38.21499590950062,134.37152055216814,710.3584363932276,0.1891601671325617,452265.35388981807,18,True
/Users/MalteFogdeMikkelsen/Library/CloudStorage/OneDrive-Personligt/CERN/SHiP_codes/EventCalc-SHiP/analysis/lifetime_blind_discrimination_final/template_banks/template_bank_ma_0p4.npz,0.4,ALP-photon-combined,13,46.12272621683984,93.11665672475837,500.74993422503786,0.18595440630235127,448689.7665286383,18,True
/Users/MalteFogdeMikkelsen/Library/CloudStorage/OneDrive-Personligt/CERN/SHiP_codes/EventCalc-SHiP/analysis/lifetime_blind_discrimination_final/template_banks/template_bank_ma_0p4.npz,0.4,ALP-photon-combined,14,55.666782713031616,64.5852229629781,351.49914169563834,0.183742192516937,445623.9151144077,18,True
/Users/MalteFogdeMikkelsen/Library/CloudStorage/OneDrive-Personligt/CERN/SHiP_codes/EventCalc-SHiP/analysis/lifetime_blind_discrimination_final/template_banks/template_bank_ma_0p4.npz,0.4,ALP-photon-combined,15,67.18576614598469,44.78292427095602,245.83586247988455,0.18216595340974864,443253.1293478079,18,True
/Users/MalteFogdeMikkelsen/Library/CloudStorage/OneDrive-Personligt/CERN/SHiP_codes/EventCalc-SHiP/analysis/lifetime_blind_discrimination_final/template_banks/template_bank_ma_0p4.npz,0.4,ALP-photon-combined,16,81.08834304099686,30.95128671991163,171.42874811040008,0.18054898645108816,440788.2301807341,18,True
/Users/MalteFogdeMikkelsen/Library/CloudStorage/OneDrive-Personligt/CERN/SHiP_codes/EventCalc-SHiP/analysis/lifetime_blind_discrimination_final/template_banks/template_bank_ma_0p4.npz,0.4,ALP-photon-combined,17,97.8677442309312,21.325241952200848,119.22825001163086,0.17886064712113567,438516.63472997036,18,True
/Users/MalteFogdeMikkelsen/Library/CloudStorage/OneDrive-Personligt/CERN/SHiP_codes/EventCalc-SHiP/analysis/lifetime_blind_discrimination_final/template_banks/template_bank_ma_0p4.npz,0.4,ALP-photon-combined,18,118.11926352975836,14.703442851302723,82.74472731988163,0.17769643248035488,436531.44702200167,18,True
/Users/MalteFogdeMikkelsen/Library/CloudStorage/OneDrive-Personligt/CERN/SHiP_codes/EventCalc-SHiP/analysis/lifetime_blind_discrimination_final/template_banks/template_bank_ma_0p4.npz,0.4,ALP-photon-combined,19,142.56137736137705,10.127960389608141,57.321957027935525,0.17668553054935543,435760.38792293903,18,True
/Users/MalteFogdeMikkelsen/Library/CloudStorage/OneDrive-Personligt/CERN/SHiP_codes/EventCalc-SHiP/analysis/lifetime_blind_discrimination_final/template_banks/template_bank_ma_0p4.npz,0.4,ALP-SU2L,0,4.0,92383.67598159559,136779.42569834623,0.6754208501016727,389805.5468668214,18,True
/Users/MalteFogdeMikkelsen/Library/CloudStorage/OneDrive-Personligt/CERN/SHiP_codes/EventCalc-SHiP/analysis/lifetime_blind_discrimination_final/template_banks/template_bank_ma_0p4.npz,0.4,ALP-SU2L,1,5.095683551653521,58037.14612058649,85992.96028078318,0.6749057821836147,387930.65187553765,18,True
/Users/MalteFogdeMikkelsen/Library/CloudStorage/OneDrive-Personligt/CERN/SHiP_codes/EventCalc-SHiP/analysis/lifetime_blind_discrimination_final/template_banks/template_bank_ma_0p4.npz,0.4,ALP-SU2L,2,6.491497714648063,36278.59240626878,53836.05597280536,0.6738716600003996,386165.211979841,18,True
/Users/MalteFogdeMikkelsen/Library/CloudStorage/OneDrive-Personligt/CERN/SHiP_codes/EventCalc-SHiP/analysis/lifetime_blind_discrimination_final/template_banks/template_bank_ma_0p4.npz,0.4,ALP-SU2L,3,8.269654532532142,22627.898699921483,33594.727686349215,0.6735550563523703,385086.22515856335,18,True
/Users/MalteFogdeMikkelsen/Library/CloudStorage/OneDrive-Personligt/CERN/SHiP_codes/EventCalc-SHiP/analysis/lifetime_blind_discrimination_final/template_banks/template_bank_ma_0p4.npz,0.4,ALP-SU2L,4,10.534885644820253,14058.326548255704,20908.189747900185,0.6723837270353635,383857.3180718488,18,True
/Users/MalteFogdeMikkelsen/Library/CloudStorage/OneDrive-Personligt/CERN/SHiP_codes/EventCalc-SHiP/analysis/lifetime_blind_discrimination_final/template_banks/template_bank_ma_0p4.npz,0.4,ALP-SU2L,5,13.420610874715353,8729.21013367378,12986.600619589424,0.6721705232473497,383127.33626096265,18,True
/Users/MalteFogdeMikkelsen/Library/CloudStorage/OneDrive-Personligt/CERN/SHiP_codes/EventCalc-SHiP/analysis/lifetime_blind_discrimination_final/template_banks/template_bank_ma_0p4.npz,0.4,ALP-SU2L,6,17.096796521857346,5415.905086793296,8053.885270583972,0.672458683583979,382780.1048617253,18,True
/Users/MalteFogdeMikkelsen/Library/CloudStorage/OneDrive-Personligt/CERN/SHiP_codes/EventCalc-SHiP/analysis/lifetime_blind_discrimination_final/template_banks/template_bank_ma_0p4.npz,0.4,ALP-SU2L,7,21.779966205598896,3349.491902041357,4988.774797708174,0.6714057133988293,382273.6109407679,18,True
/Users/MalteFogdeMikkelsen/Library/CloudStorage/OneDrive-Personligt/CERN/SHiP_codes/EventCalc-SHiP/analysis/lifetime_blind_discrimination_final/template_banks/template_bank_ma_0p4.npz,0.4,ALP-SU2L,8,27.745953887359985,2073.473391193686,3087.274961630959,0.6716192813931618,381819.48984803096,18,True
/Users/MalteFogdeMikkelsen/Library/CloudStorage/OneDrive-Personligt/CERN/SHiP_codes/EventCalc-SHiP/analysis/lifetime_blind_discrimination_final/template_banks/template_bank_ma_0p4.npz,0.4,ALP-SU2L,9,35.34615021218933,1278.915510333941,1909.080652224096,0.6699117236581875,381274.5749851539,18,True
/Users/MalteFogdeMikkelsen/Library/CloudStorage/OneDrive-Personligt/CERN/SHiP_codes/EventCalc-SHiP/analysis/lifetime_blind_discrimination_final/template_banks/template_bank_ma_0p4.npz,0.4,ALP-SU2L,10,45.028199062631984,790.659682755792,1179.8216620098701,0.6701518612642472,381450.2348669903,18,True
/Users/MalteFogdeMikkelsen/Library/CloudStorage/OneDrive-Personligt/CERN/SHiP_codes/EventCalc-SHiP/analysis/lifetime_blind_discrimination_final/template_banks/template_bank_ma_0p4.npz,0.4,ALP-SU2L,11,57.36236333100857,487.89581076918586,728.7704606467945,0.6694780278774899,381028.94686857,18,True
/Users/MalteFogdeMikkelsen/Library/CloudStorage/OneDrive-Personligt/CERN/SHiP_codes/EventCalc-SHiP/analysis/lifetime_blind_discrimination_final/template_banks/template_bank_ma_0p4.npz,0.4,ALP-SU2L,12,73.07511282744834,300.8949380712456,449.98194239031903,0.6686822508318482,380752.6641241784,18,True
/Users/MalteFogdeMikkelsen/Library/CloudStorage/OneDrive-Personligt/CERN/SHiP_codes/EventCalc-SHiP/analysis/lifetime_blind_discrimination_final/template_banks/template_bank_ma_0p4.npz,0.4,ALP-SU2L,13,93.09191261751351,185.66427257494215,277.74560513540837,0.6684688043377892,380644.0260101706,18,True
/Users/MalteFogdeMikkelsen/Library/CloudStorage/OneDrive-Personligt/CERN/SHiP_codes/EventCalc-SHiP/analysis/lifetime_blind_discrimination_final/template_banks/template_bank_ma_0p4.npz,0.4,ALP-SU2L,14,118.5917319792576,114.44934168406019,171.3828340667399,0.6677993295378191,380471.3427851794,18,True
/Users/MalteFogdeMikkelsen/Library/CloudStorage/OneDrive-Personligt/CERN/SHiP_codes/EventCalc-SHiP/analysis/lifetime_blind_discrimination_final/template_banks/template_bank_ma_0p4.npz,0.4,ALP-SU2L,15,151.07648450220142,70.56248854719546,105.74810614157747,0.6672695249286558,380422.4692252456,18,True
/Users/MalteFogdeMikkelsen/Library/CloudStorage/OneDrive-Personligt/CERN/SHiP_codes/EventCalc-SHiP/analysis/lifetime_blind_discrimination_final/template_banks/template_bank_ma_0p4.npz,0.4,ALP-SU2L,16,192.45948927987664,43.512831260563814,65.22830581742235,0.6670851053890414,380397.1641420154,18,True
/Users/MalteFogdeMikkelsen/Library/CloudStorage/OneDrive-Personligt/CERN/SHiP_codes/EventCalc-SHiP/analysis/lifetime_blind_discrimination_final/template_banks/template_bank_ma_0p4.npz,0.4,ALP-SU2L,17,245.17816347077607,26.848559313532153,40.228302122175386,0.6674047349050856,380650.6046999357,18,True
/Users/MalteFogdeMikkelsen/Library/CloudStorage/OneDrive-Personligt/CERN/SHiP_codes/EventCalc-SHiP/analysis/lifetime_blind_discrimination_final/template_banks/template_bank_ma_0p4.npz,0.4,ALP-SU2L,18,312.33758370566323,16.530944855505258,24.806658639858373,0.6663914352795576,380312.0595628368,18,True
/Users/MalteFogdeMikkelsen/Library/CloudStorage/OneDrive-Personligt/CERN/SHiP_codes/EventCalc-SHiP/analysis/lifetime_blind_discrimination_final/template_banks/template_bank_ma_0p4.npz,0.4,ALP-SU2L,19,397.89337196303796,10.185993754971243,15.29518819727491,0.6659606683875943,380114.17558978597,18,True
/Users/MalteFogdeMikkelsen/Library/CloudStorage/OneDrive-Personligt/CERN/SHiP_codes/EventCalc-SHiP/analysis/lifetime_blind_discrimination_final/template_banks/template_bank_ma_0p5.npz,0.5,ALP-photon-combined,0,4.999999999999999,1913.3341495182856,6159.936083930912,0.31060941598233394,638324.2761804141,19,True
/Users/MalteFogdeMikkelsen/Library/CloudStorage/OneDrive-Personligt/CERN/SHiP_codes/EventCalc-SHiP/analysis/lifetime_blind_discrimination_final/template_banks/template_bank_ma_0p5.npz,0.5,ALP-photon-combined,1,5.802590372463091,1503.3186271806844,5049.631551004307,0.29770857774399273,627598.4946681212,19,True
/Users/MalteFogdeMikkelsen/Library/CloudStorage/OneDrive-Personligt/CERN/SHiP_codes/EventCalc-SHiP/analysis/lifetime_blind_discrimination_final/template_banks/template_bank_ma_0p5.npz,0.5,ALP-photon-combined,2,6.734011006120271,1167.5058939350774,4101.650888094669,0.2846429220302112,615182.1024725169,19,True
/Users/MalteFogdeMikkelsen/Library/CloudStorage/OneDrive-Personligt/CERN/SHiP_codes/EventCalc-SHiP/analysis/lifetime_blind_discrimination_final/template_banks/template_bank_ma_0p5.npz,0.5,ALP-photon-combined,3,7.814941486434795,906.9820380276284,3303.1883150881117,0.2745777568553293,604655.0066135485,19,True
/Users/MalteFogdeMikkelsen/Library/CloudStorage/OneDrive-Personligt/CERN/SHiP_codes/EventCalc-SHiP/analysis/lifetime_blind_discrimination_final/template_banks/template_bank_ma_0p5.npz,0.5,ALP-photon-combined,4,9.069380846109791,698.7763378916254,2638.702315409002,0.2648181774090399,594153.7605672682,19,True
/Users/MalteFogdeMikkelsen/Library/CloudStorage/OneDrive-Personligt/CERN/SHiP_codes/EventCalc-SHiP/analysis/lifetime_blind_discrimination_final/template_banks/template_bank_ma_0p5.npz,0.5,ALP-photon-combined,5,10.525180396367567,537.039849382527,2091.7268704184294,0.2567447294278423,585018.5550186484,19,True
/Users/MalteFogdeMikkelsen/Library/CloudStorage/OneDrive-Personligt/CERN/SHiP_codes/EventCalc-SHiP/analysis/lifetime_blind_discrimination_final/template_banks/template_bank_ma_0p5.npz,0.5,ALP-photon-combined,6,12.214662087279939,410.31008433955253,1646.466586564406,0.24920644469058112,576003.5270591583,19,True
/Users/MalteFogdeMikkelsen/Library/CloudStorage/OneDrive-Personligt/CERN/SHiP_codes/EventCalc-SHiP/analysis/lifetime_blind_discrimination_final/template_banks/template_bank_ma_0p5.npz,0.5,ALP-photon-combined,7,14.175336126108105,312.42624384893753,1287.6767960636375,0.24262784326316097,567552.5210545097,19,True
/Users/MalteFogdeMikkelsen/Library/CloudStorage/OneDrive-Personligt/CERN/SHiP_codes/EventCalc-SHiP/analysis/lifetime_blind_discrimination_final/template_banks/template_bank_ma_0p5.npz,0.5,ALP-photon-combined,8,16.450733786356633,237.6216322969307,1001.1444092128735,0.23735000676251608,561464.9360234262,19,True
/Users/MalteFogdeMikkelsen/Library/CloudStorage/OneDrive-Personligt/CERN/SHiP_codes/EventCalc-SHiP/analysis/lifetime_blind_discrimination_final/template_banks/template_bank_ma_0p5.npz,0.5,ALP-photon-combined,9,19.091373897733256,179.91887042419876,774.1704567768195,0.2324021394116133,554381.5901845553,19,True
/Users/MalteFogdeMikkelsen/Library/CloudStorage/OneDrive-Personligt/CERN/SHiP_codes/EventCalc-SHiP/analysis/lifetime_blind_discrimination_final/template_banks/template_bank_ma_0p5.npz,0.5,ALP-photon-combined,10,22.155884475216027,136.05773588807972,595.772340912033,0.2283720249244819,548847.1145492067,19,True
/Users/MalteFogdeMikkelsen/Library/CloudStorage/OneDrive-Personligt/CERN/SHiP_codes/EventCalc-SHiP/analysis/lifetime_blind_discrimination_final/template_banks/template_bank_ma_0p5.npz,0.5,ALP-photon-combined,11,25.71230438985861,102.35423232740321,456.4948044277204,0.22421773771493073,543652.1965594551,19,True
/Users/MalteFogdeMikkelsen/Library/CloudStorage/OneDrive-Personligt/CERN/SHiP_codes/EventCalc-SHiP/analysis/lifetime_blind_discrimination_final/template_banks/template_bank_ma_0p5.npz,0.5,ALP-photon-combined,12,29.839593981286804,77.11490108175087,348.42903858607497,0.22132168258616775,539486.4821909589,19,True
/Users/MalteFogdeMikkelsen/Library/CloudStorage/OneDrive-Personligt/CERN/SHiP_codes/EventCalc-SHiP/analysis/lifetime_blind_discrimination_final/template_banks/template_bank_ma_0p5.npz,0.5,ALP-photon-combined,13,34.62938815080447,57.90591145210462,265.00843188207136,0.21850592089036897,534995.2389848013,19,True
/Users/MalteFogdeMikkelsen/Library/CloudStorage/OneDrive-Personligt/CERN/SHiP_codes/EventCalc-SHiP/analysis/lifetime_blind_discrimination_final/template_banks/template_bank_ma_0p5.npz,0.5,ALP-photon-combined,14,40.188030857629116,43.37182075372843,200.94486793443923,0.21583940510428476,532222.2665983469,19,True
/Users/MalteFogdeMikkelsen/Library/CloudStorage/OneDrive-Personligt/CERN/SHiP_codes/EventCalc-SHiP/analysis/lifetime_blind_discrimination_final/template_banks/template_bank_ma_0p5.npz,0.5,ALP-photon-combined,15,46.63893618854568,32.519579168614946,151.96184923758184,0.21399831162736663,529147.2610705663,19,True
/Users/MalteFogdeMikkelsen/Library/CloudStorage/OneDrive-Personligt/CERN/SHiP_codes/EventCalc-SHiP/analysis/lifetime_blind_discrimination_final/template_banks/template_bank_ma_0p5.npz,0.5,ALP-photon-combined,16,54.125328421915114,24.294534016231733,114.6442366364634,0.2119123885247685,525690.4832482963,19,True
/Users/MalteFogdeMikkelsen/Library/CloudStorage/OneDrive-Personligt/CERN/SHiP_codes/EventCalc-SHiP/analysis/lifetime_blind_discrimination_final/template_banks/template_bank_ma_0p5.npz,0.5,ALP-photon-combined,17,62.813421921481506,18.15902253901274,86.31294220133735,0.2103858595928083,524059.2686174522,19,True
/Users/MalteFogdeMikkelsen/Library/CloudStorage/OneDrive-Personligt/CERN/SHiP_codes/EventCalc-SHiP/analysis/lifetime_blind_discrimination_final/template_banks/template_bank_ma_0p5.npz,0.5,ALP-photon-combined,18,72.89611146061016,13.564329989158583,64.86135751712956,0.209128061890723,521544.59531810076,19,True
/Users/MalteFogdeMikkelsen/Library/CloudStorage/OneDrive-Personligt/CERN/SHiP_codes/EventCalc-SHiP/analysis/lifetime_blind_discrimination_final/template_banks/template_bank_ma_0p5.npz,0.5,ALP-photon-combined,19,84.59725491026656,10.092721276778686,48.66199849902388,0.20740457827643757,520675.4850839424,19,True
/Users/MalteFogdeMikkelsen/Library/CloudStorage/OneDrive-Personligt/CERN/SHiP_codes/EventCalc-SHiP/analysis/lifetime_blind_discrimination_final/template_banks/template_bank_ma_0p5.npz,0.5,ALP-SU2L,0,4.999999999999999,36510.957950372496,56505.6385950592,0.6461471608528105,376834.0777620894,19,True
/Users/MalteFogdeMikkelsen/Library/CloudStorage/OneDrive-Personligt/CERN/SHiP_codes/EventCalc-SHiP/analysis/lifetime_blind_discrimination_final/template_banks/template_bank_ma_0p5.npz,0.5,ALP-SU2L,1,6.215947142787869,24052.652130501552,37238.93276104869,0.645900683696828,375357.4049791775,19,True
/Users/MalteFogdeMikkelsen/Library/CloudStorage/OneDrive-Personligt/CERN/SHiP_codes/EventCalc-SHiP/analysis/lifetime_blind_discrimination_final/template_banks/template_bank_ma_0p5.npz,0.5,ALP-SU2L,2,7.727599776386536,15768.85618776055,24458.004967163655,0.6447319071580527,373743.79154710984,19,True
/Users/MalteFogdeMikkelsen/Library/CloudStorage/OneDrive-Personligt/CERN/SHiP_codes/EventCalc-SHiP/analysis/lifetime_blind_discrimination_final/template_banks/template_bank_ma_0p5.npz,0.5,ALP-SU2L,3,9.606870350127615,10318.868968766456,16018.846381415697,0.6441705428137394,372671.9936661532,19,True
/Users/MalteFogdeMikkelsen/Library/CloudStorage/OneDrive-Personligt/CERN/SHiP_codes/EventCalc-SHiP/analysis/lifetime_blind_discrimination_final/template_banks/template_bank_ma_0p5.npz,0.5,ALP-SU2L,4,11.943159660801848,6729.798885371036,10468.425626535818,0.642866379860602,371444.76874696166,19,True
/Users/MalteFogdeMikkelsen/Library/CloudStorage/OneDrive-Personligt/CERN/SHiP_codes/EventCalc-SHiP/analysis/lifetime_blind_discrimination_final/template_banks/template_bank_ma_0p5.npz,0.5,ALP-SU2L,5,14.84760983388412,4388.281065468484,6829.294118071057,0.6425672975273702,370972.4215471138,19,True
/Users/MalteFogdeMikkelsen/Library/CloudStorage/OneDrive-Personligt/CERN/SHiP_codes/EventCalc-SHiP/analysis/lifetime_blind_discrimination_final/template_banks/template_bank_ma_0p5.npz,0.5,ALP-SU2L,6,18.458391584832217,2853.258516020479,4448.980201272612,0.6413286611624651,369950.38684891333,19,True
/Users/MalteFogdeMikkelsen/Library/CloudStorage/OneDrive-Personligt/CERN/SHiP_codes/EventCalc-SHiP/analysis/lifetime_blind_discrimination_final/template_banks/template_bank_ma_0p5.npz,0.5,ALP-SU2L,7,22.947277286439505,1855.0523941693014,2894.997892189286,0.6407784956162624,369531.78315083875,19,True
/Users/MalteFogdeMikkelsen/Library/CloudStorage/OneDrive-Personligt/CERN/SHiP_codes/EventCalc-SHiP/analysis/lifetime_blind_discrimination_final/template_banks/template_bank_ma_0p5.npz,0.5,ALP-SU2L,8,28.527812536680912,1205.1361856911972,1882.2325117653984,0.6402695618942775,369304.3780512874,19,True
/Users/MalteFogdeMikkelsen/Library/CloudStorage/OneDrive-Personligt/CERN/SHiP_codes/EventCalc-SHiP/analysis/lifetime_blind_discrimination_final/template_banks/template_bank_ma_0p5.npz,0.5,ALP-SU2L,9,35.46547496547396,781.5073346618341,1222.7633327771237,0.6391321310616055,368781.97690705094,19,True
/Users/MalteFogdeMikkelsen/Library/CloudStorage/OneDrive-Personligt/CERN/SHiP_codes/EventCalc-SHiP/analysis/lifetime_blind_discrimination_final/template_banks/template_bank_ma_0p5.npz,0.5,ALP-SU2L,10,44.09030355585049,506.6846583499607,793.8455623383092,0.638266033581516,368577.04848829523,19,True
/Users/MalteFogdeMikkelsen/Library/CloudStorage/OneDrive-Personligt/CERN/SHiP_codes/EventCalc-SHiP/analysis/lifetime_blind_discrimination_final/template_banks/template_bank_ma_0p5.npz,0.5,ALP-SU2L,11,54.81259928252777,328.705335028456,515.1008977642078,0.638137763795791,368361.99385474465,19,True
/Users/MalteFogdeMikkelsen/Library/CloudStorage/OneDrive-Personligt/CERN/SHiP_codes/EventCalc-SHiP/analysis/lifetime_blind_discrimination_final/template_banks/template_bank_ma_0p5.npz,0.5,ALP-SU2L,12,68.14244397980099,212.96619788122558,334.0865435819939,0.6374581735554335,368274.0879597498,19,True
/Users/MalteFogdeMikkelsen/Library/CloudStorage/OneDrive-Personligt/CERN/SHiP_codes/EventCalc-SHiP/analysis/lifetime_blind_discrimination_final/template_banks/template_bank_ma_0p5.npz,0.5,ALP-SU2L,13,84.71396599176529,138.1241155052318,216.60694975892073,0.6376716705487114,368243.0264341617,19,True
/Users/MalteFogdeMikkelsen/Library/CloudStorage/OneDrive-Personligt/CERN/SHiP_codes/EventCalc-SHiP/analysis/lifetime_blind_discrimination_final/template_banks/template_bank_ma_0p5.npz,0.5,ALP-SU2L,14,105.31550697214851,89.45567004254454,140.38956897331406,0.6371959875419855,368046.9077613051,19,True
/Users/MalteFogdeMikkelsen/Library/CloudStorage/OneDrive-Personligt/CERN/SHiP_codes/EventCalc-SHiP/analysis/lifetime_blind_discrimination_final/template_banks/template_bank_ma_0p5.npz,0.5,ALP-SU2L,15,130.92712493095644,57.892443952966815,90.9672804599738,0.6364095272523825,368066.2997514526,19,True
/Users/MalteFogdeMikkelsen/Library/CloudStorage/OneDrive-Personligt/CERN/SHiP_codes/EventCalc-SHiP/analysis/lifetime_blind_discrimination_final/template_banks/template_bank_ma_0p5.npz,0.5,ALP-SU2L,16,162.76721762560175,37.49255726730605,58.930064386394555,0.6362212167540431,367720.53776289936,19,True
/Users/MalteFogdeMikkelsen/Library/CloudStorage/OneDrive-Personligt/CERN/SHiP_codes/EventCalc-SHiP/analysis/lifetime_blind_discrimination_final/template_banks/template_bank_ma_0p5.npz,0.5,ALP-SU2L,17,202.35048426787822,24.261031274661335,38.16810775672526,0.6356362078333976,367927.8769563107,19,True
/Users/MalteFogdeMikkelsen/Library/CloudStorage/OneDrive-Personligt/CERN/SHiP_codes/EventCalc-SHiP/analysis/lifetime_blind_discrimination_final/template_banks/template_bank_ma_0p5.npz,0.5,ALP-SU2L,18,251.55998290533202,15.72395843508309,24.71666105555063,0.6361683885919516,368009.378766691,19,True
/Users/MalteFogdeMikkelsen/Library/CloudStorage/OneDrive-Personligt/CERN/SHiP_codes/EventCalc-SHiP/analysis/lifetime_blind_discrimination_final/template_banks/template_bank_ma_0p5.npz,0.5,ALP-SU2L,19,312.7367113960327,10.167036067474632,16.003648032330908,0.6352949056949372,367635.5123491039,19,True
/Users/MalteFogdeMikkelsen/Library/CloudStorage/OneDrive-Personligt/CERN/SHiP_codes/EventCalc-SHiP/analysis/lifetime_blind_discrimination_final/template_banks/template_bank_ma_0p6.npz,0.6,ALP-photon-combined,0,6.0,598.3446532912434,1882.0819909359004,0.3179163586777138,671603.0099530268,19,True
/Users/MalteFogdeMikkelsen/Library/CloudStorage/OneDrive-Personligt/CERN/SHiP_codes/EventCalc-SHiP/analysis/lifetime_blind_discrimination_final/template_banks/template_bank_ma_0p6.npz,0.6,ALP-photon-combined,1,6.7380509865628095,492.29242449965585,1591.3435480109551,0.3093564712126302,663849.6506914345,19,True
/Users/MalteFogdeMikkelsen/Library/CloudStorage/OneDrive-Personligt/CERN/SHiP_codes/EventCalc-SHiP/analysis/lifetime_blind_discrimination_final/template_banks/template_bank_ma_0p6.npz,0.6,ALP-photon-combined,2,7.566888516253341,403.4953488018443,1338.6821466966085,0.3014123627460987,656662.5822273307,19,True
/Users/MalteFogdeMikkelsen/Library/CloudStorage/OneDrive-Personligt/CERN/SHiP_codes/EventCalc-SHiP/analysis/lifetime_blind_discrimination_final/template_banks/template_bank_ma_0p6.npz,0.6,ALP-photon-combined,3,8.497680105358603,330.190686946599,1120.683810239945,0.29463322654398233,650317.4697796466,19,True
/Users/MalteFogdeMikkelsen/Library/CloudStorage/OneDrive-Personligt/CERN/SHiP_codes/EventCalc-SHiP/analysis/lifetime_blind_discrimination_final/template_banks/template_bank_ma_0p6.npz,0.6,ALP-photon-combined,4,9.542966969567782,268.6719575464091,933.9848301160168,0.28766201428885674,642828.4321588246,19,True
/Users/MalteFogdeMikkelsen/Library/CloudStorage/OneDrive-Personligt/CERN/SHiP_codes/EventCalc-SHiP/analysis/lifetime_blind_discrimination_final/template_banks/template_bank_ma_0p6.npz,0.6,ALP-photon-combined,5,10.716833000672082,218.77113084481255,775.056038905589,0.28226492003562265,636996.8546123839,19,True
/Users/MalteFogdeMikkelsen/Library/CloudStorage/OneDrive-Personligt/CERN/SHiP_codes/EventCalc-SHiP/analysis/lifetime_blind_discrimination_final/template_banks/template_bank_ma_0p6.npz,0.6,ALP-photon-combined,6,12.035094528834572,177.1873847575316,640.6057209518194,0.27659350980235475,630444.7850396961,19,True
/Users/MalteFogdeMikkelsen/Library/CloudStorage/OneDrive-Personligt/CERN/SHiP_codes/EventCalc-SHiP/analysis/lifetime_blind_discrimination_final/template_banks/template_bank_ma_0p6.npz,0.6,ALP-photon-combined,7,13.515513427231737,143.28997173953633,527.507664378069,0.27163581008529053,624774.9691070772,19,True
/Users/MalteFogdeMikkelsen/Library/CloudStorage/OneDrive-Personligt/CERN/SHiP_codes/EventCalc-SHiP/analysis/lifetime_blind_discrimination_final/template_banks/template_bank_ma_0p6.npz,0.6,ALP-photon-combined,8,15.178036430376956,115.80367968769232,432.8935193821754,0.2675107722863744,620021.548292733,19,True
/Users/MalteFogdeMikkelsen/Library/CloudStorage/OneDrive-Personligt/CERN/SHiP_codes/EventCalc-SHiP/analysis/lifetime_blind_discrimination_final/template_banks/template_bank_ma_0p6.npz,0.6,ALP-photon-combined,9,17.045063890631276,93.23856166517751,354.10593832428424,0.26330696996047326,614277.2247341854,19,True
/Users/MalteFogdeMikkelsen/Library/CloudStorage/OneDrive-Personligt/CERN/SHiP_codes/EventCalc-SHiP/analysis/lifetime_blind_discrimination_final/template_banks/template_bank_ma_0p6.npz,0.6,ALP-photon-combined,10,19.14175159404904,75.13533781555236,288.79716068880396,0.2601664699069363,610779.4491328271,19,True
/Users/MalteFogdeMikkelsen/Library/CloudStorage/OneDrive-Personligt/CERN/SHiP_codes/EventCalc-SHiP/analysis/lifetime_blind_discrimination_final/template_banks/template_bank_ma_0p6.npz,0.6,ALP-photon-combined,11,21.49634970213705,60.416123845419676,234.90786707519868,0.2571907216120577,606417.416405049,19,True
/Users/MalteFogdeMikkelsen/Library/CloudStorage/OneDrive-Personligt/CERN/SHiP_codes/EventCalc-SHiP/analysis/lifetime_blind_discrimination_final/template_banks/template_bank_ma_0p6.npz,0.6,ALP-photon-combined,12,24.14058338633063,48.46629020201348,190.6031897300922,0.2542784843771252,602702.664856444,19,True
/Users/MalteFogdeMikkelsen/Library/CloudStorage/OneDrive-Personligt/CERN/SHiP_codes/EventCalc-SHiP/analysis/lifetime_blind_discrimination_final/template_banks/template_bank_ma_0p6.npz,0.6,ALP-photon-combined,13,27.110080283744477,38.81228243628654,154.30014072300435,0.25153756992329224,599542.7528947218,19,True
/Users/MalteFogdeMikkelsen/Library/CloudStorage/OneDrive-Personligt/CERN/SHiP_codes/EventCalc-SHiP/analysis/lifetime_blind_discrimination_final/template_banks/template_bank_ma_0p6.npz,0.6,ALP-photon-combined,14,30.44485053361357,31.07972246394882,124.65256233853503,0.24933079497829824,596555.346160734,19,True
/Users/MalteFogdeMikkelsen/Library/CloudStorage/OneDrive-Personligt/CERN/SHiP_codes/EventCalc-SHiP/analysis/lifetime_blind_discrimination_final/template_banks/template_bank_ma_0p6.npz,0.6,ALP-photon-combined,15,34.189825862295365,24.850472139904358,100.51517853469892,0.24723104014908265,593869.030701848,19,True
/Users/MalteFogdeMikkelsen/Library/CloudStorage/OneDrive-Personligt/CERN/SHiP_codes/EventCalc-SHiP/analysis/lifetime_blind_discrimination_final/template_banks/template_bank_ma_0p6.npz,0.6,ALP-photon-combined,16,38.395464980308326,19.896792531935223,80.91385870989924,0.2459009228971673,591618.0221368823,19,True
/Users/MalteFogdeMikkelsen/Library/CloudStorage/OneDrive-Personligt/CERN/SHiP_codes/EventCalc-SHiP/analysis/lifetime_blind_discrimination_final/template_banks/template_bank_ma_0p6.npz,0.6,ALP-photon-combined,17,43.11843344835072,15.862533028155916,65.03406435658391,0.2439111438765556,588620.381289093,19,True
/Users/MalteFogdeMikkelsen/Library/CloudStorage/OneDrive-Personligt/CERN/SHiP_codes/EventCalc-SHiP/analysis/lifetime_blind_discrimination_final/template_banks/template_bank_ma_0p6.npz,0.6,ALP-photon-combined,18,48.422367172617065,12.655674850495124,52.19768916856604,0.2424566116255678,586541.930573601,19,True
/Users/MalteFogdeMikkelsen/Library/CloudStorage/OneDrive-Personligt/CERN/SHiP_codes/EventCalc-SHiP/analysis/lifetime_blind_discrimination_final/template_banks/template_bank_ma_0p6.npz,0.6,ALP-photon-combined,19,54.37872981652651,10.08963758797531,41.84109962513059,0.2411417882983954,584858.1606275153,19,True
/Users/MalteFogdeMikkelsen/Library/CloudStorage/OneDrive-Personligt/CERN/SHiP_codes/EventCalc-SHiP/analysis/lifetime_blind_discrimination_final/template_banks/template_bank_ma_0p6.npz,0.6,ALP-SU2L,0,6.0,16990.118894906933,27559.649990634174,0.6164852928350261,363614.2063238054,19,True
/Users/MalteFogdeMikkelsen/Library/CloudStorage/OneDrive-Personligt/CERN/SHiP_codes/EventCalc-SHiP/analysis/lifetime_blind_discrimination_final/template_banks/template_bank_ma_0p6.npz,0.6,ALP-SU2L,1,7.3107262009924305,11638.77228605726,18883.912719278105,0.6163326668087983,362673.14026354655,19,True
/Users/MalteFogdeMikkelsen/Library/CloudStorage/OneDrive-Personligt/CERN/SHiP_codes/EventCalc-SHiP/analysis/lifetime_blind_discrimination_final/template_banks/template_bank_ma_0p6.npz,0.6,ALP-SU2L,2,8.90778626431287,7928.181152504683,12903.34023865038,0.6144285902619838,360965.552208469,19,True
/Users/MalteFogdeMikkelsen/Library/CloudStorage/OneDrive-Personligt/CERN/SHiP_codes/EventCalc-SHiP/analysis/lifetime_blind_discrimination_final/template_banks/template_bank_ma_0p6.npz,0.6,ALP-SU2L,3,10.853731072558768,5401.545822619988,8795.991265124212,0.6140917674664961,360153.9955896201,19,True
/Users/MalteFogdeMikkelsen/Library/CloudStorage/OneDrive-Personligt/CERN/SHiP_codes/EventCalc-SHiP/analysis/lifetime_blind_discrimination_final/template_banks/template_bank_ma_0p6.npz,0.6,ALP-SU2L,4,13.224776021780174,3668.976249623689,5984.650137682229,0.6130644507557851,359190.8818723222,19,True
/Users/MalteFogdeMikkelsen/Library/CloudStorage/OneDrive-Personligt/CERN/SHiP_codes/EventCalc-SHiP/analysis/lifetime_blind_discrimination_final/template_banks/template_bank_ma_0p6.npz,0.6,ALP-SU2L,5,16.113786094114122,2487.481084906377,4065.270800810991,0.6118857037543829,358437.80708999233,19,True
/Users/MalteFogdeMikkelsen/Library/CloudStorage/OneDrive-Personligt/CERN/SHiP_codes/EventCalc-SHiP/analysis/lifetime_blind_discrimination_final/template_banks/template_bank_ma_0p6.npz,0.6,ALP-SU2L,6,19.63391303257127,1685.8842388527437,2758.1605930583837,0.6112349814204808,358118.2279318505,19,True
/Users/MalteFogdeMikkelsen/Library/CloudStorage/OneDrive-Personligt/CERN/SHiP_codes/EventCalc-SHiP/analysis/lifetime_blind_discrimination_final/template_banks/template_bank_ma_0p6.npz,0.6,ALP-SU2L,7,23.9230270725376,1141.6252320360823,1869.2084759364197,0.6107532930291046,357728.5327361053,19,True
/Users/MalteFogdeMikkelsen/Library/CloudStorage/OneDrive-Personligt/CERN/SHiP_codes/EventCalc-SHiP/analysis/lifetime_blind_discrimination_final/template_banks/template_bank_ma_0p6.npz,0.6,ALP-SU2L,8,29.149116804375307,771.3196709029285,1265.6371082350815,0.6094319342283873,356727.99772160355,19,True
/Users/MalteFogdeMikkelsen/Library/CloudStorage/OneDrive-Personligt/CERN/SHiP_codes/EventCalc-SHiP/analysis/lifetime_blind_discrimination_final/template_banks/template_bank_ma_0p6.npz,0.6,ALP-SU2L,9,35.51686865958921,521.7536363929402,856.3543906559402,0.6092730323870863,356925.910431128,19,True
/Users/MalteFogdeMikkelsen/Library/CloudStorage/OneDrive-Personligt/CERN/SHiP_codes/EventCalc-SHiP/analysis/lifetime_blind_discrimination_final/template_banks/template_bank_ma_0p6.npz,0.6,ALP-SU2L,10,43.27568371447764,351.9606003873501,579.0122320674,0.6078638427562271,356434.9301040311,19,True
/Users/MalteFogdeMikkelsen/Library/CloudStorage/OneDrive-Personligt/CERN/SHiP_codes/EventCalc-SHiP/analysis/lifetime_blind_discrimination_final/template_banks/template_bank_ma_0p6.npz,0.6,ALP-SU2L,11,52.72944579954886,237.79449690758574,391.2881839884702,0.6077221511871481,356311.89681259514,19,True
/Users/MalteFogdeMikkelsen/Library/CloudStorage/OneDrive-Personligt/CERN/SHiP_codes/EventCalc-SHiP/analysis/lifetime_blind_discrimination_final/template_banks/template_bank_ma_0p6.npz,0.6,ALP-SU2L,12,64.24842349509534,160.38851633109655,264.2863881385718,0.6068739198441084,356190.2174709798,19,True
/Users/MalteFogdeMikkelsen/Library/CloudStorage/OneDrive-Personligt/CERN/SHiP_codes/EventCalc-SHiP/analysis/lifetime_blind_discrimination_final/template_banks/template_bank_ma_0p6.npz,0.6,ALP-SU2L,13,78.28377216967522,108.23776830835716,178.42803022297107,0.6066186359458139,356027.48942266795,19,True
/Users/MalteFogdeMikkelsen/Library/CloudStorage/OneDrive-Personligt/CERN/SHiP_codes/EventCalc-SHiP/analysis/lifetime_blind_discrimination_final/template_banks/template_bank_ma_0p6.npz,0.6,ALP-SU2L,14,95.38520405222776,72.98000818586894,120.41449253288562,0.6060732944245714,355804.0210650724,19,True
/Users/MalteFogdeMikkelsen/Library/CloudStorage/OneDrive-Personligt/CERN/SHiP_codes/EventCalc-SHiP/analysis/lifetime_blind_discrimination_final/template_banks/template_bank_ma_0p6.npz,0.6,ALP-SU2L,15,116.22251840860507,49.18390172640513,81.24505493458382,0.6053771736139091,355871.50454828737,19,True
/Users/MalteFogdeMikkelsen/Library/CloudStorage/OneDrive-Personligt/CERN/SHiP_codes/EventCalc-SHiP/analysis/lifetime_blind_discrimination_final/template_banks/template_bank_ma_0p6.npz,0.6,ALP-SU2L,16,141.61183507918588,33.150873498956784,54.80075830850371,0.6049345761299911,355549.8781879422,19,True
/Users/MalteFogdeMikkelsen/Library/CloudStorage/OneDrive-Personligt/CERN/SHiP_codes/EventCalc-SHiP/analysis/lifetime_blind_discrimination_final/template_banks/template_bank_ma_0p6.npz,0.6,ALP-SU2L,17,172.5475588473371,22.33799486313672,36.95534130592607,0.6044591681136674,355283.33821652445,19,True
/Users/MalteFogdeMikkelsen/Library/CloudStorage/OneDrive-Personligt/CERN/SHiP_codes/EventCalc-SHiP/analysis/lifetime_blind_discrimination_final/template_banks/template_bank_ma_0p6.npz,0.6,ALP-SU2L,18,210.2413265637518,15.067008129455024,24.91630535907138,0.6047047470450717,355535.2684599149,19,True
/Users/MalteFogdeMikkelsen/Library/CloudStorage/OneDrive-Personligt/CERN/SHiP_codes/EventCalc-SHiP/analysis/lifetime_blind_discrimination_final/template_banks/template_bank_ma_0p6.npz,0.6,ALP-SU2L,19,256.1694624401711,10.154236778091802,16.79652504332399,0.6045439013069994,355636.9106452797,19,True
/Users/MalteFogdeMikkelsen/Library/CloudStorage/OneDrive-Personligt/CERN/SHiP_codes/EventCalc-SHiP/analysis/lifetime_blind_discrimination_final/template_banks/template_bank_ma_0p75.npz,0.75,ALP-photon-combined,0,7.499999999999999,136.04630726653738,406.3340122899351,0.33481397852922795,690591.282844891,20,True
/Users/MalteFogdeMikkelsen/Library/CloudStorage/OneDrive-Personligt/CERN/SHiP_codes/EventCalc-SHiP/analysis/lifetime_blind_discrimination_final/template_banks/template_bank_ma_0p75.npz,0.75,ALP-photon-combined,1,8.078346172301348,119.56372630087006,361.7230494719862,0.33053941814158494,687287.2673152916,20,True
/Users/MalteFogdeMikkelsen/Library/CloudStorage/OneDrive-Personligt/CERN/SHiP_codes/EventCalc-SHiP/analysis/lifetime_blind_discrimination_final/template_banks/template_bank_ma_0p75.npz,0.75,ALP-photon-combined,2,8.70129025060478,104.93412875472399,321.43857941988045,0.3264515695163441,683493.5575876061,20,True
/Users/MalteFogdeMikkelsen/Library/CloudStorage/OneDrive-Personligt/CERN/SHiP_codes/EventCalc-SHiP/analysis/lifetime_blind_discrimination_final/template_banks/template_bank_ma_0p75.npz,0.75,ALP-photon-combined,3,9.372271305340822,91.9632591555262,285.13858823967024,0.32252126842343576,680122.7219864097,20,True
/Users/MalteFogdeMikkelsen/Library/CloudStorage/OneDrive-Personligt/CERN/SHiP_codes/EventCalc-SHiP/analysis/lifetime_blind_discrimination_final/template_banks/template_bank_ma_0p75.npz,0.75,ALP-photon-combined,4,10.094993603369304,80.63351897116182,252.52216075681622,0.3193126445991941,677430.0548831132,20,True
/Users/MalteFogdeMikkelsen/Library/CloudStorage/OneDrive-Personligt/CERN/SHiP_codes/EventCalc-SHiP/analysis/lifetime_blind_discrimination_final/template_banks/template_bank_ma_0p75.npz,0.75,ALP-photon-combined,5,10.873447058024672,70.48282804415207,223.2869895299452,0.3156602549594568,674155.5622325977,20,True
/Users/MalteFogdeMikkelsen/Library/CloudStorage/OneDrive-Personligt/CERN/SHiP_codes/EventCalc-SHiP/analysis/lifetime_blind_discrimination_final/template_banks/template_bank_ma_0p75.npz,0.75,ALP-photon-combined,6,11.711929256121993,61.70220141670211,197.14453880574874,0.31297951132949603,671466.504146087,20,True
/Users/MalteFogdeMikkelsen/Library/CloudStorage/OneDrive-Personligt/CERN/SHiP_codes/EventCalc-SHiP/analysis/lifetime_blind_discrimination_final/template_banks/template_bank_ma_0p75.npz,0.75,ALP-photon-combined,7,12.615069183527634,53.83978375928827,173.81468673510972,0.30975393835009507,668272.5751401087,20,True
/Users/MalteFogdeMikkelsen/Library/CloudStorage/OneDrive-Personligt/CERN/SHiP_codes/EventCalc-SHiP/analysis/lifetime_blind_discrimination_final/template_banks/template_bank_ma_0p75.npz,0.75,ALP-photon-combined,8,13.587852780275625,46.99700040678453,153.03726574014695,0.3070951390792889,665327.486907991,20,True
/Users/MalteFogdeMikkelsen/Library/CloudStorage/OneDrive-Personligt/CERN/SHiP_codes/EventCalc-SHiP/analysis/lifetime_blind_discrimination_final/template_banks/template_bank_ma_0p75.npz,0.75,ALP-photon-combined,9,14.635650466311175,40.97018895570118,134.56987633544955,0.30445289890564065,662877.7140241432,20,True
/Users/MalteFogdeMikkelsen/Library/CloudStorage/OneDrive-Personligt/CERN/SHiP_codes/EventCalc-SHiP/analysis/lifetime_blind_discrimination_final/template_banks/template_bank_ma_0p75.npz,0.75,ALP-photon-combined,10,15.764246789822048,35.761541682492734,118.1827478770102,0.30259527997867225,660918.1335512365,20,True
/Users/MalteFogdeMikkelsen/Library/CloudStorage/OneDrive-Personligt/CERN/SHiP_codes/EventCalc-SHiP/analysis/lifetime_blind_discrimination_final/template_banks/template_bank_ma_0p75.npz,0.75,ALP-photon-combined,11,16.979872361836364,31.13145506876366,103.67230999033637,0.30028707831112783,658021.5357198144,20,True
/Users/MalteFogdeMikkelsen/Library/CloudStorage/OneDrive-Personligt/CERN/SHiP_codes/EventCalc-SHiP/analysis/lifetime_blind_discrimination_final/template_banks/template_bank_ma_0p75.npz,0.75,ALP-photon-combined,12,18.2892382533875,27.05131095272321,90.84589337570583,0.2977714230939284,655752.7450908178,20,True
/Users/MalteFogdeMikkelsen/Library/CloudStorage/OneDrive-Personligt/CERN/SHiP_codes/EventCalc-SHiP/analysis/lifetime_blind_discrimination_final/template_banks/template_bank_ma_0p75.npz,0.75,ALP-photon-combined,13,19.699573045141378,23.52895134652131,79.52328452725266,0.2958749941780628,653407.5854602075,20,True
/Users/MalteFogdeMikkelsen/Library/CloudStorage/OneDrive-Personligt/CERN/SHiP_codes/EventCalc-SHiP/analysis/lifetime_blind_discrimination_final/template_banks/template_bank_ma_0p75.npz,0.75,ALP-photon-combined,14,21.218662734025152,20.427364297831453,69.54187729819893,0.2937419162591474,651325.4793068998,20,True
/Users/MalteFogdeMikkelsen/Library/CloudStorage/OneDrive-Personligt/CERN/SHiP_codes/EventCalc-SHiP/analysis/lifetime_blind_discrimination_final/template_banks/template_bank_ma_0p75.npz,0.75,ALP-photon-combined,15,22.85489371716872,17.769145329873666,60.75929532872692,0.29245147156063933,649431.8952244645,20,True
/Users/MalteFogdeMikkelsen/Library/CloudStorage/OneDrive-Personligt/CERN/SHiP_codes/EventCalc-SHiP/analysis/lifetime_blind_discrimination_final/template_banks/template_bank_ma_0p75.npz,0.75,ALP-photon-combined,16,24.617299090459206,15.414096717272017,53.03751493548636,0.2906262998185601,647280.0346440709,20,True
/Users/MalteFogdeMikkelsen/Library/CloudStorage/OneDrive-Personligt/CERN/SHiP_codes/EventCalc-SHiP/analysis/lifetime_blind_discrimination_final/template_banks/template_bank_ma_0p75.npz,0.75,ALP-photon-combined,17,26.515608517307804,13.37862716605114,46.25886580547187,0.2892121744253533,645166.7060449489,20,True
/Users/MalteFogdeMikkelsen/Library/CloudStorage/OneDrive-Personligt/CERN/SHiP_codes/EventCalc-SHiP/analysis/lifetime_blind_discrimination_final/template_banks/template_bank_ma_0p75.npz,0.75,ALP-photon-combined,18,28.560301942937947,11.595648430799628,40.31569377471453,0.2876212051712791,644213.9901456673,20,True
/Users/MalteFogdeMikkelsen/Library/CloudStorage/OneDrive-Personligt/CERN/SHiP_codes/EventCalc-SHiP/analysis/lifetime_blind_discrimination_final/template_banks/template_bank_ma_0p75.npz,0.75,ALP-photon-combined,19,30.762667450733804,10.049014257094905,35.10986864792862,0.28621623048104927,642298.2271831469,20,True
/Users/MalteFogdeMikkelsen/Library/CloudStorage/OneDrive-Personligt/CERN/SHiP_codes/EventCalc-SHiP/analysis/lifetime_blind_discrimination_final/template_banks/template_bank_ma_0p75.npz,0.75,ALP-SU2L,0,7.499999999999999,6580.784372458838,11461.968866412517,0.5741408347166937,343450.6646497292,20,True
/Users/MalteFogdeMikkelsen/Library/CloudStorage/OneDrive-Personligt/CERN/SHiP_codes/EventCalc-SHiP/analysis/lifetime_blind_discrimination_final/template_banks/template_bank_ma_0p75.npz,0.75,ALP-SU2L,1,8.913144807036554,4723.4817176708275,8245.596923413712,0.5728489715836469,342382.51103803376,20,True
/Users/MalteFogdeMikkelsen/Library/CloudStorage/OneDrive-Personligt/CERN/SHiP_codes/EventCalc-SHiP/analysis/lifetime_blind_discrimination_final/template_banks/template_bank_ma_0p75.npz,0.75,ALP-SU2L,2,10.592553380160359,3383.352725465628,5919.0801319006805,0.5716011018724284,341565.73530015955,20,True
/Users/MalteFogdeMikkelsen/Library/CloudStorage/OneDrive-Personligt/CERN/SHiP_codes/EventCalc-SHiP/analysis/lifetime_blind_discrimination_final/template_banks/template_bank_ma_0p75.npz,0.75,ALP-SU2L,3,12.588394953817843,2420.5265806849934,4241.1219683119225,0.5707278872831913,340705.0896024162,20,True
/Users/MalteFogdeMikkelsen/Library/CloudStorage/OneDrive-Personligt/CERN/SHiP_codes/EventCalc-SHiP/analysis/lifetime_blind_discrimination_final/template_banks/template_bank_ma_0p75.npz,0.75,ALP-SU2L,4,14.960291614872897,1726.2502677080406,3034.2420436198713,0.5689230598257127,339894.11809918,20,True
/Users/MalteFogdeMikkelsen/Library/CloudStorage/OneDrive-Personligt/CERN/SHiP_codes/EventCalc-SHiP/analysis/lifetime_blind_discrimination_final/template_banks/template_bank_ma_0p75.npz,0.75,ALP-SU2L,5,17.779099402514248,1229.6148153326008,2167.882402659127,0.5671962712665382,339177.7974106983,20,True
/Users/MalteFogdeMikkelsen/Library/CloudStorage/OneDrive-Personligt/CERN/SHiP_codes/EventCalc-SHiP/analysis/lifetime_blind_discrimination_final/template_banks/template_bank_ma_0p75.npz,0.75,ALP-SU2L,6,21.129025001774206,875.025369287983,1547.2201859044094,0.5655467639704411,338406.391653931,20,True
/Users/MalteFogdeMikkelsen/Library/CloudStorage/OneDrive-Personligt/CERN/SHiP_codes/EventCalc-SHiP/analysis/lifetime_blind_discrimination_final/template_banks/template_bank_ma_0p75.npz,0.75,ALP-SU2L,7,25.110141262974583,623.1850917167995,1103.1254780989182,0.5649267504824307,338252.53388621163,20,True
/Users/MalteFogdeMikkelsen/Library/CloudStorage/OneDrive-Personligt/CERN/SHiP_codes/EventCalc-SHiP/analysis/lifetime_blind_discrimination_final/template_banks/template_bank_ma_0p75.npz,0.75,ALP-SU2L,8,29.84137669360484,442.802838238792,785.8275782179633,0.563485999362538,337781.24329144316,20,True
/Users/MalteFogdeMikkelsen/Library/CloudStorage/OneDrive-Personligt/CERN/SHiP_codes/EventCalc-SHiP/analysis/lifetime_blind_discrimination_final/template_banks/template_bank_ma_0p75.npz,0.75,ALP-SU2L,9,35.46406822819008,314.9310866046746,559.3593070040519,0.5630210897740427,337609.5837786067,20,True
/Users/MalteFogdeMikkelsen/Library/CloudStorage/OneDrive-Personligt/CERN/SHiP_codes/EventCalc-SHiP/analysis/lifetime_blind_discrimination_final/template_banks/template_bank_ma_0p75.npz,0.75,ALP-SU2L,10,42.14618340859766,223.43095495910822,397.95366968785083,0.5614496660738529,336922.8660318072,20,True
/Users/MalteFogdeMikkelsen/Library/CloudStorage/OneDrive-Personligt/CERN/SHiP_codes/EventCalc-SHiP/analysis/lifetime_blind_discrimination_final/template_banks/template_bank_ma_0p75.npz,0.75,ALP-SU2L,11,50.08733810463367,158.64941753153346,282.9277148847619,0.5607418756983645,336900.7746242171,20,True
/Users/MalteFogdeMikkelsen/Library/CloudStorage/OneDrive-Personligt/CERN/SHiP_codes/EventCalc-SHiP/analysis/lifetime_blind_discrimination_final/template_banks/template_bank_ma_0p75.npz,0.75,ALP-SU2L,12,59.52475967007999,112.66865992709971,201.04998986757613,0.5604012216131431,336815.1071229106,20,True
/Users/MalteFogdeMikkelsen/Library/CloudStorage/OneDrive-Personligt/CERN/SHiP_codes/EventCalc-SHiP/analysis/lifetime_blind_discrimination_final/template_banks/template_bank_ma_0p75.npz,0.75,ALP-SU2L,13,70.74037367246298,79.9739384068031,142.7952554940968,0.5600601933872322,336844.3755943826,20,True
/Users/MalteFogdeMikkelsen/Library/CloudStorage/OneDrive-Personligt/CERN/SHiP_codes/EventCalc-SHiP/analysis/lifetime_blind_discrimination_final/template_banks/template_bank_ma_0p75.npz,0.75,ALP-SU2L,14,84.0692258995385,56.61735369224291,101.37861847983828,0.5584743069220529,336614.9768877944,20,True
/Users/MalteFogdeMikkelsen/Library/CloudStorage/OneDrive-Personligt/CERN/SHiP_codes/EventCalc-SHiP/analysis/lifetime_blind_discrimination_final/template_banks/template_bank_ma_0p75.npz,0.75,ALP-SU2L,15,99.90949123440735,40.196741827535355,71.95219212125852,0.5586590295927772,336676.4004042677,20,True
/Users/MalteFogdeMikkelsen/Library/CloudStorage/OneDrive-Personligt/CERN/SHiP_codes/EventCalc-SHiP/analysis/lifetime_blind_discrimination_final/template_banks/template_bank_ma_0p75.npz,0.75,ALP-SU2L,16,118.73436839594959,28.477037184163446,51.053163498845336,0.5577918239054375,336624.69184254244,20,True
/Users/MalteFogdeMikkelsen/Library/CloudStorage/OneDrive-Personligt/CERN/SHiP_codes/EventCalc-SHiP/analysis/lifetime_blind_discrimination_final/template_banks/template_bank_ma_0p75.npz,0.75,ALP-SU2L,17,141.10621587801643,20.183044686007495,36.217226650639766,0.557277476839905,336342.55787438486,20,True
/Users/MalteFogdeMikkelsen/Library/CloudStorage/OneDrive-Personligt/CERN/SHiP_codes/EventCalc-SHiP/analysis/lifetime_blind_discrimination_final/template_banks/template_bank_ma_0p75.npz,0.75,ALP-SU2L,18,167.69335137249612,14.280045206321738,25.682321578723066,0.556026259641273,335974.69484131044,20,True
/Users/MalteFogdeMikkelsen/Library/CloudStorage/OneDrive-Personligt/CERN/SHiP_codes/EventCalc-SHiP/analysis/lifetime_blind_discrimination_final/template_banks/template_bank_ma_0p75.npz,0.75,ALP-SU2L,19,199.29001652804294,10.132118055762257,18.208026517609856,0.5564643727843323,336367.24275861273,20,True
/Users/MalteFogdeMikkelsen/Library/CloudStorage/OneDrive-Personligt/CERN/SHiP_codes/EventCalc-SHiP/analysis/lifetime_blind_discrimination_final/template_banks/template_bank_ma_0p9.npz,0.9,ALP-photon-combined,0,9.000000000000002,39.25782455572013,110.3008280114766,0.3559159551516279,695396.5254310382,20,True
/Users/MalteFogdeMikkelsen/Library/CloudStorage/OneDrive-Personligt/CERN/SHiP_codes/EventCalc-SHiP/analysis/lifetime_blind_discrimination_final/template_banks/template_bank_ma_0p9.npz,0.9,ALP-photon-combined,1,9.359318126242535,36.58223315657648,103.39946481469937,0.35379518861277426,693138.9970458972,20,True
/Users/MalteFogdeMikkelsen/Library/CloudStorage/OneDrive-Personligt/CERN/SHiP_codes/EventCalc-SHiP/analysis/lifetime_blind_discrimination_final/template_banks/template_bank_ma_0p9.npz,0.9,ALP-photon-combined,2,9.732981754245785,34.13175365792613,96.8852981367271,0.35229033005357013,692455.2655911433,20,True
/Users/MalteFogdeMikkelsen/Library/CloudStorage/OneDrive-Personligt/CERN/SHiP_codes/EventCalc-SHiP/analysis/lifetime_blind_discrimination_final/template_banks/template_bank_ma_0p9.npz,0.9,ALP-photon-combined,3,10.121563617211155,31.78146493797317,90.74346698163005,0.3502341931062316,690675.3579187953,20,True
/Users/MalteFogdeMikkelsen/Library/CloudStorage/OneDrive-Personligt/CERN/SHiP_codes/EventCalc-SHiP/analysis/lifetime_blind_discrimination_final/template_banks/template_bank_ma_0p9.npz,0.9,ALP-photon-combined,4,10.525659314275703,29.601942808266962,84.96000237781631,0.3484221042818173,688902.9011624362,20,True
/Users/MalteFogdeMikkelsen/Library/CloudStorage/OneDrive-Personligt/CERN/SHiP_codes/EventCalc-SHiP/analysis/lifetime_blind_discrimination_final/template_banks/template_bank_ma_0p9.npz,0.9,ALP-photon-combined,5,10.945888223417125,27.61234571264365,79.51067584399081,0.3472784681999469,688358.8710870863,20,True
/Users/MalteFogdeMikkelsen/Library/CloudStorage/OneDrive-Personligt/CERN/SHiP_codes/EventCalc-SHiP/analysis/lifetime_blind_discrimination_final/template_banks/template_bank_ma_0p9.npz,0.9,ALP-photon-combined,6,11.382894450805844,25.750810963348847,74.38277863141418,0.34619318392165405,687688.9211435071,20,True
/Users/MalteFogdeMikkelsen/Library/CloudStorage/OneDrive-Personligt/CERN/SHiP_codes/EventCalc-SHiP/analysis/lifetime_blind_discrimination_final/template_banks/template_bank_ma_0p9.npz,0.9,ALP-photon-combined,7,11.837347818059184,23.986252589409048,69.55871477263926,0.3448346144377581,686298.2171425476,20,True
/Users/MalteFogdeMikkelsen/Library/CloudStorage/OneDrive-Personligt/CERN/SHiP_codes/EventCalc-SHiP/analysis/lifetime_blind_discrimination_final/template_banks/template_bank_ma_0p9.npz,0.9,ALP-photon-combined,8,12.309944888910984,22.318978813948316,65.02363351917239,0.34324410381292375,684749.0092687245,20,True
/Users/MalteFogdeMikkelsen/Library/CloudStorage/OneDrive-Personligt/CERN/SHiP_codes/EventCalc-SHiP/analysis/lifetime_blind_discrimination_final/template_banks/template_bank_ma_0p9.npz,0.9,ALP-photon-combined,9,12.801410036870129,20.760892066240913,60.76328157209254,0.34166838144857553,683918.700067709,20,True
/Users/MalteFogdeMikkelsen/Library/CloudStorage/OneDrive-Personligt/CERN/SHiP_codes/EventCalc-SHiP/analysis/lifetime_blind_discrimination_final/template_banks/template_bank_ma_0p9.npz,0.9,ALP-photon-combined,10,13.312496555504637,19.32326114567723,56.76246456199676,0.34042322324768143,682084.5088546611,20,True
/Users/MalteFogdeMikkelsen/Library/CloudStorage/OneDrive-Personligt/CERN/SHiP_codes/EventCalc-SHiP/analysis/lifetime_blind_discrimination_final/template_banks/template_bank_ma_0p9.npz,0.9,ALP-photon-combined,11,13.843987813052868,17.982968012141697,53.006731896197195,0.33925819172096194,681270.1704957971,20,True
/Users/MalteFogdeMikkelsen/Library/CloudStorage/OneDrive-Personligt/CERN/SHiP_codes/EventCalc-SHiP/analysis/lifetime_blind_discrimination_final/template_banks/template_bank_ma_0p9.npz,0.9,ALP-photon-combined,12,14.39669845313183,16.741207729694665,49.4828786551174,0.33832323795016983,680198.2591129818,20,True
/Users/MalteFogdeMikkelsen/Library/CloudStorage/OneDrive-Personligt/CERN/SHiP_codes/EventCalc-SHiP/analysis/lifetime_blind_discrimination_final/template_banks/template_bank_ma_0p9.npz,0.9,ALP-photon-combined,13,14.971475643382725,15.5567566072604,46.17980567912748,0.33687358312752275,678526.6488871864,20,True
/Users/MalteFogdeMikkelsen/Library/CloudStorage/OneDrive-Personligt/CERN/SHiP_codes/EventCalc-SHiP/analysis/lifetime_blind_discrimination_final/template_banks/template_bank_ma_0p9.npz,0.9,ALP-photon-combined,14,15.569200373967842,14.458848268540443,43.083896348352496,0.33559750844339176,677567.2296195598,20,True
/Users/MalteFogdeMikkelsen/Library/CloudStorage/OneDrive-Personligt/CERN/SHiP_codes/EventCalc-SHiP/analysis/lifetime_blind_discrimination_final/template_banks/template_bank_ma_0p9.npz,0.9,ALP-photon-combined,15,16.190788807908802,13.459677221064421,40.184118169572976,0.33495017022063106,676754.6558124159,20,True
/Users/MalteFogdeMikkelsen/Library/CloudStorage/OneDrive-Personligt/CERN/SHiP_codes/EventCalc-SHiP/analysis/lifetime_blind_discrimination_final/template_banks/template_bank_ma_0p9.npz,0.9,ALP-photon-combined,16,16.83719368533617,12.509788483582012,37.46717274153369,0.3338866417778694,675964.6001399413,20,True
/Users/MalteFogdeMikkelsen/Library/CloudStorage/OneDrive-Personligt/CERN/SHiP_codes/EventCalc-SHiP/analysis/lifetime_blind_discrimination_final/template_banks/template_bank_ma_0p9.npz,0.9,ALP-photon-combined,17,17.509405783802578,11.61893235654766,34.924473359725305,0.3326874033824815,674817.7364062428,20,True
/Users/MalteFogdeMikkelsen/Library/CloudStorage/OneDrive-Personligt/CERN/SHiP_codes/EventCalc-SHiP/analysis/lifetime_blind_discrimination_final/template_banks/template_bank_ma_0p9.npz,0.9,ALP-photon-combined,18,18.208455436897705,10.790109130321564,32.54596840871257,0.3315344313869932,673682.7621225235,20,True
/Users/MalteFogdeMikkelsen/Library/CloudStorage/OneDrive-Personligt/CERN/SHiP_codes/EventCalc-SHiP/analysis/lifetime_blind_discrimination_final/template_banks/template_bank_ma_0p9.npz,0.9,ALP-photon-combined,19,18.935414113492897,10.033674765322493,30.32112848504309,0.33091363239570515,672424.5972148572,20,True
/Users/MalteFogdeMikkelsen/Library/CloudStorage/OneDrive-Personligt/CERN/SHiP_codes/EventCalc-SHiP/analysis/lifetime_blind_discrimination_final/template_banks/template_bank_ma_0p9.npz,0.9,ALP-SU2L,0,9.000000000000002,3023.1133507487743,5700.648047663662,0.5303104709275569,324641.93013200787,20,True
/Users/MalteFogdeMikkelsen/Library/CloudStorage/OneDrive-Personligt/CERN/SHiP_codes/EventCalc-SHiP/analysis/lifetime_blind_discrimination_final/template_banks/template_bank_ma_0p9.npz,0.9,ALP-SU2L,1,10.478624812597394,2256.4841921366356,4269.607186411591,0.5284992491389137,323566.96978162153,20,True
/Users/MalteFogdeMikkelsen/Library/CloudStorage/OneDrive-Personligt/CERN/SHiP_codes/EventCalc-SHiP/analysis/lifetime_blind_discrimination_final/template_banks/template_bank_ma_0p9.npz,0.9,ALP-SU2L,2,12.200175329242407,1682.9208087228392,3192.30586507201,0.5271803141222111,322408.9445875203,20,True
/Users/MalteFogdeMikkelsen/Library/CloudStorage/OneDrive-Personligt/CERN/SHiP_codes/EventCalc-SHiP/analysis/lifetime_blind_discrimination_final/template_banks/template_bank_ma_0p9.npz,0.9,ALP-SU2L,3,14.204562213670894,1252.7477657304228,2383.283496114716,0.5256394246730115,322020.73092150653,20,True
/Users/MalteFogdeMikkelsen/Library/CloudStorage/OneDrive-Personligt/CERN/SHiP_codes/EventCalc-SHiP/analysis/lifetime_blind_discrimination_final/template_banks/template_bank_ma_0p9.npz,0.9,ALP-SU2L,4,16.538253118250562,931.5676298060088,1776.9137309565829,0.5242615967093175,321466.268749185,20,True
/Users/MalteFogdeMikkelsen/Library/CloudStorage/OneDrive-Personligt/CERN/SHiP_codes/EventCalc-SHiP/analysis/lifetime_blind_discrimination_final/template_banks/template_bank_ma_0p9.npz,0.9,ALP-SU2L,5,19.255349942435167,691.1198418409863,1323.326220610143,0.5222596145055852,320780.86581155454,20,True
/Users/MalteFogdeMikkelsen/Library/CloudStorage/OneDrive-Personligt/CERN/SHiP_codes/EventCalc-SHiP/analysis/lifetime_blind_discrimination_final/template_banks/template_bank_ma_0p9.npz,0.9,ALP-SU2L,6,22.418843075782977,513.1040367630078,984.4926860211528,0.5211862353561286,320458.50863188965,20,True
/Users/MalteFogdeMikkelsen/Library/CloudStorage/OneDrive-Personligt/CERN/SHiP_codes/EventCalc-SHiP/analysis/lifetime_blind_discrimination_final/template_banks/template_bank_ma_0p9.npz,0.9,ALP-SU2L,7,26.10207170262519,380.29200920295216,731.7171565874349,0.5197254236548846,319927.7085584227,20,True
/Users/MalteFogdeMikkelsen/Library/CloudStorage/OneDrive-Personligt/CERN/SHiP_codes/EventCalc-SHiP/analysis/lifetime_blind_discrimination_final/template_banks/template_bank_ma_0p9.npz,0.9,ALP-SU2L,8,30.390424022591617,281.4734672834599,543.4325758422918,0.5179547193084457,319449.5286759492,20,True
/Users/MalteFogdeMikkelsen/Library/CloudStorage/OneDrive-Personligt/CERN/SHiP_codes/EventCalc-SHiP/analysis/lifetime_blind_discrimination_final/template_banks/template_bank_ma_0p9.npz,0.9,ALP-SU2L,9,35.3833168031649,208.20262152988207,403.2738220770989,0.5162810232945827,318999.1159878634,20,True
/Users/MalteFogdeMikkelsen/Library/CloudStorage/OneDrive-Personligt/CERN/SHiP_codes/EventCalc-SHiP/analysis/lifetime_blind_discrimination_final/template_banks/template_bank_ma_0p9.npz,0.9,ALP-SU2L,10,41.196500156181976,154.51217729891562,299.0564689476315,0.516665557654172,319223.0245693068,20,True
/Users/MalteFogdeMikkelsen/Library/CloudStorage/OneDrive-Personligt/CERN/SHiP_codes/EventCalc-SHiP/analysis/lifetime_blind_discrimination_final/template_banks/template_bank_ma_0p9.npz,0.9,ALP-SU2L,11,47.96474096986008,113.96917494776794,221.64764440675484,0.5141907790304252,318577.1399175588,20,True
/Users/MalteFogdeMikkelsen/Library/CloudStorage/OneDrive-Personligt/CERN/SHiP_codes/EventCalc-SHiP/analysis/lifetime_blind_discrimination_final/template_banks/template_bank_ma_0p9.npz,0.9,ALP-SU2L,12,55.844947206286946,84.43135317572603,164.19299954329756,0.5142201763203769,318347.15235084604,20,True
/Users/MalteFogdeMikkelsen/Library/CloudStorage/OneDrive-Personligt/CERN/SHiP_codes/EventCalc-SHiP/analysis/lifetime_blind_discrimination_final/template_banks/template_bank_ma_0p9.npz,0.9,ALP-SU2L,13,65.0198054948877,62.34764655197059,121.56445496531641,0.5128772762544694,318404.48029152973,20,True
/Users/MalteFogdeMikkelsen/Library/CloudStorage/OneDrive-Personligt/CERN/SHiP_codes/EventCalc-SHiP/analysis/lifetime_blind_discrimination_final/template_banks/template_bank_ma_0p9.npz,0.9,ALP-SU2L,14,75.70201635210961,46.12612801526528,89.96441662938474,0.5127152461320943,318359.040037876,20,True
/Users/MalteFogdeMikkelsen/Library/CloudStorage/OneDrive-Personligt/CERN/SHiP_codes/EventCalc-SHiP/analysis/lifetime_blind_discrimination_final/template_banks/template_bank_ma_0p9.npz,0.9,ALP-SU2L,15,88.1392252123188,34.05301915071202,66.5507545821142,0.5116849442885794,317962.2695927108,20,True
/Users/MalteFogdeMikkelsen/Library/CloudStorage/OneDrive-Personligt/CERN/SHiP_codes/EventCalc-SHiP/analysis/lifetime_blind_discrimination_final/template_banks/template_bank_ma_0p9.npz,0.9,ALP-SU2L,16,102.61976358587921,25.161975712536425,49.2104343069973,0.5113138314440482,318192.4377251282,20,True
/Users/MalteFogdeMikkelsen/Library/CloudStorage/OneDrive-Personligt/CERN/SHiP_codes/EventCalc-SHiP/analysis/lifetime_blind_discrimination_final/template_banks/template_bank_ma_0p9.npz,0.9,ALP-SU2L,17,119.47933344154129,18.57422983270011,36.37991161405029,0.5105628081165142,318121.23373576876,20,True
/Users/MalteFogdeMikkelsen/Library/CloudStorage/OneDrive-Personligt/CERN/SHiP_codes/EventCalc-SHiP/analysis/lifetime_blind_discrimination_final/template_banks/template_bank_ma_0p9.npz,0.9,ALP-SU2L,18,139.10878977701455,13.716768501480493,26.88744163538037,0.510155212514939,317872.9545927483,20,True
/Users/MalteFogdeMikkelsen/Library/CloudStorage/OneDrive-Personligt/CERN/SHiP_codes/EventCalc-SHiP/analysis/lifetime_blind_discrimination_final/template_banks/template_bank_ma_0p9.npz,0.9,ALP-SU2L,19,161.9632018008689,10.116245315680912,19.867098097465444,0.5091959211180166,317333.9116069894,20,True
/Users/MalteFogdeMikkelsen/Library/CloudStorage/OneDrive-Personligt/CERN/SHiP_codes/EventCalc-SHiP/analysis/lifetime_blind_discrimination_final/template_banks/template_bank_ma_1.npz,1.0,ALP-photon-combined,0,10.000000000000002,18.662698936145432,50.90599044444876,0.3666110564435659,689370.2542131266,21,True
/Users/MalteFogdeMikkelsen/Library/CloudStorage/OneDrive-Personligt/CERN/SHiP_codes/EventCalc-SHiP/analysis/lifetime_blind_discrimination_final/template_banks/template_bank_ma_1.npz,1.0,ALP-photon-combined,1,10.181372917310114,18.08513465139391,49.384088907073306,0.3662137958123506,689046.1697551868,21,True
/Users/MalteFogdeMikkelsen/Library/CloudStorage/OneDrive-Personligt/CERN/SHiP_codes/EventCalc-SHiP/analysis/lifetime_blind_discrimination_final/template_banks/template_bank_ma_1.npz,1.0,ALP-photon-combined,2,10.36603544813358,17.49944584250791,47.904319656374355,0.365299955578836,688764.375962869,21,True
/Users/MalteFogdeMikkelsen/Library/CloudStorage/OneDrive-Personligt/CERN/SHiP_codes/EventCalc-SHiP/analysis/lifetime_blind_discrimination_final/template_banks/template_bank_ma_1.npz,1.0,ALP-photon-combined,3,10.554047257150385,16.928564616670585,46.4641743197784,0.36433585368726984,687678.4858582632,21,True
/Users/MalteFogdeMikkelsen/Library/CloudStorage/OneDrive-Personligt/CERN/SHiP_codes/EventCalc-SHiP/analysis/lifetime_blind_discrimination_final/template_banks/template_bank_ma_1.npz,1.0,ALP-photon-combined,4,10.745469091196195,16.41191145538426,45.063553081329665,0.36419479453305464,687718.1548716987,21,True
/Users/MalteFogdeMikkelsen/Library/CloudStorage/OneDrive-Personligt/CERN/SHiP_codes/EventCalc-SHiP/analysis/lifetime_blind_discrimination_final/template_banks/template_bank_ma_1.npz,1.0,ALP-photon-combined,5,10.940362798889787,15.873072041194682,43.70282988265278,0.36320467310276566,686666.0370858245,21,True
/Users/MalteFogdeMikkelsen/Library/CloudStorage/OneDrive-Personligt/CERN/SHiP_codes/EventCalc-SHiP/analysis/lifetime_blind_discrimination_final/template_banks/template_bank_ma_1.npz,1.0,ALP-photon-combined,6,11.13879135061635,15.354045436844338,42.379321648305506,0.3623004059447529,686005.6828438272,21,True
/Users/MalteFogdeMikkelsen/Library/CloudStorage/OneDrive-Personligt/CERN/SHiP_codes/EventCalc-SHiP/analysis/lifetime_blind_discrimination_final/template_banks/template_bank_ma_1.npz,1.0,ALP-photon-combined,7,11.340818858873345,14.856334864126506,41.09291191980926,0.361530350857537,685396.9217325062,21,True
/Users/MalteFogdeMikkelsen/Library/CloudStorage/OneDrive-Personligt/CERN/SHiP_codes/EventCalc-SHiP/analysis/lifetime_blind_discrimination_final/template_banks/template_bank_ma_1.npz,1.0,ALP-photon-combined,8,11.546510598985286,14.408358750337296,39.84225434915348,0.3616351279742138,685505.5778276144,21,True
/Users/MalteFogdeMikkelsen/Library/CloudStorage/OneDrive-Personligt/CERN/SHiP_codes/EventCalc-SHiP/analysis/lifetime_blind_discrimination_final/template_banks/template_bank_ma_1.npz,1.0,ALP-photon-combined,9,11.75593303019429,13.933495987918171,38.626361756429155,0.3607250425442674,685166.4422946027,21,True
/Users/MalteFogdeMikkelsen/Library/CloudStorage/OneDrive-Personligt/CERN/SHiP_codes/EventCalc-SHiP/analysis/lifetime_blind_discrimination_final/template_banks/template_bank_ma_1.npz,1.0,ALP-photon-combined,10,11.969153817133158,13.491028791676053,37.44522472608789,0.3602870296643439,683985.9175578867,21,True
/Users/MalteFogdeMikkelsen/Library/CloudStorage/OneDrive-Personligt/CERN/SHiP_codes/EventCalc-SHiP/analysis/lifetime_blind_discrimination_final/template_banks/template_bank_ma_1.npz,1.0,ALP-photon-combined,11,12.186241851687845,13.04332972369307,36.29716918631003,0.3593484014343614,683464.4706602743,21,True
/Users/MalteFogdeMikkelsen/Library/CloudStorage/OneDrive-Personligt/CERN/SHiP_codes/EventCalc-SHiP/analysis/lifetime_blind_discrimination_final/template_banks/template_bank_ma_1.npz,1.0,ALP-photon-combined,12,12.407267275256567,12.621287598187582,35.181974430237084,0.3587430154954646,682711.351019407,21,True
/Users/MalteFogdeMikkelsen/Library/CloudStorage/OneDrive-Personligt/CERN/SHiP_codes/EventCalc-SHiP/analysis/lifetime_blind_discrimination_final/template_banks/template_bank_ma_1.npz,1.0,ALP-photon-combined,13,12.632301501412519,12.216286074820502,34.09826276535331,0.35826711052368543,682642.6068185788,21,True
/Users/MalteFogdeMikkelsen/Library/CloudStorage/OneDrive-Personligt/CERN/SHiP_codes/EventCalc-SHiP/analysis/lifetime_blind_discrimination_final/template_banks/template_bank_ma_1.npz,1.0,ALP-photon-combined,14,12.861417238977731,11.830772181283603,33.04572360215013,0.35801219920975885,682076.6000235096,21,True
/Users/MalteFogdeMikkelsen/Library/CloudStorage/OneDrive-Personligt/CERN/SHiP_codes/EventCalc-SHiP/analysis/lifetime_blind_discrimination_final/template_banks/template_bank_ma_1.npz,1.0,ALP-photon-combined,15,13.09468851551533,11.442724714003788,32.02350669481306,0.35732266372493177,681813.0825921171,21,True
/Users/MalteFogdeMikkelsen/Library/CloudStorage/OneDrive-Personligt/CERN/SHiP_codes/EventCalc-SHiP/analysis/lifetime_blind_discrimination_final/template_banks/template_bank_ma_1.npz,1.0,ALP-photon-combined,16,13.332190701247947,11.057947484986254,31.030555677148968,0.3563567343117021,681032.3841000977,21,True
/Users/MalteFogdeMikkelsen/Library/CloudStorage/OneDrive-Personligt/CERN/SHiP_codes/EventCalc-SHiP/analysis/lifetime_blind_discrimination_final/template_banks/template_bank_ma_1.npz,1.0,ALP-photon-combined,17,13.57400053340996,10.70581637972706,30.066449485984432,0.35607185293752786,680661.3104480224,21,True
/Users/MalteFogdeMikkelsen/Library/CloudStorage/OneDrive-Personligt/CERN/SHiP_codes/EventCalc-SHiP/analysis/lifetime_blind_discrimination_final/template_banks/template_bank_ma_1.npz,1.0,ALP-photon-combined,18,13.820196141041313,10.353623396450093,29.130529524517836,0.3554217367636905,679968.6837268054,21,True
/Users/MalteFogdeMikkelsen/Library/CloudStorage/OneDrive-Personligt/CERN/SHiP_codes/EventCalc-SHiP/analysis/lifetime_blind_discrimination_final/template_banks/template_bank_ma_1.npz,1.0,ALP-photon-combined,19,14.070857070231174,10.01268212028878,28.221894913978225,0.35478418975082804,679694.9993774049,21,True
/Users/MalteFogdeMikkelsen/Library/CloudStorage/OneDrive-Personligt/CERN/SHiP_codes/EventCalc-SHiP/analysis/lifetime_blind_discrimination_final/template_banks/template_bank_ma_1.npz,1.0,ALP-SU2L,0,10.000000000000002,1921.6810815874742,3834.876710637977,0.5011063527170811,311589.37049243256,21,True
/Users/MalteFogdeMikkelsen/Library/CloudStorage/OneDrive-Personligt/CERN/SHiP_codes/EventCalc-SHiP/analysis/lifetime_blind_discrimination_final/template_banks/template_bank_ma_1.npz,1.0,ALP-SU2L,1,11.505277171756266,1468.8995706815508,2940.000818276136,0.4996255652550591,311049.51803898375,21,True
/Users/MalteFogdeMikkelsen/Library/CloudStorage/OneDrive-Personligt/CERN/SHiP_codes/EventCalc-SHiP/analysis/lifetime_blind_discrimination_final/template_banks/template_bank_ma_1.npz,1.0,ALP-SU2L,2,13.237140279893586,1120.3334380425877,2250.395242762388,0.4978385204313552,310163.28020664875,21,True
/Users/MalteFogdeMikkelsen/Library/CloudStorage/OneDrive-Personligt/CERN/SHiP_codes/EventCalc-SHiP/analysis/lifetime_blind_discrimination_final/template_banks/template_bank_ma_1.npz,1.0,ALP-SU2L,3,15.229696788159503,854.3708894711252,1720.3267914415367,0.4966329035399203,309767.26472182595,21,True
/Users/MalteFogdeMikkelsen/Library/CloudStorage/OneDrive-Personligt/CERN/SHiP_codes/EventCalc-SHiP/analysis/lifetime_blind_discrimination_final/template_banks/template_bank_ma_1.npz,1.0,ALP-SU2L,4,17.522188278958126,650.2591289941049,1313.582208259764,0.495027357180461,309110.0841073705,21,True
/Users/MalteFogdeMikkelsen/Library/CloudStorage/OneDrive-Personligt/CERN/SHiP_codes/EventCalc-SHiP/analysis/lifetime_blind_discrimination_final/template_banks/template_bank_ma_1.npz,1.0,ALP-SU2L,5,20.159763280511214,494.3998426290012,1002.0155672148418,0.49340535097993854,308400.53347255406,21,True
/Users/MalteFogdeMikkelsen/Library/CloudStorage/OneDrive-Personligt/CERN/SHiP_codes/EventCalc-SHiP/analysis/lifetime_blind_discrimination_final/template_banks/template_bank_ma_1.npz,1.0,ALP-SU2L,6,23.19436642592759,375.38147249909196,763.4839933943518,0.49166907983256347,308290.9103669215,21,True
/Users/MalteFogdeMikkelsen/Library/CloudStorage/OneDrive-Personligt/CERN/SHiP_codes/EventCalc-SHiP/analysis/lifetime_blind_discrimination_final/template_banks/template_bank_ma_1.npz,1.0,ALP-SU2L,7,26.685761455357454,284.9022484258861,581.2597486010126,0.49014618526673226,307674.90088085376,21,True
/Users/MalteFogdeMikkelsen/Library/CloudStorage/OneDrive-Personligt/CERN/SHiP_codes/EventCalc-SHiP/analysis/lifetime_blind_discrimination_final/template_banks/template_bank_ma_1.npz,1.0,ALP-SU2L,8,30.702708208325753,216.44223093268712,442.1143863429087,0.4895616103403887,307528.2293454868,21,True
/Users/MalteFogdeMikkelsen/Library/CloudStorage/OneDrive-Personligt/CERN/SHiP_codes/EventCalc-SHiP/analysis/lifetime_blind_discrimination_final/template_banks/template_bank_ma_1.npz,1.0,ALP-SU2L,9,35.32431678603439,163.63642114923914,336.0717462639435,0.48690918819674484,306812.1731067433,21,True
/Users/MalteFogdeMikkelsen/Library/CloudStorage/OneDrive-Personligt/CERN/SHiP_codes/EventCalc-SHiP/analysis/lifetime_blind_discrimination_final/template_banks/template_bank_ma_1.npz,1.0,ALP-SU2L,10,40.64160555262483,124.30524428237631,255.28253404230333,0.48693203688497333,307024.346079746,21,True
/Users/MalteFogdeMikkelsen/Library/CloudStorage/OneDrive-Personligt/CERN/SHiP_codes/EventCalc-SHiP/analysis/lifetime_blind_discrimination_final/template_banks/template_bank_ma_1.npz,1.0,ALP-SU2L,11,46.75929365881369,94.1221596565948,193.79644756737642,0.4856753611227664,306677.18597956875,21,True
/Users/MalteFogdeMikkelsen/Library/CloudStorage/OneDrive-Personligt/CERN/SHiP_codes/EventCalc-SHiP/analysis/lifetime_blind_discrimination_final/template_banks/template_bank_ma_1.npz,1.0,ALP-SU2L,12,53.79786339001967,71.28626479956012,147.03664972241157,0.4848197026669232,306417.94633449335,21,True
/Users/MalteFogdeMikkelsen/Library/CloudStorage/OneDrive-Personligt/CERN/SHiP_codes/EventCalc-SHiP/analysis/lifetime_blind_discrimination_final/template_banks/template_bank_ma_1.npz,1.0,ALP-SU2L,13,61.895932955045545,53.92215775429876,111.50620505481477,0.4835798844359508,306096.8786419326,21,True
/Users/MalteFogdeMikkelsen/Library/CloudStorage/OneDrive-Personligt/CERN/SHiP_codes/EventCalc-SHiP/analysis/lifetime_blind_discrimination_final/template_banks/template_bank_ma_1.npz,1.0,ALP-SU2L,14,71.21298644522419,40.81591000600566,84.52751783830385,0.4828712713897986,305797.17502444744,21,True
/Users/MalteFogdeMikkelsen/Library/CloudStorage/OneDrive-Personligt/CERN/SHiP_codes/EventCalc-SHiP/analysis/lifetime_blind_discrimination_final/template_banks/template_bank_ma_1.npz,1.0,ALP-SU2L,15,81.93251472808262,30.854652345020813,64.05232873909586,0.48171007912453845,305480.42511662527,21,True
/Users/MalteFogdeMikkelsen/Library/CloudStorage/OneDrive-Personligt/CERN/SHiP_codes/EventCalc-SHiP/analysis/lifetime_blind_discrimination_final/template_banks/template_bank_ma_1.npz,1.0,ALP-SU2L,16,94.26562913255931,23.336583240384698,48.51808495424952,0.48098731148168977,305562.24848817545,21,True
/Users/MalteFogdeMikkelsen/Library/CloudStorage/OneDrive-Personligt/CERN/SHiP_codes/EventCalc-SHiP/analysis/lifetime_blind_discrimination_final/template_banks/template_bank_ma_1.npz,1.0,ALP-SU2L,17,108.4552190940077,17.66881653401165,36.74132894655498,0.4808975897337092,305487.1279850485,21,True
/Users/MalteFogdeMikkelsen/Library/CloudStorage/OneDrive-Personligt/CERN/SHiP_codes/EventCalc-SHiP/analysis/lifetime_blind_discrimination_final/template_banks/template_bank_ma_1.npz,1.0,ALP-SU2L,18,124.78073564001106,13.368264416402367,27.814083148752243,0.4806293396373224,305915.33619323396,21,True
/Users/MalteFogdeMikkelsen/Library/CloudStorage/OneDrive-Personligt/CERN/SHiP_codes/EventCalc-SHiP/analysis/lifetime_blind_discrimination_final/template_banks/template_bank_ma_1.npz,1.0,ALP-SU2L,19,143.5636949233974,10.116971194940728,21.05002544220201,0.4806156278869755,305768.15222605126,21,True
/Users/MalteFogdeMikkelsen/Library/CloudStorage/OneDrive-Personligt/CERN/SHiP_codes/EventCalc-SHiP/analysis/lifetime_blind_discrimination_final/template_banks/template_bank_ma_1p05.npz,1.05,ALP-photon-combined,0,10.5,12.940166274848433,35.11213601600983,0.3685382817196937,683201.3982502117,21,True
/Users/MalteFogdeMikkelsen/Library/CloudStorage/OneDrive-Personligt/CERN/SHiP_codes/EventCalc-SHiP/analysis/lifetime_blind_discrimination_final/template_banks/template_bank_ma_1p05.npz,1.05,ALP-photon-combined,1,10.578886748946001,12.778478307446631,34.668634236054544,0.36858903123900166,683170.3443483284,21,True
/Users/MalteFogdeMikkelsen/Library/CloudStorage/OneDrive-Personligt/CERN/SHiP_codes/EventCalc-SHiP/analysis/lifetime_blind_discrimination_final/template_banks/template_bank_ma_1p05.npz,1.05,ALP-photon-combined,2,10.658366175907164,12.602269846079135,34.229960653182374,0.3681648943089713,683630.5113720398,21,True
/Users/MalteFogdeMikkelsen/Library/CloudStorage/OneDrive-Personligt/CERN/SHiP_codes/EventCalc-SHiP/analysis/lifetime_blind_discrimination_final/template_banks/template_bank_ma_1p05.npz,1.05,ALP-photon-combined,3,10.738442733687481,12.430499064418186,33.796337176257296,0.36780610276165954,682855.2134680061,21,True
/Users/MalteFogdeMikkelsen/Library/CloudStorage/OneDrive-Personligt/CERN/SHiP_codes/EventCalc-SHiP/analysis/lifetime_blind_discrimination_final/template_banks/template_bank_ma_1p05.npz,1.05,ALP-photon-combined,4,10.81912090854495,12.2611629452126,33.36806742934054,0.3674519949702379,682348.3043341523,21,True
/Users/MalteFogdeMikkelsen/Library/CloudStorage/OneDrive-Personligt/CERN/SHiP_codes/EventCalc-SHiP/analysis/lifetime_blind_discrimination_final/template_banks/template_bank_ma_1p05.npz,1.05,ALP-photon-combined,5,10.900405220442927,12.098023618240555,32.94426537349155,0.36722699629463207,682921.0866665316,21,True
/Users/MalteFogdeMikkelsen/Library/CloudStorage/OneDrive-Personligt/CERN/SHiP_codes/EventCalc-SHiP/analysis/lifetime_blind_discrimination_final/template_banks/template_bank_ma_1p05.npz,1.05,ALP-photon-combined,6,10.98230022330338,11.932752175784712,32.52561553941501,0.3668724473891795,682651.5397283336,21,True
/Users/MalteFogdeMikkelsen/Library/CloudStorage/OneDrive-Personligt/CERN/SHiP_codes/EventCalc-SHiP/analysis/lifetime_blind_discrimination_final/template_banks/template_bank_ma_1p05.npz,1.05,ALP-photon-combined,7,11.064810505261978,11.76754970568793,32.1119998289629,0.36645334355895137,681976.767329916,21,True
/Users/MalteFogdeMikkelsen/Library/CloudStorage/OneDrive-Personligt/CERN/SHiP_codes/EventCalc-SHiP/analysis/lifetime_blind_discrimination_final/template_banks/template_bank_ma_1p05.npz,1.05,ALP-photon-combined,8,11.147940688925186,11.609101050040124,31.70320733368692,0.36618064941664835,681948.8657198889,21,True
/Users/MalteFogdeMikkelsen/Library/CloudStorage/OneDrive-Personligt/CERN/SHiP_codes/EventCalc-SHiP/analysis/lifetime_blind_discrimination_final/template_banks/template_bank_ma_1p05.npz,1.05,ALP-photon-combined,9,11.231695431629198,11.462299136244294,31.299023380114804,0.36621906687116096,681636.3865053261,21,True
/Users/MalteFogdeMikkelsen/Library/CloudStorage/OneDrive-Personligt/CERN/SHiP_codes/EventCalc-SHiP/analysis/lifetime_blind_discrimination_final/template_banks/template_bank_ma_1p05.npz,1.05,ALP-photon-combined,10,11.316079425700895,11.308176047056882,30.899553421646758,0.36596567894521453,681493.5430619932,21,True
/Users/MalteFogdeMikkelsen/Library/CloudStorage/OneDrive-Personligt/CERN/SHiP_codes/EventCalc-SHiP/analysis/lifetime_blind_discrimination_final/template_banks/template_bank_ma_1p05.npz,1.05,ALP-photon-combined,11,11.401097398720731,11.142358121304216,30.50486394797516,0.3652649669346852,681044.7591152784,21,True
/Users/MalteFogdeMikkelsen/Library/CloudStorage/OneDrive-Personligt/CERN/SHiP_codes/EventCalc-SHiP/analysis/lifetime_blind_discrimination_final/template_banks/template_bank_ma_1p05.npz,1.05,ALP-photon-combined,12,11.486754113787567,11.012620516190427,30.1148768300024,0.36568705156445924,681444.5389299842,21,True
/Users/MalteFogdeMikkelsen/Library/CloudStorage/OneDrive-Personligt/CERN/SHiP_codes/EventCalc-SHiP/analysis/lifetime_blind_discrimination_final/template_banks/template_bank_ma_1p05.npz,1.05,ALP-photon-combined,13,11.573054369785543,10.861547826588488,29.72948034833888,0.3653460369748902,681187.7037189298,21,True
/Users/MalteFogdeMikkelsen/Library/CloudStorage/OneDrive-Personligt/CERN/SHiP_codes/EventCalc-SHiP/analysis/lifetime_blind_discrimination_final/template_banks/template_bank_ma_1p05.npz,1.05,ALP-photon-combined,14,11.660003001652942,10.709612695185957,29.348375550541398,0.3649133042046136,680818.809631481,21,True
/Users/MalteFogdeMikkelsen/Library/CloudStorage/OneDrive-Personligt/CERN/SHiP_codes/EventCalc-SHiP/analysis/lifetime_blind_discrimination_final/template_banks/template_bank_ma_1p05.npz,1.05,ALP-photon-combined,15,11.747604880653032,10.552952084307814,28.971933142433745,0.36424742637733865,680422.0881813756,21,True
/Users/MalteFogdeMikkelsen/Library/CloudStorage/OneDrive-Personligt/CERN/SHiP_codes/EventCalc-SHiP/analysis/lifetime_blind_discrimination_final/template_banks/template_bank_ma_1p05.npz,1.05,ALP-photon-combined,16,11.835864914647022,10.423943985513402,28.599847227514168,0.3644755128441792,680212.9033231165,21,True
/Users/MalteFogdeMikkelsen/Library/CloudStorage/OneDrive-Personligt/CERN/SHiP_codes/EventCalc-SHiP/analysis/lifetime_blind_discrimination_final/template_banks/template_bank_ma_1p05.npz,1.05,ALP-photon-combined,17,11.924788048368978,10.276232670118892,28.232341886773135,0.36398796498470115,680233.5774032822,21,True
/Users/MalteFogdeMikkelsen/Library/CloudStorage/OneDrive-Personligt/CERN/SHiP_codes/EventCalc-SHiP/analysis/lifetime_blind_discrimination_final/template_banks/template_bank_ma_1p05.npz,1.05,ALP-photon-combined,18,12.014379263702873,10.143468697879985,27.868977117578297,0.36396989581228706,679966.7021259855,21,True
/Users/MalteFogdeMikkelsen/Library/CloudStorage/OneDrive-Personligt/CERN/SHiP_codes/EventCalc-SHiP/analysis/lifetime_blind_discrimination_final/template_banks/template_bank_ma_1p05.npz,1.05,ALP-photon-combined,19,12.104643579961705,10.011711803864559,27.510199438802108,0.3639272709067828,679944.1509967583,21,True
/Users/MalteFogdeMikkelsen/Library/CloudStorage/OneDrive-Personligt/CERN/SHiP_codes/EventCalc-SHiP/analysis/lifetime_blind_discrimination_final/template_banks/template_bank_ma_1p05.npz,1.05,ALP-SU2L,0,10.5,1559.587498585852,3209.0728198135143,0.4859931781406203,304844.77873143996,21,True
/Users/MalteFogdeMikkelsen/Library/CloudStorage/OneDrive-Personligt/CERN/SHiP_codes/EventCalc-SHiP/analysis/lifetime_blind_discrimination_final/template_banks/template_bank_ma_1p05.npz,1.05,ALP-SU2L,1,12.013892726046072,1204.752024539538,2487.2980128762256,0.4843617525132842,304236.9348194192,21,True
/Users/MalteFogdeMikkelsen/Library/CloudStorage/OneDrive-Personligt/CERN/SHiP_codes/EventCalc-SHiP/analysis/lifetime_blind_discrimination_final/template_banks/template_bank_ma_1p05.npz,1.05,ALP-SU2L,2,13.74605889837549,928.2834887422221,1925.0683785706547,0.48220806028275415,303189.1241426051,21,True
/Users/MalteFogdeMikkelsen/Library/CloudStorage/OneDrive-Personligt/CERN/SHiP_codes/EventCalc-SHiP/analysis/lifetime_blind_discrimination_final/template_banks/template_bank_ma_1p05.npz,1.05,ALP-SU2L,3,15.727969239142302,714.3666099122523,1487.8786978225276,0.4801242271683233,302394.5004448607,21,True
/Users/MalteFogdeMikkelsen/Library/CloudStorage/OneDrive-Personligt/CERN/SHiP_codes/EventCalc-SHiP/analysis/lifetime_blind_discrimination_final/template_banks/template_bank_ma_1p05.npz,1.05,ALP-SU2L,4,17.995631927391237,550.6483236017118,1148.8147775996276,0.4793186285018504,302353.062261575,21,True
/Users/MalteFogdeMikkelsen/Library/CloudStorage/OneDrive-Personligt/CERN/SHiP_codes/EventCalc-SHiP/analysis/lifetime_blind_discrimination_final/template_banks/template_bank_ma_1p05.npz,1.05,ALP-SU2L,5,20.59024681077029,422.37682322911616,886.0358618310935,0.47670398166077227,301263.354659652,21,True
/Users/MalteFogdeMikkelsen/Library/CloudStorage/OneDrive-Personligt/CERN/SHiP_codes/EventCalc-SHiP/analysis/lifetime_blind_discrimination_final/template_banks/template_bank_ma_1p05.npz,1.05,ALP-SU2L,6,23.558953941657748,325.0188815167174,682.6627803812311,0.4761045875903935,301172.77547241474,21,True
/Users/MalteFogdeMikkelsen/Library/CloudStorage/OneDrive-Personligt/CERN/SHiP_codes/EventCalc-SHiP/analysis/lifetime_blind_discrimination_final/template_banks/template_bank_ma_1p05.npz,1.05,ALP-SU2L,7,26.95569003742252,249.59669988277747,525.5427498726635,0.4749312971080917,300755.1558454273,21,True
/Users/MalteFogdeMikkelsen/Library/CloudStorage/OneDrive-Personligt/CERN/SHiP_codes/EventCalc-SHiP/analysis/lifetime_blind_discrimination_final/template_banks/template_bank_ma_1p05.npz,1.05,ALP-SU2L,8,30.842168425346934,191.40588660068764,404.2549701132969,0.4734781282887976,300922.19202814193,21,True
/Users/MalteFogdeMikkelsen/Library/CloudStorage/OneDrive-Personligt/CERN/SHiP_codes/EventCalc-SHiP/analysis/lifetime_blind_discrimination_final/template_banks/template_bank_ma_1p05.npz,1.05,ALP-SU2L,9,35.28900027626318,146.56671371043316,310.7413609325675,0.47166786317267534,299887.79755542113,21,True
/Users/MalteFogdeMikkelsen/Library/CloudStorage/OneDrive-Personligt/CERN/SHiP_codes/EventCalc-SHiP/analysis/lifetime_blind_discrimination_final/template_banks/template_bank_ma_1p05.npz,1.05,ALP-SU2L,10,40.376977497946264,112.34820240626834,238.74239624843088,0.47058337426319913,300170.75418209104,21,True
/Users/MalteFogdeMikkelsen/Library/CloudStorage/OneDrive-Personligt/CERN/SHiP_codes/EventCalc-SHiP/analysis/lifetime_blind_discrimination_final/template_banks/template_bank_ma_1p05.npz,1.05,ALP-SU2L,11,46.19854059640977,86.045196140133,183.28294219409764,0.46946647140250874,299464.3474891695,21,True
/Users/MalteFogdeMikkelsen/Library/CloudStorage/OneDrive-Personligt/CERN/SHiP_codes/EventCalc-SHiP/analysis/lifetime_blind_discrimination_final/template_banks/template_bank_ma_1p05.npz,1.05,ALP-SU2L,12,52.85945817382395,66.01027413381584,140.6401035077956,0.46935598373018067,299531.8332349509,21,True
/Users/MalteFogdeMikkelsen/Library/CloudStorage/OneDrive-Personligt/CERN/SHiP_codes/EventCalc-SHiP/analysis/lifetime_blind_discrimination_final/template_banks/template_bank_ma_1p05.npz,1.05,ALP-SU2L,13,60.48074857687998,50.49502469853122,107.85586154841016,0.46817135363447043,299483.0394705863,21,True
/Users/MalteFogdeMikkelsen/Library/CloudStorage/OneDrive-Personligt/CERN/SHiP_codes/EventCalc-SHiP/analysis/lifetime_blind_discrimination_final/template_banks/template_bank_ma_1p05.npz,1.05,ALP-SU2L,14,69.20087860891422,38.62785785639561,82.68008998030203,0.46719661124701767,299170.53701207705,21,True
/Users/MalteFogdeMikkelsen/Library/CloudStorage/OneDrive-Personligt/CERN/SHiP_codes/EventCalc-SHiP/analysis/lifetime_blind_discrimination_final/template_banks/template_bank_ma_1p05.npz,1.05,ALP-SU2L,15,79.17827925291732,29.481212873640015,63.3564695249966,0.4653228485531146,298209.4101884982,21,True
/Users/MalteFogdeMikkelsen/Library/CloudStorage/OneDrive-Personligt/CERN/SHiP_codes/EventCalc-SHiP/analysis/lifetime_blind_discrimination_final/template_banks/template_bank_ma_1p05.npz,1.05,ALP-SU2L,16,90.5942241121398,22.57328816067527,48.53442889549493,0.46509846050275805,298621.8915159277,21,True
/Users/MalteFogdeMikkelsen/Library/CloudStorage/OneDrive-Personligt/CERN/SHiP_codes/EventCalc-SHiP/analysis/lifetime_blind_discrimination_final/template_banks/template_bank_ma_1p05.npz,1.05,ALP-SU2L,17,103.65612286501181,17.28880203845392,37.164921436636654,0.4651914055012871,298730.66848288703,21,True
/Users/MalteFogdeMikkelsen/Library/CloudStorage/OneDrive-Personligt/CERN/SHiP_codes/EventCalc-SHiP/analysis/lifetime_blind_discrimination_final/template_banks/template_bank_ma_1p05.npz,1.05,ALP-SU2L,18,118.60128957124793,13.208327560407058,28.451383380997136,0.4642420153541281,298606.2801075697,21,True
/Users/MalteFogdeMikkelsen/Library/CloudStorage/OneDrive-Personligt/CERN/SHiP_codes/EventCalc-SHiP/analysis/lifetime_blind_discrimination_final/template_banks/template_bank_ma_1p05.npz,1.05,ALP-SU2L,19,135.70125429330454,10.105463607517459,21.77484094990716,0.4640889745539356,298606.7894511693,21,True
