model,mass_GeV,ctau_m,ctau_min_m,coupling_squared,yield_per_PoT_per_coupling_squared,N_LLP_total,epsilon_polar,epsilon_azimuthal,P_decay_averaged,visible_Br,N_events,passes_event_cut,sampled_inside_volume
ALP-SU2L,0.3,3.0,3.0,9.078213333333322e-08,6.693102472859992e-07,36456847.266290285,0.3043734083502781,0.611185,0.06347864731593968,1.0,430512.89776207134,True,122237
ALP-SU2L,0.3,5.1,3.0,5.340125490196072e-08,6.693102472859992e-07,21445204.274288405,0.3043734083502781,0.611595,0.03878314052070525,1.0,154825.96479412107,True,122319
ALP-SU2L,0.3,8.67,3.0,3.14125028835063e-08,6.693102472859992e-07,12614826.04369906,0.3043734083502781,0.611885,0.023333657100181187,1.0,54820.19699432996,True,122377
ALP-SU2L,0.3,14.738999999999999,3.0,1.847794287265077e-08,6.693102472859992e-07,7420485.908058272,0.3043734083502781,0.61203,0.013910392170494596,1.0,19228.753709349552,True,122406
ALP-SU2L,0.3,25.056299999999997,3.0,1.0869378160382806e-08,6.693102472859992e-07,4364991.710622513,0.3043734083502781,0.61213,0.008248468883319213,1.0,6708.217506201401,True,122426
ALP-SU2L,0.3,42.59570999999999,3.0,6.39375185904871e-09,6.693102472859992e-07,2567642.1827191254,0.3043734083502781,0.61216,0.004875262107114555,1.0,2332.40587822473,True,122432
ALP-SU2L,0.3,72.41270699999998,3.0,3.761030505322771e-09,6.693102472859992e-07,1510377.7545406623,0.3043734083502781,0.61218,0.0028760458116629563,1.0,809.4075006376956,True,122436
ALP-SU2L,0.3,123.10160189999996,3.0,2.212370885483983e-09,6.693102472859992e-07,888457.5026709777,0.3043734083502781,0.612205,0.0016946912476416413,1.0,280.5632769648672,True,122441
ALP-SU2L,0.3,209.27272322999994,3.0,1.30139463851999e-09,6.693102472859992e-07,522622.0603946928,0.3043734083502781,0.61222,0.0009978805918830899,1.0,97.1808144115438,True,122444
ALP-SU2L,0.3,355.7636294909999,3.0,7.655262579529352e-10,6.693102472859992e-07,307424.7414086428,0.3043734083502781,0.61222,0.0005873405529668646,1.0,33.64674251699008,True,122444
ALP-SU2L,0.3,604.7981701346998,3.0,4.503095635017266e-10,6.693102472859992e-07,180838.0831815546,0.3043734083502781,0.61222,0.0003456167728556507,1.0,11.646593733182316,True,122444
ALP-SU2L,0.3,644.0345406729224,3.0,4.228754558962588e-10,6.693102472859992e-07,169820.92557426277,0.3043734083502781,0.61222,0.0003245708568514252,1.0,10.271052430492544,True,122444
ALP-SU2L,0.3,649.1147777132595,3.0,4.1956586007706976e-10,6.693102472859992e-07,168491.8377365679,0.3043734083502781,0.61222,0.000322031832027874,1.0,10.110948316164444,True,122444
ALP-SU2L,0.3,651.6699041500076,3.0,4.1792078821750896e-10,6.693102472859992e-07,167831.19966469237,0.3043734083502781,0.61222,0.00032076977413379346,1.0,10.031834477860999,True,122444
ALP-SU2L,0.3,652.3102557476692,3.0,4.175105290776701e-10,6.693102472859992e-07,167666.44527689024,0.3043734083502781,0.61222,0.0003204550328790426,1.0,10.012152920555344,True,122444
ALP-SU2L,0.3,652.6306674690715,3.0,4.17305550559201e-10,6.693102472859992e-07,167584.1287431593,0.3043734083502781,0.61222,0.00032029777802616155,1.0,10.002326624989953,True,122444
ALP-SU2L,0.3,652.6707299987753,3.0,4.1727993532130776e-10,6.693102472859992e-07,167573.84201843414,0.3043734083502781,0.61222,0.0003202781265937107,1.0,10.001099016245066,True,122444
ALP-SU2L,0.3,652.6907621858505,3.0,4.172671282919895e-10,6.693102472859992e-07,167568.69889285814,0.3043734083502781,0.61222,0.0003202683013294105,1.0,10.000485268367386,True,122444
ALP-SU2L,0.3,652.7007785099522,3.0,4.1726072492473214e-10,6.693102472859992e-07,167566.12738926464,0.3043734083502781,0.61222,0.00032026338881023785,1.0,10.000178408551232,True,122444
ALP-SU2L,0.3,652.7107949877663,3.0,4.172543216557407e-10,6.693102472859992e-07,167563.55592513338,0.3043734083502781,0.61222,0.0003202584763663819,1.0,9.999871558149815,False,122444
ALP-SU2L,0.3,652.7909323442142,3.0,4.1720309904119874e-10,6.693102472859992e-07,167542.98563264997,0.3043734083502781,0.61222,0.0003202191795267972,1.0,9.997417093834347,False,122444
ALP-SU2L,0.3,652.9512365752001,3.0,4.17100672675782e-10,6.693102472859992e-07,167501.85262307056,0.3043734083502781,0.61222,0.0003201406003058494,1.0,9.992509972186049,False,122444
ALP-SU2L,0.3,654.2350883936828,3.0,4.1628216650482766e-10,6.693102472859992e-07,167173.1518824586,0.3043734083502781,0.61222,0.00031951265999460957,1.0,9.95333959950436,False,122444
ALP-SU2L,0.3,664.5971975948178,3.0,4.097916768015624e-10,6.693102472859992e-07,164566.6611214788,0.3043734083502781,0.61222,0.00031453325516356,1.0,9.645453417863886,False,122444
ALP-SU2L,0.3,685.8163765399665,3.0,3.9711271021847413e-10,6.693102472859992e-07,159474.96376604415,0.3043734083502781,0.61222,0.00030480593569076126,1.0,9.057954874403471,False,122444
ALP-SU2L,0.3,777.6877073316125,3.0,3.5020021202915696e-10,6.693102472859992e-07,140635.55430770662,0.3043734083502781,0.61222,0.00026881219677123304,1.0,7.044632139688312,False,122444
ALP-SU2L,0.3,1000.0,3.0,2.723463999999997e-10,6.693102472859992e-07,109370.54179887085,0.3043734083502781,0.61222,0.0002090702727191569,1.0,4.260954236542846,False,122444
ALP-photon-primary,0.3,3.0,3.0,4.844991835527848e-13,0.000989047317673,287515.57074458414,0.7634910618499624,0.843875,0.19543587410309188,0.9999999999999996,36203.26448802606,True,168775
ALP-photon-primary,0.3,5.1,3.0,2.849995197369323e-13,0.000989047317673,169126.80632034366,0.7634910618499624,0.845895,0.14922466960328246,0.9999999999999996,16299.470229870743,True,169179
ALP-photon-primary,0.3,8.67,3.0,1.676467763158425e-13,0.000989047317673,99486.35665902567,0.7634910618499624,0.847265,0.10550911347560799,0.9999999999999996,6790.108658039881,True,169453
ALP-photon-primary,0.3,14.738999999999999,3.0,9.861575077402501e-14,0.000989047317673,58521.3862700151,0.7634910618499624,0.84814,0.07027419882327166,0.9999999999999996,2663.0664994977415,True,169628
ALP-photon-primary,0.3,25.056299999999997,3.0,5.800926516119119e-14,0.000989047317673,34424.34486471477,0.7634910618499624,0.848655,0.04481048695598524,0.9999999999999996,999.494661360429,True,169731
ALP-photon-primary,0.3,42.59570999999999,3.0,3.412309715364188e-14,0.000989047317673,20249.614626302806,0.7634910618499624,0.84889,0.027729611727805994,0.9999999999999996,363.9283813547628,True,169778
ALP-photon-primary,0.3,72.41270699999998,3.0,2.0072410090377577e-14,0.000989047317673,11911.53801547224,0.7634910618499624,0.849055,0.016828154589809102,0.9999999999999996,129.94037479057064,True,169811
ALP-photon-primary,0.3,123.10160189999996,3.0,1.1807300053163281e-14,0.000989047317673,7006.787067924847,0.7634910618499624,0.849165,0.010087143149582123,0.9999999999999996,45.8229607283553,True,169833
ALP-photon-primary,0.3,209.27272322999994,3.0,6.945470619507812e-15,0.000989047317673,4121.639451720498,0.7634910618499624,0.84922,0.006000614448579789,0.9999999999999996,16.035772733500902,True,169844
ALP-photon-primary,0.3,238.95980549217367,3.0,6.082602668949524e-15,0.000989047317673,3609.5891125170942,0.7634910618499624,0.84923,0.005265661297656162,0.9999999999999996,12.323667534570884,True,169846
ALP-photon-primary,0.3,255.34712432070376,3.0,5.6922417063637315e-15,0.000989047317673,3377.937834735257,0.7634910618499624,0.849225,0.004931798204201857,0.9999999999999996,10.801490272154803,True,169845
ALP-photon-primary,0.3,263.9575136378377,3.0,5.506558728434693e-15,0.000989047317673,3267.748283980307,0.7634910618499624,0.84923,0.004772999824057594,0.9999999999999996,10.112750638482385,True,169846
ALP-photon-primary,0.3,265.05402952820583,3.0,5.483778357361966e-15,0.000989047317673,3254.229765037261,0.7634910618499624,0.84923,0.004753504701282303,0.9999999999999996,10.029780431446806,True,169846
ALP-photon-primary,0.3,265.328869493939,3.0,5.47809800505541e-15,0.000989047317673,3250.8588827099193,0.7634910618499624,0.84923,0.0047486432153444865,0.9999999999999996,10.009144126138775,True,169846
ALP-photon-primary,0.3,265.39762400308484,3.0,5.4766788365877e-15,0.000989047317673,3250.0167078501304,0.7634910618499624,0.84923,0.004747428610960462,0.9999999999999996,10.003991666497527,True,169846
ALP-photon-primary,0.3,265.4320079384871,3.0,5.475969390229671e-15,0.000989047317673,3249.5957022396656,0.7634910618499624,0.84923,0.0047468214237816496,0.9999999999999996,10.001416428250549,True,169846
ALP-photon-primary,0.3,265.449201576648,3.0,5.4756147015144045e-15,0.000989047317673,3249.3852198861996,0.7634910618499624,0.84923,0.00474651785894142,0.9999999999999996,10.000129056946612,True,169846
ALP-photon-primary,0.3,265.45350016020666,3.0,5.47552603292531e-15,0.000989047317673,3249.332601428076,0.7634910618499624,0.84923,0.004746441970725869,0.9999999999999996,9.999807239931595,False,169846
ALP-photon-primary,0.3,265.45779881337495,3.0,5.4754373657720575e-15,0.000989047317673,3249.279983822022,0.7634910618499624,0.84923,0.004746366083708084,0.9999999999999996,9.999485433240306,False,169846
ALP-photon-primary,0.3,265.46639632854493,3.0,5.475260035772986e-15,0.000989047317673,3249.174751166067,0.7634910618499624,0.84923,0.0047462143132657375,0.9999999999999996,9.998841850827581,False,169846
ALP-photon-primary,0.3,265.6039944468761,3.0,5.472423536721588e-15,0.000989047317673,3247.491492099047,0.7634910618499624,0.84923,0.004743786637642581,0.9999999999999996,9.98855014600105,False,169846
ALP-photon-primary,0.3,266.15510049670473,3.0,5.461092227598886e-15,0.000989047317673,3240.7671715629276,0.7634910618499624,0.84923,0.004734088187649383,0.9999999999999996,9.947488815821183,False,169846
ALP-photon-primary,0.3,268.3709834363907,3.0,5.416001134127314e-15,0.000989047317673,3214.0088365335273,0.7634910618499624,0.84923,0.004695489754224805,0.9999999999999996,9.784919307915183,False,169846
ALP-photon-primary,0.3,272.85824812486476,3.0,5.326932796230548e-15,0.000989047317673,3161.153156121694,0.7634910618499624,0.84923,0.0046192226915339725,0.9999999999999996,9.467683309614882,False,169846
ALP-photon-primary,0.3,355.7636294909999,3.0,4.085570952651654e-15,0.000989047317673,2424.4937951297047,0.7634910618499624,0.84924,0.003553020934474583,0.9999999999999996,5.585386643776131,False,169848
ALP-photon-primary,0.3,604.7981701346998,3.0,2.403277030971561e-15,0.000989047317673,1426.172820664532,0.7634910618499624,0.849255,0.002098290144423394,0.9999999999999996,1.9403486196481352,False,169851
ALP-photon-primary,0.3,1000.0,3.0,1.4534975506583546e-15,0.000989047317673,862.5467122337526,0.7634910618499624,0.84927,0.0012718355138635908,0.9999999999999996,0.7113172030958971,False,169854
ALP-SU2L,0.4,4.0,4.0,2.8724034500000002e-08,6.688111598529992e-07,11526572.89776154,0.3066757648247614,0.611625,0.06348264541229642,1.0,137252.38606372545,True,122325
ALP-SU2L,0.4,6.8,4.0,1.6896490882352943e-08,6.688111598529992e-07,6780336.998683259,0.3066757648247614,0.612085,0.03878649758060396,1.0,49365.44293792991,True,122417
ALP-SU2L,0.4,11.559999999999999,4.0,9.939112283737027e-09,6.688111598529992e-07,3988433.5286372122,0.3066757648247614,0.61232,0.023341909151147026,1.0,17482.222158785185,True,122464
ALP-SU2L,0.4,19.651999999999997,4.0,5.846536637492369e-09,6.688111598529992e-07,2346137.3697865955,0.3066757648247614,0.612495,0.013923308891464358,1.0,6135.894729996068,True,122499
ALP-SU2L,0.4,33.40839999999999,4.0,3.4391391985249227e-09,6.688111598529992e-07,1380080.8057568206,0.3066757648247614,0.61257,0.00826243488607583,1.0,2142.139485790107,True,122514
ALP-SU2L,0.4,56.794279999999986,4.0,2.0230230579558372e-09,6.688111598529992e-07,811812.238680483,0.3066757648247614,0.61262,0.004887663315557582,1.0,745.4654232009141,True,122524
ALP-SU2L,0.4,96.55027599999997,4.0,1.1900135635034336e-09,6.688111598529992e-07,477536.61098851933,0.3066757648247614,0.61261,0.0028853735241477084,1.0,258.86435558672775,True,122522
ALP-SU2L,0.4,164.13546919999993,4.0,7.000079785314316e-10,6.688111598529992e-07,280903.8888167761,0.3066757648247614,0.612625,0.0017010968892243045,1.0,89.77614949441924,True,122525
ALP-SU2L,0.4,279.0302976399999,4.0,4.1176939913613623e-10,6.688111598529992e-07,165237.58165692713,0.3066757648247614,0.61263,0.0010020278248373182,1.0,31.10758730849315,True,122526
ALP-SU2L,0.4,474.3515059879998,4.0,2.4221729360949193e-10,6.688111598529992e-07,97198.57744525126,0.3066757648247614,0.61263,0.0005925351986982799,1.0,10.820610888756635,True,122526
ALP-SU2L,0.4,490.3467953439736,4.0,2.343160781124336e-10,6.688111598529992e-07,94027.92478474962,0.3066757648247614,0.61263,0.0005733383931080693,1.0,10.128510746745254,True,122526
ALP-SU2L,0.4,492.3837635115988,4.0,2.3334672366241314e-10,6.688111598529992e-07,93638.9357403335,0.3066757648247614,0.61263,0.0005709829805211374,1.0,10.045171352215643,True,122526
ALP-SU2L,0.4,493.4054185942859,4.0,2.32863551290822e-10,6.688111598529992e-07,93445.04509578184,0.3066757648247614,0.61263,0.0005698089084117797,1.0,10.003759210717245,True,122526
ALP-SU2L,0.4,493.46934237696405,4.0,2.3283338625772253e-10,6.688111598529992e-07,93432.94026931727,0.3066757648247614,0.61263,0.0005697356091790096,1.0,10.001176628943824,True,122526
ALP-SU2L,0.4,493.4853246166118,4.0,2.3282584561002434e-10,6.688111598529992e-07,93429.91430771742,0.3066757648247614,0.61263,0.0005697172858453441,1.0,10.00053108770334,True,122526
ALP-SU2L,0.4,493.493315930544,4.0,2.328220753777563e-10,6.688111598529992e-07,93428.40136366777,0.3066757648247614,0.61263,0.0005697081243996773,1.0,10.00020833271168,True,122526
ALP-SU2L,0.4,493.50130737388446,4.0,2.3281830520654095e-10,6.688111598529992e-07,93426.88844411774,0.3066757648247614,0.61263,0.0005696989631014516,1.0,9.999885588138625,False,122526
ALP-SU2L,0.4,493.5332744413712,4.0,2.328032251321871e-10,6.688111598529992e-07,93420.83701090618,0.3066757648247614,0.61263,0.0005696623193829076,1.0,9.998594714025703,False,122526
ALP-SU2L,0.4,493.66116341966466,4.0,2.327429146017833e-10,6.688111598529992e-07,93396.63519743175,0.3066757648247614,0.61263,0.0005695157680958163,1.0,9.99343288406599,False,122526
ALP-SU2L,0.4,493.9170408042194,4.0,2.3262234040947565e-10,6.688111598529992e-07,93348.25037818839,0.3066757648247614,0.61263,0.0005692227787078657,1.0,9.983117218830001,False,122526
ALP-SU2L,0.4,494.4291935257279,4.0,2.3238137938556277e-10,6.688111598529992e-07,93251.55592505886,0.3066757648247614,0.61263,0.0005686372524032537,1.0,9.962517828546934,False,122526
ALP-SU2L,0.4,498.5455798462294,4.0,2.3046265506042276e-10,6.688111598529992e-07,92481.59738025782,0.3066757648247614,0.61263,0.0005639746894678265,1.0,9.799245842198628,False,122526
ALP-SU2L,0.4,506.8814511367597,4.0,2.266726031152407e-10,6.688111598529992e-07,90960.69995784163,0.3066757648247614,0.61263,0.0005547640253853364,1.0,9.480686840548744,False,122526
ALP-SU2L,0.4,541.6422257822602,4.0,2.1212551852666704e-10,6.688111598529992e-07,85123.14844814345,0.3066757648247614,0.61263,0.0005194020553538593,1.0,8.306710202747087,False,122526
ALP-SU2L,0.4,618.4786957496933,4.0,1.8577218389184424e-10,6.688111598529992e-07,74547.9058662774,0.3066757648247614,0.61263,0.0004552975953215735,1.0,6.376884071346008,False,122526
ALP-SU2L,0.4,806.3975601795996,4.0,1.4248076094675994e-10,6.688111598529992e-07,57175.63379132426,0.3066757648247614,0.61263,0.0003498355771562299,1.0,3.7579645442233085,False,122526
ALP-SU2L,0.4,1000.0,4.0,1.14896138e-10,6.688111598529992e-07,46106.29159104616,0.3066757648247614,0.612635,0.00028250110611544764,1.0,2.4471557258734458,False,122527
ALP-photon-primary,0.4,4.0,4.0,1.5314137523943464e-13,0.0006733037485349,61866.39720270063,0.8155393398090223,0.862585,0.18587977395197125,1.0,8089.725365329043,True,172517
ALP-photon-primary,0.4,6.8,4.0,9.008316190554979e-14,0.0006733037485349,36391.99835452979,0.8155393398090223,0.86455,0.1375495049789647,1.0,3529.3925641141705,True,172910
ALP-photon-primary,0.4,11.559999999999999,4.0,5.2990095238558706e-14,0.0006733037485349,21407.05785560576,0.8155393398090223,0.865755,0.09455997495009243,1.0,1429.2370142385807,True,173151
ALP-photon-primary,0.4,19.651999999999997,4.0,3.117064425797571e-14,0.0006733037485349,12592.38697388574,0.8155393398090223,0.866395,0.06155786641084953,1.0,547.7122732847533,True,173279
ALP-photon-primary,0.4,33.40839999999999,4.0,1.8335673092926887e-14,0.0006733037485349,7407.286455226906,0.8155393398090223,0.866795,0.03860488119143535,1.0,202.14484611732928,True,173359
ALP-photon-primary,0.4,56.794279999999986,4.0,1.0785690054662877e-14,0.0006733037485349,4357.227326604063,0.8155393398090223,0.867,0.023617663764273905,1.0,72.7630955408336,True,173400
ALP-photon-primary,0.4,96.55027599999997,4.0,6.344523561566399e-15,0.0006733037485349,2563.07489800239,0.8155393398090223,0.867135,0.014227952870848963,1.0,25.7890501344099,True,173427
ALP-photon-primary,0.4,125.88615830443587,4.0,4.866027442638652e-15,0.0006733037485349,1965.7887105613781,0.8155393398090223,0.867195,0.011001534445623792,1.0,15.295080953021674,True,173439
ALP-photon-primary,0.4,143.7441604347253,4.0,4.261498339168405e-15,0.0006733037485349,1721.5696836824025,0.8155393398090223,0.867215,0.009667102677274757,1.0,11.770438271712143,True,173443
ALP-photon-primary,0.4,153.6018073386954,4.0,3.9880097218323605e-15,0.0006733037485349,1611.085136942011,0.8155393398090223,0.867235,0.009060887783073995,1.0,10.324545797373078,True,173447
ALP-photon-primary,0.4,154.88062417801783,4.0,3.955081561743085e-15,0.0006733037485349,1597.7827447697314,0.8155393398090223,0.867235,0.00898768199977819,1.0,10.156571653191348,True,173447
ALP-photon-primary,0.4,155.52401963655495,4.0,3.938719577781275e-15,0.0006733037485349,1591.1727936887587,0.8155393398090223,0.86723,0.008951233707127542,1.0,10.07347815501928,True,173446
ALP-photon-primary,0.4,155.84671895549357,4.0,3.93056398660965e-15,0.0006733037485349,1587.8780796243345,0.8155393398090223,0.86723,0.008933095067519268,1.0,10.032249339467883,True,173446
ALP-photon-primary,0.4,156.00831961847385,4.0,3.926492525884505e-15,0.0006733037485349,1586.2332817633828,0.8155393398090223,0.86723,0.008924039234547732,1.0,10.011697915047568,True,173446
ALP-photon-primary,0.4,156.08918277675073,4.0,3.924458377323117e-15,0.0006733037485349,1585.4115218525071,0.8155393398090223,0.86723,0.008919514686048064,1.0,10.001437911544032,True,173446
ALP-photon-primary,0.4,156.09929361813093,4.0,3.9242041828598584e-15,0.0006733037485349,1585.308831801526,0.8155393398090223,0.86723,0.00891894927528212,1.0,10.000156146676051,True,173446
ALP-photon-primary,0.4,156.10182143080877,4.0,3.9241406368166865e-15,0.0006733037485349,1585.2831603280827,0.8155393398090223,0.86723,0.008918807928068685,1.0,9.999835730989728,False,173446
ALP-photon-primary,0.4,156.10434928442103,4.0,3.924077091802539e-15,0.0006733037485349,1585.2574892703467,0.8155393398090223,0.86723,0.008918666583046398,1.0,9.999515325515016,False,173446
ALP-photon-primary,0.4,156.10940511445153,4.0,3.9239500048612474e-15,0.0006733037485349,1585.20614840197,0.8155393398090223,0.86723,0.00891838389957516,1.0,9.998874545199175,False,173446
ALP-photon-primary,0.4,156.1296300720837,4.0,3.9234416982537035e-15,0.0006733037485349,1585.0008015554115,0.8155393398090223,0.86723,0.008917253253329867,1.0,9.996311832336081,False,173446
ALP-photon-primary,0.4,156.1700878484998,4.0,3.92242528256747e-15,0.0006733037485349,1584.590187660445,0.8155393398090223,0.86723,0.008914992381455737,1.0,9.991188366394208,False,173446
ALP-photon-primary,0.4,158.78131098307747,4.0,3.857919406037807e-15,0.0006733037485349,1558.530958578474,0.8155393398090223,0.86723,0.008771457083575792,1.0,9.668662139695368,False,173446
ALP-photon-primary,0.4,164.13546919999993,4.0,3.732072683274352e-15,0.0006733037485349,1507.691116471994,0.8155393398090223,0.86723,0.008491138869822824,1.0,9.054355201886784,False,173446
ALP-photon-primary,0.4,279.0302976399999,4.0,2.1953368725143246e-15,0.0006733037485349,886.8771273364671,0.8155393398090223,0.86728,0.005037330612093673,1.0,3.159862295669251,False,173456
ALP-photon-primary,0.4,474.3515059879998,4.0,1.2913746308907792e-15,0.0006733037485349,521.6924278449807,0.8155393398090223,0.867305,0.002977950849850648,1.0,1.0988763437163747,False,173461
ALP-photon-primary,0.4,806.3975601795996,4.0,7.596321358181055e-16,0.0006733037485349,306.87789873234163,0.8155393398090223,0.867325,0.0017570256163031356,1.0,0.38139103925853424,False,173465
ALP-photon-primary,0.4,1000.0,4.0,6.125655009577385e-16,0.0006733037485349,247.4655888108025,0.8155393398090223,0.86733,0.0014180240087498456,1.0,0.24821480658675307,False,173466
ALP-SU2L,0.5,5.0,5.0,1.1765364500000007e-08,6.68162420799999e-07,4716704.655548625,0.30855252468160144,0.61068,0.06351781493013137,1.0,56451.70115600155,True,122136
ALP-SU2L,0.5,8.5,5.0,6.920802647058827e-09,6.68162420799999e-07,2774532.15032272,0.30855252468160144,0.611025,0.038819441369534226,1.0,20306.12835525876,True,122205
ALP-SU2L,0.5,14.45,5.0,4.07106038062284e-09,6.68162420799999e-07,1632077.7354839533,0.30855252468160144,0.61122,0.02337602270262361,1.0,7195.121325362146,True,122244
ALP-SU2L,0.5,24.564999999999998,5.0,2.3947414003663765e-09,6.68162420799999e-07,960045.7267552665,0.30855252468160144,0.61136,0.013957939598178454,1.0,2527.7804935822533,True,122272
ALP-SU2L,0.5,41.76049999999999,5.0,1.4086714119802215e-09,6.68162420799999e-07,564732.7804442744,0.30855252468160144,0.611465,0.008294961246402666,1.0,883.8082809579826,True,122293
ALP-SU2L,0.5,70.99284999999999,5.0,8.286302423413068e-10,6.68162420799999e-07,332195.75320251443,0.30855252468160144,0.61151,0.004914690817169665,1.0,308.051228762034,True,122302
ALP-SU2L,0.5,120.68784499999998,5.0,4.874295543184157e-10,6.68162420799999e-07,195409.26658971433,0.30855252468160144,0.61156,0.0029049048075590425,1.0,107.11375304531231,True,122312
ALP-SU2L,0.5,205.16933649999996,5.0,2.8672326724612694e-10,6.68162420799999e-07,114946.62740571433,0.30855252468160144,0.611575,0.001714564430498111,1.0,37.19023062181104,True,122315
ALP-SU2L,0.5,348.7878720499999,5.0,1.686607454388982e-10,6.68162420799999e-07,67615.66317983197,0.30855252468160144,0.61159,0.001010775360101881,1.0,12.897081328955213,True,122318
ALP-SU2L,0.5,372.7069493652646,5.0,1.5783666658264503e-10,6.68162420799999e-07,63276.317540917444,0.30855252468160144,0.61159,0.0009461052619457033,1.0,11.29718224357325,True,122318
ALP-SU2L,0.5,385.27475072106023,5.0,1.5268797757938406e-10,6.68162420799999e-07,61212.22123589833,0.30855252468160144,0.61159,0.000915334605698006,1.0,10.57322565669257,True,122318
ALP-SU2L,0.5,391.7166907629166,5.0,1.501769617869168e-10,6.68162420799999e-07,60205.561401561165,0.30855252468160144,0.61159,0.0009003256296077016,1.0,10.228823947943246,True,122318
ALP-SU2L,0.5,394.9779408033325,5.0,1.489369821017197e-10,6.68162420799999e-07,59708.45670463869,0.30855252468160144,0.61159,0.0008929134419263448,1.0,10.0608502995186,True,122318
ALP-SU2L,0.5,395.79748695955243,5.0,1.4862859022147278e-10,6.68162420799999e-07,59584.823185482186,0.30855252468160144,0.61159,0.0008910699244399243,1.0,10.019289386832158,True,122318
ALP-SU2L,0.5,396.00263906241383,5.0,1.4855159207847693e-10,6.68162420799999e-07,59553.95482610946,0.30855252468160144,0.61159,0.0008906096385222386,1.0,10.008925994820252,True,122318
ALP-SU2L,0.5,396.10525498627135,5.0,1.4851310796681785e-10,6.68162420799999e-07,59538.526643784375,0.30855252468160144,0.61159,0.0008903795844978106,1.0,10.003748316617857,True,122318
ALP-SU2L,0.5,396.1565729193203,5.0,1.4849386964981766e-10,6.68162420799999e-07,59530.814051509,0.30855252468160144,0.61159,0.000890264579712549,1.0,10.00116048136228,True,122318
ALP-SU2L,0.5,396.1694034413867,5.0,1.4848906045997433e-10,6.68162420799999e-07,59528.886059552315,0.30855252468160144,0.61159,0.0008902358308312198,1.0,10.00051362708638,True,122318
ALP-SU2L,0.5,396.1758188582497,5.0,1.4848665592346023e-10,6.68162420799999e-07,59527.92208698942,0.30855252468160144,0.61159,0.0008902214567377822,1.0,10.000190215627269,True,122318
ALP-SU2L,0.5,396.1822343790016,5.0,1.4848425142588362e-10,6.68162420799999e-07,59526.95813003646,0.30855252468160144,0.61159,0.0008902070828758253,1.0,9.999866814620274,False,122318
ALP-SU2L,0.5,396.207897500931,5.0,1.4847463382493987e-10,6.68162420799999e-07,59523.10245831914,0.30855252468160144,0.61159,0.0008901495897427228,1.0,9.998573315106656,False,122318
ALP-SU2L,0.5,396.61873360542705,5.0,1.4832083690359272e-10,6.68162420799999e-07,59461.4456643518,0.30855252468160144,0.61159,0.0008892302031119006,1.0,9.977900048334682,False,122318
ALP-SU2L,0.5,398.26634248695615,5.0,1.4770724066879115e-10,6.68162420799999e-07,59215.45649696853,0.30855252468160144,0.61159,0.0008855621178275591,1.0,9.89563326620421,False,122318
ALP-SU2L,0.5,454.76374687477465,5.0,1.2935688674453375e-10,6.68162420799999e-07,51858.84635662738,0.30855252468160144,0.61159,0.0007758245617595767,1.0,7.592343630734341,False,122318
ALP-SU2L,0.5,592.9393824849999,5.0,9.921220319935187e-11,6.68162420799999e-07,39773.91951754821,0.30855252468160144,0.611585,0.0005953892206507616,1.0,4.468742062080212,False,122317
ALP-SU2L,0.5,1000.0,5.0,5.882682250000003e-11,6.68162420799999e-07,23583.52327774312,0.30855252468160144,0.611585,0.0003533219717833749,1.0,1.5724080635116178,False,122317
ALP-photon-primary,0.5,5.0,5.0,6.266850655610408e-14,0.0004808540796972,18080.64422762002,0.8583394420019193,0.87723,0.175535830050034,1.0,2389.7486387086446,True,175446
ALP-photon-primary,0.5,8.5,5.0,3.6863827385943577e-14,0.0004808540796972,10635.673075070603,0.8583394420019193,0.87877,0.12602535393637604,1.0,1011.0140636484373,True,175754
ALP-photon-primary,0.5,14.45,5.0,2.1684604344672694e-14,0.0004808540796972,6256.278279453296,0.8583394420019193,0.879735,0.08453902790741454,1.0,399.37810103376427,True,175947
ALP-photon-primary,0.5,24.564999999999998,5.0,1.275564961451335e-14,0.0004808540796972,3680.1636937960566,0.8583394420019193,0.88029,0.05405795736497249,1.0,150.3182135495711,True,176058
ALP-photon-primary,0.5,41.76049999999999,5.0,7.503323302654912e-15,0.0004808540796972,2164.8021728212098,0.8583394420019193,0.88063,0.03348830952137581,1.0,54.797908891575865,True,176126
ALP-photon-primary,0.5,70.99284999999999,5.0,4.4137195897970075e-15,0.0004808540796972,1273.4130428360058,0.8583394420019193,0.880785,0.020324835279773884,1.0,19.56704788035457,True,176157
ALP-photon-primary,0.5,92.56335169443815,5.0,3.3851683959640823e-15,0.0004808540796972,976.6632201968133,0.8583394420019193,0.88087,0.015755799306541477,1.0,11.634726057408148,True,176174
ALP-photon-primary,0.5,98.91113538521371,5.0,3.1679196842720925e-15,0.0004808540796972,913.9842626011808,0.8583394420019193,0.88088,0.01477776339196008,1.0,10.21229250991077,True,176176
ALP-photon-primary,0.5,99.7346232576461,5.0,3.141762835670993e-15,0.0004808540796972,906.4376861840644,0.8583394420019193,0.88088,0.01465969305937344,1.0,10.047051996910168,True,176176
ALP-photon-primary,0.5,99.94156425026611,5.0,3.1352574389957687e-15,0.0004808540796972,904.5607982652663,0.8583394420019193,0.88088,0.0146303182055142,1.0,10.00615793806179,True,176176
ALP-photon-primary,0.5,99.96746204723934,5.0,3.1344452121076284e-15,0.0004808540796972,904.3264606975852,0.8583394420019193,0.88088,0.01462665035073127,1.0,10.001057802959767,True,176176
ALP-photon-primary,0.5,99.97069974368411,5.0,3.1343436985426983e-15,0.0004808540796972,904.2971727704803,0.8583394420019193,0.88088,0.014626191931371128,1.0,10.000420467393976,True,176176
ALP-photon-primary,0.5,99.97231863122911,5.0,3.134292942993114e-15,0.0004808540796972,904.2825291626294,0.8583394420019193,0.88088,0.01462596272689791,1.0,10.000101814718262,True,176176
ALP-photon-primary,0.5,99.97393754498978,5.0,3.134242188265432e-15,0.0004808540796972,904.2678857919075,0.8583394420019193,0.88088,0.014625733525895857,1.0,9.999783172113574,False,176176
ALP-photon-primary,0.5,99.98041346219743,5.0,3.1340391775734667e-15,0.0004808540796972,904.2093146802354,0.8583394420019193,0.88088,0.014624816756598323,1.0,9.998508702398855,False,176176
ALP-photon-primary,0.5,99.993366555093,5.0,3.133633195636824e-15,0.0004808540796972,904.0921838379245,0.8583394420019193,0.88088,0.014622983384604432,1.0,9.99596024628338,False,176176
ALP-photon-primary,0.5,100.04519571039803,5.0,3.1320097937291922e-15,0.0004808540796972,903.6238121797608,0.8583394420019193,0.88088,0.014615652117520285,1.0,9.985772863058132,False,176176
ALP-photon-primary,0.5,100.14893462811891,5.0,3.1287655125244134e-15,0.0004808540796972,902.6877966679591,0.8583394420019193,0.88088,0.014601000238440787,1.0,9.965428981107271,False,176176
ALP-photon-primary,0.5,100.5649671051252,5.0,3.1158219586843696e-15,0.0004808540796972,898.9534202660998,0.8583394420019193,0.88088,0.0145425345560042,1.0,9.884463741866297,False,176176
ALP-photon-primary,0.5,102.24645151901431,5.0,3.064581001348976e-15,0.0004808540796972,884.1697662367112,0.8583394420019193,0.88088,0.014310926931817756,1.0,9.567076435820574,False,176176
ALP-photon-primary,0.5,105.69423561376863,5.0,2.9646132635420826e-15,0.0004808540796972,855.3278294991844,0.8583394420019193,0.88088,0.013858368638725345,1.0,8.962321755537552,False,176176
ALP-photon-primary,0.5,120.68784499999998,5.0,2.596305641057063e-15,0.0004808540796972,749.0664957858858,0.8583394420019193,0.880895,0.012183029926084457,1.0,6.900155814685272,False,176179
ALP-photon-primary,0.5,205.16933649999996,5.0,1.5272386123865078e-15,0.0004808540796972,440.6273504622858,0.8583394420019193,0.88093,0.007247117298451894,1.0,2.4145556050352384,False,176186
ALP-photon-primary,0.5,348.7878720499999,5.0,8.983756543450047e-16,0.0004808540796972,259.19255909546223,0.8583394420019193,0.880975,0.004291523997906642,1.0,0.8411176162264131,False,176195
ALP-photon-primary,0.5,592.9393824849999,5.0,5.284562672617674e-16,0.0004808540796972,152.46621123262483,0.8583394420019193,0.881025,0.0025344770233773723,1.0,0.2922195504563402,False,176205
ALP-photon-primary,0.5,1000.0,5.0,3.1334253278052043e-16,0.0004808540796972,90.40322113810012,0.8583394420019193,0.881035,0.001506228297573701,1.0,0.10297384714653883,False,176207
ALP-SU2L,0.75,7.5,7.5,2.3240226133333367e-09,6.658504366169991e-07,928470.8830774688,0.31658646418117636,0.612925,0.06393897363389056,1.0,11519.499958316894,True,122585
ALP-SU2L,0.75,12.75,7.5,1.3670721254901982e-09,6.658504366169991e-07,546159.3429867465,0.31658646418117636,0.613415,0.03922613455950282,1.0,4160.462532871967,True,122683
ALP-SU2L,0.75,21.675,7.5,8.041600738177636e-10,6.658504366169991e-07,321270.2017569096,0.31658646418117636,0.61369,0.023718796370273996,1.0,1480.4866025255749,True,122738
ALP-SU2L,0.75,36.847500000000004,7.5,4.730353375398609e-10,6.658504366169991e-07,188982.47162171156,0.31658646418117636,0.613865,0.014209924078913519,1.0,521.8894252708526,True,122773
ALP-SU2L,0.75,62.640750000000004,7.5,2.7825608090580055e-10,6.658504366169991e-07,111166.15977747738,0.31658646418117636,0.61393,0.008461530261920059,1.0,182.82379246168932,True,122786
ALP-SU2L,0.75,106.489275,7.5,1.6368004759164737e-10,6.658504366169991e-07,65391.85869263375,0.31658646418117636,0.613975,0.005016265178383543,1.0,63.75983712082654,True,122795
ALP-SU2L,0.75,181.0317675,7.5,9.628238093626316e-11,6.658504366169991e-07,38465.799230961034,0.31658646418117636,0.614005,0.002965074764833739,1.0,22.170457714183033,True,122801
ALP-SU2L,0.75,236.03654682081734,7.5,7.384521522097935e-11,6.658504366169991e-07,29501.92127817922,0.31658646418117636,0.614005,0.002277912312442929,1.0,13.06325943599106,True,122801
ALP-SU2L,0.75,269.52030081511003,7.5,6.467108246497937e-11,6.658504366169991e-07,25836.761097480277,0.31658646418117636,0.61401,0.001996297727461566,1.0,10.026080068447026,True,122802
ALP-SU2L,0.75,269.79977194924925,7.5,6.460409315423265e-11,6.658504366169991e-07,25809.998180394654,0.31658646418117636,0.61401,0.001994239991295544,1.0,10.005370649558529,True,122802
ALP-SU2L,0.75,269.86968500063864,7.5,6.458735667164238e-11,6.658504366169991e-07,25803.311783850557,0.31658646418117636,0.61401,0.001993725887207943,1.0,10.00019997434543,True,122802
ALP-SU2L,0.75,269.87405516782707,7.5,6.458631078545396e-11,6.658504366169991e-07,25802.89394158543,0.31658646418117636,0.61401,0.0019936937600827883,1.0,9.999876895779702,False,122802
ALP-SU2L,0.75,269.8784254057843,7.5,6.458526491620194e-11,6.658504366169991e-07,25802.47610608657,0.31658646418117636,0.61401,0.001993661633472916,1.0,9.999553827639609,False,122802
ALP-SU2L,0.75,269.8871660940099,7.5,6.458317322850605e-11,6.658504366169991e-07,25801.640455387223,0.31658646418117636,0.61401,0.0019935973817989854,1.0,9.998907722635007,False,122802
ALP-SU2L,0.75,269.9046483197374,7.5,6.45789900563391e-11,6.658504366169991e-07,25799.969235178938,0.31658646418117636,0.61401,0.0019934688846341563,1.0,9.997615637718727,False,122802
ALP-SU2L,0.75,269.93961616855466,7.5,6.457062452484317e-11,6.658504366169991e-07,25796.627119499477,0.31658646418117636,0.61401,0.001993211915034786,1.0,9.99503196818264,False,122802
ALP-SU2L,0.75,270.079532872746,7.5,6.453717323412522e-11,6.658504366169991e-07,25783.26298558151,0.31658646418117636,0.61401,0.0019921843662976317,1.0,9.984703957507021,False,122802
ALP-SU2L,0.75,270.6399252900778,7.5,6.440354127839041e-11,6.658504366169991e-07,25729.87564793831,0.31658646418117636,0.61401,0.0019880794412219416,1.0,9.943498402080268,False,122802
ALP-SU2L,0.75,271.7642008394217,7.5,6.413710689694209e-11,6.658504366169991e-07,25623.43237840802,0.31658646418117636,0.61401,0.0019798948307817557,1.0,9.861596153194194,False,122802
ALP-SU2L,0.75,274.02678252631637,7.5,6.360754025320904e-11,6.658504366169991e-07,25411.865069839547,0.31658646418117636,0.61401,0.0019636260907862735,1.0,9.699807631980011,False,122802
ALP-SU2L,0.75,278.60861432192087,7.5,6.256148842497804e-11,6.658504366169991e-07,24993.956629908578,0.31658646418117636,0.61401,0.001931486739201785,1.0,9.384141104363101,False,122802
ALP-SU2L,0.75,288.003388760054,7.5,6.052071010359439e-11,6.658504366169991e-07,24178.64474810949,0.31658646418117636,0.61401,0.0018687706398888128,1.0,8.783260091355185,False,122802
ALP-SU2L,0.75,307.75400475,7.5,5.66366946683901e-11,6.658504366169991e-07,22626.940724094726,0.31658646418117636,0.61402,0.0017493709267191232,1.0,7.694538968845372,False,122804
ALP-SU2L,0.75,523.1818080749999,7.5,3.331570274611183e-11,6.658504366169991e-07,13309.965131820429,0.31658646418117636,0.614045,0.0010308835775542093,1.0,2.6673443173551847,False,122809
ALP-SU2L,0.75,889.4090737274998,7.5,1.9597472203595192e-11,6.658504366169991e-07,7829.391254012017,0.31658646418117636,0.614045,0.0006070543406846318,1.0,0.9239492282079873,False,122809
ALP-SU2L,0.75,1000.0,7.5,1.7430169600000025e-11,6.658504366169991e-07,6963.531623081017,0.31658646418117636,0.61405,0.000540009735057373,1.0,0.7310165670062811,False,122810
ALP-photon-primary,0.75,7.5,7.5,1.2354707228089e-14,0.0002301210832542,1705.8471663698012,0.9113945821858386,0.91177,0.14891264342596153,1.0,211.08794530360927,True,182354
ALP-photon-primary,0.75,12.75,7.5,7.267474840052352e-15,0.0002301210832542,1003.4395096292948,0.9113945821858386,0.91262,0.10119387985197546,1.0,84.4582092814561,True,182524
ALP-photon-primary,0.75,21.675,7.5,4.274985200030796e-15,0.0002301210832542,590.2585350760558,0.9113945821858386,0.913105,0.0651955182074816,1.0,32.02485564541435,True,182621
ALP-photon-primary,0.75,36.847500000000004,7.5,2.5146971764887033e-15,0.0002301210832542,347.21090298591514,0.9113945821858386,0.913385,0.04055886481501794,1.0,11.723018847489442,True,182677
ALP-photon-primary,0.75,39.3744175679591,7.5,2.3533123772748768e-15,0.0002301210832542,324.92807609640676,0.9113945821858386,0.91342,0.0381545999822067,1.0,10.32074630978413,True,182684
ALP-photon-primary,0.75,39.70223056115775,7.5,2.333881570405284e-15,0.0002301210832542,322.24521310120645,0.9113945821858386,0.91342,0.03786332987582731,1.0,10.157392600943073,True,182684
ALP-photon-primary,0.75,39.867159098684056,7.5,2.3242264135576705e-15,0.0002301210832542,320.91210000954925,0.9113945821858386,0.913415,0.037718134887515416,1.0,10.076527248893555,True,182683
ALP-photon-primary,0.75,39.949880115792716,7.5,2.3194138240739716e-15,0.0002301210832542,320.24761302640127,0.9113945821858386,0.913415,0.03764589102736576,1.0,10.036402362850692,True,182683
ALP-photon-primary,0.75,39.99130496679993,7.5,2.317011267514087e-15,0.0002301210832542,319.9158856755172,0.9113945821858386,0.913415,0.03760981667421056,1.0,10.016398723301808,True,182683
ALP-photon-primary,0.75,40.01203349737534,7.5,2.3158109226502e-15,0.0002301210832542,319.7501508793035,0.9113945821858386,0.913415,0.03759179138217427,1.0,10.006411571868249,True,182683
ALP-photon-primary,0.75,40.02240179136568,7.5,2.3152109834312284e-15,0.0002301210832542,319.6673156815296,0.9113945821858386,0.913415,0.03758278170608057,1.0,10.001421659177664,True,182683
ALP-photon-primary,0.75,40.02499428463759,7.5,2.3150610229126855e-15,0.0002301210832542,319.6466102353461,0.9113945821858386,0.913415,0.03758052959636573,1.0,10.000174562374102,True,182683
ALP-photon-primary,0.75,40.02564243419444,7.5,2.3150235343007656e-15,0.0002301210832542,319.6414340833553,0.9113945821858386,0.913415,0.03757996658826733,1.0,9.999862812003835,False,182683
ALP-photon-primary,0.75,40.02629059424718,7.5,2.3149860462959112e-15,0.0002301210832542,319.6362580151836,0.9113945821858386,0.913415,0.03757940358790087,1.0,9.999551071165241,False,182683
ALP-photon-primary,0.75,40.027586945840994,7.5,2.314911072107364e-15,0.0002301210832542,319.62590613029283,0.9113945821858386,0.913415,0.03757827761036349,1.0,9.998927618081973,False,182683
ALP-photon-primary,0.75,40.03277277208576,7.5,2.314611199633869e-15,0.0002301210832542,319.58450194322955,0.9113945821858386,0.913415,0.03757377400947528,1.0,9.996434186959654,False,182683
ALP-photon-primary,0.75,40.70213592506784,7.5,2.2765464785743443e-15,0.0002301210832542,314.32880503683754,0.9113945821858386,0.913415,0.03700133799560443,1.0,9.68224777028101,False,182683
ALP-photon-primary,0.75,42.07462538343188,7.5,2.2022847111826034e-15,0.0002301210832542,304.0752860229022,0.9113945821858386,0.913415,0.03588051503175839,1.0,9.08268754230693,False,182683
ALP-photon-primary,0.75,48.04326212514093,7.5,1.9286846919201722e-15,0.0002301210832542,266.2986063362778,0.9113945821858386,0.91345,0.03170409318485729,1.0,7.028707202050818,False,182690
ALP-photon-primary,0.75,62.640750000000004,7.5,1.479233633228649e-15,0.0002301210832542,204.24170763877362,0.9113945821858386,0.91353,0.0246787671597709,1.0,4.196595880426455,False,182706
ALP-photon-primary,0.75,106.489275,7.5,8.7013743131097e-16,0.0002301210832542,120.14218096398447,0.9113945821858386,0.913635,0.014814455835608519,1.0,1.482041572368597,False,182727
ALP-photon-primary,0.75,181.0317675,7.5,5.118455478299824e-16,0.0002301210832542,70.67187115528499,0.9113945821858386,0.91373,0.008820290921116131,1.0,0.5191033440331128,False,182746
ALP-photon-primary,0.75,307.75400475,7.5,3.010856163705779e-16,0.0002301210832542,41.571688914873526,0.9113945821858386,0.913795,0.005225781831621558,1.0,0.18092732548257362,False,182759
ALP-photon-primary,0.75,523.1818080749999,7.5,1.7710918610033995e-16,0.0002301210832542,24.45393465580796,0.9113945821858386,0.9138,0.0030869508558953786,1.0,0.06286892860205777,False,182760
ALP-photon-primary,0.75,889.4090737274998,7.5,1.0418187417667056e-16,0.0002301210832542,14.384667444592917,0.9113945821858386,0.913815,0.0018204215175805288,1.0,0.021809038112340282,False,182763
ALP-photon-primary,0.75,1000.0,7.5,9.26603042106675e-17,0.0002301210832542,12.793853747773507,0.9113945821858386,0.913815,0.0016197322606448623,1.0,0.017258750053425666,False,182763
ALP-SU2L,1.0,10.0,10.0,7.353352809999993e-10,6.62450645249e-07,292273.99882368254,0.3293470173652665,0.610435,0.06524433260522843,1.0,3833.770715864936,True,122087
ALP-SU2L,1.0,17.0,10.0,4.3255016529411723e-10,6.62450645249e-07,171925.88166098975,0.3293470173652665,0.6109,0.040262001710092615,1.0,1392.7093234179163,True,122180
ALP-SU2L,1.0,28.9,10.0,2.5444127370242193e-10,6.62450645249e-07,101132.8715652881,0.3293470173652665,0.61121,0.024449834344593895,1.0,497.7513488623265,True,122242
ALP-SU2L,1.0,49.129999999999995,10.0,1.4967133747201289e-10,6.62450645249e-07,59489.92445016946,0.3293470173652665,0.611335,0.014679897254884583,1.0,175.83261243866133,True,122267
ALP-SU2L,1.0,83.52099999999999,10.0,8.804196321883112e-11,6.62450645249e-07,34994.073205982044,0.3293470173652665,0.61145,0.008752253740501963,1.0,61.677829214439505,True,122290
ALP-SU2L,1.0,141.98569999999998,10.0,5.1789390128724186e-11,6.62450645249e-07,20584.74894469532,0.3293470173652665,0.6115,0.005189379699972842,1.0,21.51350735473385,True,122300
ALP-SU2L,1.0,185.1267033888763,10.0,3.972064902248906e-11,6.62450645249e-07,15787.781744794165,0.3293470173652665,0.61152,0.003991135275122299,1.0,12.69059434250233,True,122304
ALP-SU2L,1.0,197.82227077042742,10.0,3.717151148534511e-11,6.62450645249e-07,14774.575061008489,0.3293470173652665,0.61152,0.0037372016113026408,1.0,11.120541273360153,True,122304
ALP-SU2L,1.0,204.49290303802863,10.0,3.595896337112747e-11,6.62450645249e-07,14292.623092613128,0.3293470173652665,0.611515,0.003616293760107154,1.0,10.409658741949702,True,122303
ALP-SU2L,1.0,207.9121019808368,10.0,3.536760361682914e-11,6.62450645249e-07,14057.5751021276,0.3293470173652665,0.611515,0.0035573108150384262,1.0,10.07147488912476,True,122303
ALP-SU2L,1.0,208.34350218425942,10.0,3.529437075266534e-11,6.62450645249e-07,14028.467207256352,0.3293470173652665,0.611515,0.0035500053726421153,1.0,10.029980317345185,True,122303
ALP-SU2L,1.0,208.55953783971793,10.0,3.5257811204257595e-11,6.62450645249e-07,14013.935869396719,0.3293470173652665,0.611515,0.0035463582346095092,1.0,10.009297058368878,True,122303
ALP-SU2L,1.0,208.613581746358,10.0,3.52486772358884e-11,6.62450645249e-07,14010.305387452805,0.3293470173652665,0.611515,0.003545447031048935,1.0,10.004132898264734,True,122303
ALP-SU2L,1.0,208.64060895108804,10.0,3.524411113909206e-11,6.62450645249e-07,14008.490499191403,0.3293470173652665,0.611515,0.003544991516370698,1.0,10.001551815469124,True,122303
ALP-SU2L,1.0,208.654123866504,10.0,3.524182831250743e-11,6.62450645249e-07,14007.583143225014,0.3293470173652665,0.611515,0.0035447637808039057,1.0,10.000261523310758,True,122303
ALP-SU2L,1.0,208.6575027321437,10.0,3.524125762896523e-11,6.62450645249e-07,14007.356313416556,0.3293470173652665,0.611515,0.0035447068491800044,1.0,9.999938976229998,False,122303
ALP-SU2L,1.0,208.6608816524995,10.0,3.5240686954664307e-11,6.62450645249e-07,14007.129487281232,0.3293470173652665,0.611515,0.003544649918463192,1.0,9.999616439532101,False,122303
ALP-SU2L,1.0,208.66763965736286,10.0,3.5239545633785716e-11,6.62450645249e-07,14006.675846029757,0.3293470173652665,0.611515,0.0035445360597507816,1.0,9.998971397283569,False,122303
ALP-SU2L,1.0,208.7757975069836,10.0,3.5221289525928035e-11,6.62450645249e-07,13999.419583771723,0.3293470173652665,0.611515,0.003542714813708639,1.0,9.988656367229805,False,122303
ALP-SU2L,1.0,209.6430809433808,10.0,3.507558072944914e-11,6.62450645249e-07,13941.504652024183,0.3293470173652665,0.611515,0.0035281782268881392,1.0,9.906517536618386,False,122303
ALP-SU2L,1.0,211.38847122753725,10.0,3.478596901382048e-11,6.62450645249e-07,13826.392571290258,0.3293470173652665,0.61152,0.0034992747213714844,1.0,9.744315188584647,False,122304
ALP-SU2L,1.0,241.37568999999996,10.0,3.046434713454364e-11,6.62450645249e-07,12108.675849820775,0.3293470173652665,0.61153,0.003068241490794849,1.0,7.4826889733850015,False,122306
ALP-SU2L,1.0,410.3386729999999,10.0,1.7920204196790377e-11,6.62450645249e-07,7122.750499894574,0.3293470173652665,0.61153,0.0018104431781118292,1.0,2.597192455149524,False,122306
ALP-SU2L,1.0,697.5757440999998,10.0,1.0541296586347281e-11,6.62450645249e-07,4189.853235232103,0.3293470173652665,0.611545,0.001066857584182148,1.0,0.9003003394130595,False,122309
ALP-SU2L,1.0,1000.0,10.0,7.353352809999992e-12,6.62450645249e-07,2922.7399882368254,0.3293470173652665,0.61154,0.0007447816141183768,1.0,0.4384274445517025,False,122308
ALP-photon-primary,1.0,10.0,10.0,3.903062029501606e-15,0.0001224881229407,286.84724502886246,0.9414535705065872,0.937875,0.12522103444767518,0.9999999999999997,31.715520017182524,True,187575
ALP-photon-primary,1.0,17.0,10.0,2.2959188408832977e-15,0.0001224881229407,168.7336735463897,0.9414535705065872,0.93849,0.08214262139249034,0.9999999999999997,12.246130305649059,True,187698
ALP-photon-primary,1.0,18.165821253960367,10.0,2.1485744987448293e-15,0.0001224881229407,157.90491440970573,0.9414535705065872,0.93854,0.07766631716290216,0.9999999999999997,10.8362758536451,True,187708
ALP-photon-primary,1.0,18.77837874282253,10.0,2.0784872235008224e-15,0.0001224881229407,152.75399913770576,0.9414535705065872,0.938555,0.07550410573324755,0.9999999999999997,10.191117096900898,True,187711
ALP-photon-primary,1.0,18.93471874537565,10.0,2.061325590302119e-15,0.0001224881229407,151.49274139544218,0.9414535705065872,0.93856,0.07497118169609628,0.9999999999999997,10.03568749083851,True,187712
ALP-photon-primary,1.0,18.954352544040812,10.0,2.0591903735212082e-15,0.0001224881229407,151.335818178103,0.9414535705065872,0.93856,0.07490473779171988,0.9999999999999997,10.016407051675564,True,187712
ALP-photon-primary,1.0,18.96417707656288,10.0,2.058123594682764e-15,0.0001224881229407,151.2574175355947,0.9414535705065872,0.93856,0.07487153391808121,0.9999999999999997,10.006780191480635,True,187712
ALP-photon-primary,1.0,18.96909125227523,10.0,2.0575904125261968e-15,0.0001224881229407,151.21823244666865,0.9414535705065872,0.93856,0.07485493650011245,0.9999999999999997,10.001970097853958,True,187712
ALP-photon-primary,1.0,18.970319995160335,10.0,2.0574571385708552e-15,0.0001224881229407,151.20843776069265,0.9414535705065872,0.93856,0.07485078761629577,0.9999999999999997,10.000767921833177,True,187712
ALP-photon-primary,1.0,18.970934396449984,10.0,2.05739050483037e-15,0.0001224881229407,151.20354065561472,0.9414535705065872,0.93856,0.07484871324498632,0.9999999999999997,10.000166885920319,True,187712
ALP-photon-primary,1.0,18.971241604556862,10.0,2.0573571887693932e-15,0.0001224881229407,151.20109216255102,0.9414535705065872,0.93856,0.07484767607698112,0.9999999999999997,9.999866380987445,False,187712
ALP-photon-primary,1.0,18.971548817638553,10.0,2.0573238732479156e-15,0.0001224881229407,151.1986437091367,0.9414535705065872,0.93856,0.07484663892074225,0.9999999999999997,9.999565884736645,False,187712
ALP-photon-primary,1.0,18.97400670139496,10.0,2.0570573684970054e-15,0.0001224881229407,151.1790575091204,0.9414535705065872,0.93856,0.07483834209441063,0.9999999999999997,9.997162227256101,False,187712
ALP-photon-primary,1.0,19.013376176633482,10.0,2.0527979845569356e-15,0.0001224881229407,150.86602314289865,0.9414535705065872,0.93856,0.07470569526333656,0.9999999999999997,9.958779175990736,False,187712
ALP-photon-primary,1.0,19.092360361701353,10.0,2.0443056571103803e-15,0.0001224881229407,150.24189759390285,0.9414535705065872,0.93856,0.07444097944955137,0.9999999999999997,9.882437742480205,False,187712
ALP-photon-primary,1.0,19.411591872402248,10.0,2.0106862204591516e-15,0.0001224881229407,147.77110858006318,0.9414535705065872,0.93858,0.07339156875158014,0.9999999999999997,9.58309745787944,False,187716
ALP-photon-primary,1.0,22.165288177689003,10.0,1.7608893681925264e-15,0.0001224881229407,129.41282004968264,0.9414535705065872,0.9387,0.06542660896461758,0.9999999999999997,7.482684557786021,False,187740
ALP-photon-primary,1.0,28.9,10.0,1.350540494637234e-15,0.0001224881229407,99.25510208611158,0.9414535705065872,0.93884,0.051685441307625396,0.9999999999999997,4.534313678253402,False,187768
ALP-photon-primary,1.0,49.129999999999995,10.0,7.94435585080726e-16,0.0001224881229407,58.385354168300935,0.9414535705065872,0.93901,0.031671974332151805,0.9999999999999997,1.6347380824525133,False,187802
ALP-photon-primary,1.0,83.52099999999999,10.0,4.6731505004748585e-16,0.0001224881229407,34.34432598135349,0.9414535705065872,0.93909,0.019092356259282944,0.9999999999999997,0.5797231589452055,False,187818
ALP-photon-primary,1.0,141.98569999999998,10.0,2.748912059102858e-16,0.0001224881229407,20.202544694913822,0.9414535705065872,0.93914,0.011395947144722,0.9999999999999997,0.2035568622945941,False,187828
ALP-photon-primary,1.0,241.37568999999996,10.0,1.6170070935899166e-16,0.0001224881229407,11.883849820537542,0.9414535705065872,0.93918,0.006761882269314466,0.9999999999999997,0.07105137753266792,False,187836
ALP-photon-primary,1.0,410.3386729999999,10.0,9.511806432881862e-17,0.0001224881229407,6.990499894433849,0.9414535705065872,0.93919,0.003997916280865382,0.9999999999999997,0.024711226168759648,False,187838
ALP-photon-primary,1.0,697.5757440999998,10.0,5.59518025463639e-17,0.0001224881229407,4.112058761431676,0.9414535705065872,0.939195,0.002358824181945087,0.9999999999999997,0.008576489538543825,False,187839
ALP-photon-primary,1.0,1000.0,10.0,3.9030620295016065e-17,0.0001224881229407,2.8684724502886247,0.9414535705065872,0.939205,0.00164762510377117,0.9999999999999997,0.0041789616563040624,False,187841
